Metrics/EpRet,Metrics/EpCost,Metrics/EpLen,Train/Epoch,Train/TotalSteps,Train/StopIter,Train/KL,Train/LagragianMultiplier,Train/LR,Loss/Loss_reward_critic,Loss/Loss_cost_critic,Loss/Loss_actor,Time/Rollout,Time/Update,Time/Total,Value/RewardAdv,Value/CostAdv
-0.4099506413955124,188.63333273580565,1000.0,1,20000,40,0.01508836168795824,0.0,0.00029939999999999996,0.0044650545722385426,4.1669414913668605,-0.0182804804174051,15.948454856872559,76.21224451065063,92.16070079803467,-1.5258788677030566e-09,-9.460448779918806e-08
-0.036260237066541356,151.25498443913054,1000.0,2,40000,36,0.020585428923368454,0.02099607139825821,0.00029879999999999994,0.004999520796832831,2.8133626382931523,-0.016743817667140934,15.830149173736572,68.50035619735718,84.33050727844238,3.814697002724188e-09,-1.708984314063855e-07
0.6109060891938081,140.53036263918273,1000.0,3,60000,39,0.020085342228412628,0.048010699450969696,0.00029819999999999993,0.007730540319186361,2.2359088997470957,-0.01694610229838083,15.79084038734436,73.98903727531433,89.7798798084259,1.5258788677030566e-09,4.882812376649781e-08
1.6495202131921052,138.78000000000003,1000.0,4,80000,32,0.02007962204515934,0.07767800241708755,0.0002975999999999999,0.009273438588986672,2.8229657987150523,-0.021248646519654923,15.863531827926636,60.85215187072754,76.71568632125854,1.0681151962899094e-08,1.0681151962899094e-07
2.9782398723939525,137.644,1000.0,5,100000,22,0.020476536825299263,0.10883127152919769,0.0002969999999999999,0.010225761054883566,2.7388563765331373,-0.02028586676041589,15.728724956512451,41.78442049026489,57.513148069381714,-1.525878801089675e-08,1.3885497196497454e-07
4.249842934272808,139.74899999999997,1000.0,6,120000,27,0.02008756622672081,0.1409740000963211,0.0002963999999999999,0.008314421059350624,2.7349502459572217,-0.024368983093532776,15.843775749206543,51.3866331577301,67.23041081428528,3.128051773160223e-08,-4.577636758540393e-08
5.175341278254882,137.05400000000003,1000.0,7,140000,24,0.020353270694613457,0.17375433444976807,0.00029579999999999987,0.010375537709466899,2.8976592425419625,-0.026757761139605648,15.856972932815552,45.64770483970642,61.504679918289185,-3.814697002724188e-09,7.324218387338988e-08
6.403584378466573,153.808,1000.0,8,160000,19,0.02234514057636261,0.20723594725131989,0.0002951999999999999,0.010968499385745676,3.6687952934623227,-0.02806417781334074,15.805893182754517,36.338881731033325,52.144776821136475,0.0,3.9672851670502496e-08
7.6725246015330715,154.53999999999996,1000.0,9,180000,19,0.021880261600017548,0.24124528467655182,0.0002945999999999999,0.010151507782608732,3.852293574832078,-0.031317577993004574,15.841531753540039,36.42165660858154,52.26319074630737,3.890990996069377e-08,4.730224389959403e-08
8.806960609672412,159.771,1000.0,10,200000,18,0.02050570584833622,0.27571964263916016,0.0002939999999999999,0.012879393686846898,4.060073902802049,-0.03331011535357162,15.87581491470337,34.49718141555786,50.37299847602844,-8.964538444899972e-09,6.713867151120212e-08
9.687431422384941,153.40699999999998,1000.0,11,220000,15,0.02175092324614525,0.3104713559150696,0.00029339999999999987,0.013498258571655224,4.014745041280509,-0.031211836478961544,15.852215766906738,28.171967267990112,44.02418541908264,-2.2888182460434336e-09,-1.831054596834747e-08
10.022675875980653,164.16000000000003,1000.0,12,240000,16,0.021236425265669823,0.34558337926864624,0.0002927999999999999,0.014447954155098551,4.791763266554465,-0.04079605413626094,15.857746601104736,30.3656907081604,46.22343945503235,4.425048771850015e-08,7.629394360719743e-08
10.060944393916559,174.917,1000.0,13,260000,16,0.021990807726979256,0.3811070919036865,0.0002921999999999999,0.016071596163356253,4.30845786250247,-0.03844722691244972,15.837175130844116,30.505924463272095,46.343101501464844,1.0681151962899094e-08,7.019043124500968e-08
10.396811050073705,199.584,1000.0,14,280000,14,0.02047831192612648,0.41719213128089905,0.0002915999999999999,0.018442013449516338,5.4806647260457835,-0.042137530171118986,15.896738290786743,26.504603385925293,42.40134382247925,1.3732909920349812e-08,-3.9672851670502496e-08
11.10862353271482,197.65400000000002,1000.0,15,300000,16,0.020068977028131485,0.45371323823928833,0.00029099999999999986,0.016805351898148538,4.974541486904454,-0.04641600857550552,15.824702739715576,30.642667531967163,46.46737194061279,-5.7220459481754915e-09,3.051757735406113e-09
11.008344558222511,201.42900000000003,1000.0,16,320000,12,0.020145736634731293,0.4906218349933624,0.00029039999999999985,0.018780952593990076,6.316482812864458,-0.04598751065348046,15.906228065490723,23.006650686264038,38.912880659103394,3.890990996069377e-08,7.324218387338988e-08
10.950238925003912,178.353,1000.0,17,340000,17,0.022458309307694435,0.5275847911834717,0.00028979999999999983,0.019464378640737565,4.639763710463412,-0.047982515003045595,15.89617919921875,32.594351053237915,48.49053239822388,2.1362303925798187e-08,-4.2724607851596375e-08
11.639939982499763,166.997,1000.0,18,360000,12,0.020262837409973145,0.5644313097000122,0.0002891999999999998,0.021531064262667213,5.726284432842836,-0.04706073151276515,15.87383508682251,23.01107692718506,38.88491344451904,6.103515470812226e-09,1.2207030941624453e-08
12.285962035575727,167.79199999999997,1000.0,19,380000,11,0.02030392363667488,0.601186215877533,0.0002885999999999998,0.023786647648329034,5.56332773861759,-0.04040670272578533,15.846014738082886,21.07910394668579,36.92512035369873,1.754760781125242e-08,-1.1444091896350983e-08
12.052100073105573,175.997,1000.0,20,400000,14,0.021715475246310234,0.6379782557487488,0.00028799999999999984,0.02258067547663747,4.8071307979289495,-0.051753362108554156,15.848597049713135,26.788800477981567,42.63739991188049,4.577636492086867e-09,3.662109193669494e-08
11.817091757630548,161.756,1000.0,21,420000,13,0.020342878997325897,0.6745806932449341,0.00028739999999999983,0.021321082620911938,4.180554417023995,-0.04526140065884328,15.87961220741272,24.83067488670349,40.71028923988342,-4.577636492086867e-09,-1.22070304087174e-07
10.832279874957615,158.419,1000.0,22,440000,11,0.02061983197927475,0.710962176322937,0.0002867999999999998,0.022098862314761776,5.545775415452109,-0.050005490574341956,15.911739826202393,20.934945106506348,36.84668731689453,6.103515470812226e-09,3.433227391269611e-08
10.726362342029027,165.251,1000.0,23,460000,11,0.02012733928859234,0.7472625374794006,0.0002861999999999998,0.023564266987121142,6.683134224433522,-0.06030342376739817,15.923816442489624,21.01450800895691,36.938326358795166,-6.103515470812226e-09,1.708984314063855e-07
11.097700037433372,193.85799999999998,1000.0,24,480000,10,0.020611843094229698,0.7839221954345703,0.0002855999999999998,0.024187362685906717,5.697614866171401,-0.046915341594729564,15.877317190170288,19.068951845169067,34.94627118110657,-9.918212917625624e-09,-6.103515470812226e-09
10.631584877525158,188.66,1000.0,25,500000,10,0.0205609779804945,0.820807695388794,0.00028499999999999977,0.02475668229579259,5.177801909576209,-0.04516107006766164,15.797790765762329,19.16323232650757,34.96102476119995,-1.5258788677030566e-09,1.525878801089675e-08
10.680734793095509,168.65299999999996,1000.0,26,520000,10,0.02227487973868847,0.8575713634490967,0.00028439999999999976,0.025379136900384777,4.900681901473207,-0.05263256603560318,15.838026285171509,18.898245096206665,34.73627305030823,-4.577636492086867e-09,-3.509521562250484e-08
10.929298015974455,162.22099999999998,1000.0,27,540000,10,0.020499486476182938,0.894117534160614,0.00028379999999999974,0.025088030530419497,5.269586122074066,-0.04973818203940178,15.896193981170654,19.145410776138306,35.04160666465759,1.1444091896350983e-08,-3.814697180359872e-08
11.61481540798236,154.78699999999998,1000.0,28,560000,8,0.0201440267264843,0.9303408861160278,0.00028319999999999973,0.025194041645927978,5.837671411875338,-0.05058409589842652,15.892777442932129,15.36891222000122,31.261691570281982,3.051757735406113e-09,-2.7465819840699623e-08
11.389938763346475,150.908,1000.0,29,580000,10,0.020426658913493156,0.9662089943885803,0.0002825999999999997,0.026141292236138362,5.256612824555784,-0.054261068208291886,15.800626039505005,19.20728588104248,35.00791358947754,-3.051757735406113e-09,7.629394338515283e-10
10.791700452273474,142.168,1000.0,30,600000,9,0.02067204751074314,1.0015989542007446,0.0002819999999999997,0.025601460990840805,5.035418343450907,-0.04852123288083974,15.817314386367798,17.248393535614014,33.06571006774902,-9.918212917625624e-09,-7.019043124500968e-08
10.365291533712027,145.441,1000.0,31,620000,11,0.020771972835063934,1.0366301536560059,0.00028139999999999974,0.023272376143701663,4.398342450240515,-0.05774401754250135,15.863678932189941,20.98596739768982,36.84964871406555,3.814697002724188e-09,-2.4414061883248905e-08
10.778736306376038,144.513,1000.0,32,640000,8,0.020216429606080055,1.0713270902633667,0.0002807999999999997,0.024441647583978793,5.529650015572009,-0.05367618518845794,15.843426942825317,15.243588209152222,31.08701753616333,0.0,-6.256103546320446e-08
10.706271144179887,154.55600000000004,1000.0,33,660000,8,0.020405413582921028,1.1059246063232422,0.0002801999999999997,0.024952471711131307,5.667783875815784,-0.05081626885427763,15.917579412460327,14.937075853347778,30.854657411575317,1.5258788677030566e-09,8.087157965519509e-08
10.21112652157375,153.81099999999998,1000.0,34,680000,9,0.02191099524497986,1.1404212713241577,0.0002795999999999997,0.02432926482943184,6.320757235497247,-0.055200607223283495,15.851421117782593,17.226605653762817,33.07802891731262,-1.5258788677030566e-09,-9.155272984173735e-09
9.607312714351952,146.189,1000.0,35,700000,8,0.02063572406768799,1.174680233001709,0.0002789999999999997,0.025323921781830704,5.879926424913894,-0.04707590291594949,15.870355129241943,15.342585325241089,31.212942600250244,-4.577636492086867e-09,4.577636758540393e-08
10.043716084828239,138.90699999999998,1000.0,36,720000,10,0.021210141479969025,1.2085825204849243,0.00027839999999999967,0.023519236536714404,5.1614696199139845,-0.055167308037344834,15.863728523254395,18.81428861618042,34.67801904678345,-4.1961669694501325e-09,2.7465819840699623e-08
10.755915291019647,133.41000000000003,1000.0,37,740000,7,0.02088194154202938,1.2420557737350464,0.00027779999999999965,0.028039065624928566,6.512271551224044,-0.05084028439396514,15.825896263122559,13.394009828567505,29.219908237457275,-1.3732909920349812e-08,1.2207030941624453e-08
10.906785089200934,153.69099999999997,1000.0,38,760000,8,0.02107829973101616,1.2755699157714844,0.00027719999999999964,0.024725340896274168,6.600641707928417,-0.05507755146463054,15.930791139602661,15.353334426879883,31.284127950668335,-4.577636492086867e-09,2.4414061883248905e-08
11.156609507224374,161.803,1000.0,39,780000,8,0.020309224724769592,1.3092855215072632,0.0002765999999999996,0.025209584454157816,6.353671525851987,-0.051605587879481454,15.846962928771973,15.349858283996582,31.196823835372925,6.103515470812226e-09,-1.831054596834747e-08
10.898478425020418,162.59199999999998,1000.0,40,800000,9,0.020179595798254013,1.3431962728500366,0.0002759999999999996,0.024776841217918434,5.987179197527053,-0.059822183855494204,15.85997986793518,17.053246021270752,32.913227558135986,-1.2207030941624453e-08,-3.05175760217935e-08
10.629515273187664,147.036,1000.0,41,820000,10,0.021652495488524437,1.3769644498825073,0.0002753999999999996,0.024439396727354096,5.115861393011416,-0.061100184337233014,15.932826042175293,19.113343000411987,35.04617118835449,-3.051757735406113e-09,6.1035152043587e-08
9.79621142002916,147.73,1000.0,42,840000,8,0.020555971190333366,1.4106228351593018,0.0002747999999999996,0.02843390406405452,6.163040729424062,-0.05813906343130115,15.851166486740112,15.325827598571777,31.17699694633484,7.629394005448376e-09,1.3732909920349812e-08
10.0710957828522,153.37300000000002,1000.0,43,860000,9,0.021298889070749283,1.4443038702011108,0.0002741999999999996,0.027998239952471818,6.075478921048304,-0.06143624733248775,15.882172584533691,17.066941022872925,32.94911599159241,9.155272984173735e-09,-1.0681151962899094e-08
10.72355219694144,154.807,1000.0,44,880000,9,0.021682018414139748,1.4780369997024536,0.0002735999999999996,0.028054204306912033,5.295519683603958,-0.059024195948845115,15.921366691589355,17.17086625099182,33.09223461151123,-2.2888182460434336e-09,-1.2207030941624453e-08
11.128489865863516,163.949,1000.0,45,900000,7,0.020055904984474182,1.5120067596435547,0.00027299999999999964,0.027376946651843082,6.539802691208505,-0.05807505744466467,15.87287187576294,13.32935905456543,29.20223331451416,1.4495848965623281e-08,-8.392333938900265e-09
10.868086815597628,156.475,1000.0,46,920000,9,0.02122896909713745,1.5460327863693237,0.00027239999999999963,0.025730168751388376,5.2092346707937525,-0.06635476590356042,15.883331060409546,17.290899515151978,33.174232959747314,-7.629394005448376e-09,-2.4414061883248905e-08
10.52134899171099,152.555,1000.0,47,940000,6,0.02056002989411354,1.58002769947052,0.0002717999999999996,0.028179016270247288,7.1619843506711485,-0.04359744011927336,15.866470336914062,11.549623012542725,27.416095972061157,-1.0681151962899094e-08,3.890990996069377e-08
10.299500633302923,148.897,1000.0,48,960000,9,0.02293909154832363,1.6139189004898071,0.0002711999999999996,0.027420420193020486,6.126281060307509,-0.0649136234356509,15.874093294143677,16.987664222717285,32.86175990104675,1.5258788677030566e-09,-5.493163968139925e-08
9.58693114214621,159.96500000000006,1000.0,49,980000,6,0.020916152745485306,1.6479547023773193,0.00027059999999999964,0.02821076488027129,7.393470299510529,-0.04794028395423874,15.923352479934692,11.38703441619873,27.310389518737793,-7.629394005448376e-09,4.2724607851596375e-08
8.394223885149168,155.728,1000.0,50,1000000,9,0.022299407050013542,1.682030439376831,0.0002699999999999996,0.026284399816953505,5.29453534977547,-0.057002467979744134,15.819098949432373,17.051963329315186,32.87106490135193,-3.356933575560106e-08,-8.85009754370003e-08
8.12472566780276,127.357,1000.0,51,1020000,5,0.02059611678123474,1.7155200242996216,0.0002693999999999996,0.029425567312362476,6.912468264278131,-0.036502026155971874,15.841688632965088,9.588762760162354,25.430453538894653,-1.907348590179936e-08,4.882812376649781e-08
8.47951280808943,120.66999999999999,1000.0,52,1040000,10,0.022076955065131187,1.7483344078063965,0.0002687999999999996,0.029164364392134233,6.239068276470842,-0.07099917262625961,15.938807249069214,19.13869309425354,35.077502489089966,6.103515470812226e-09,4.882812376649781e-08
9.499841323255263,143.52700000000002,1000.0,53,1060000,8,0.02150813117623329,1.7810673713684082,0.0002681999999999996,0.029641385662544983,6.064398129622395,-0.06351592201150406,15.861682176589966,15.34335470199585,31.205039024353027,7.820129432900558e-09,1.525878801089675e-08
9.377066763320347,168.154,1000.0,54,1080000,11,0.022928854450583458,1.8142706155776978,0.00026759999999999957,0.023581640817865516,4.594460328408462,-0.06831983769447209,15.861740350723267,21.04055142402649,36.90229368209839,-1.9836425835251248e-08,-7.324218387338988e-08
8.687010158665203,152.679,1000.0,55,1100000,7,0.0205227080732584,1.8475558757781982,0.00026699999999999955,0.024988410396765814,4.970715049519924,-0.056529907488431196,15.833067417144775,13.38191032409668,29.214979648590088,-3.051757735406113e-09,-2.7465819840699623e-08
8.001990273930563,130.536,1000.0,56,1120000,8,0.020429009571671486,1.8804171085357666,0.00026639999999999954,0.025644197132432472,5.304537502007363,-0.05584614042537852,15.780307531356812,15.31137728691101,31.091687440872192,-4.959106458812812e-09,0.0
8.841057951265736,130.131,1000.0,57,1140000,8,0.021871784701943398,1.9128925800323486,0.0002657999999999995,0.027017072441960915,5.49129725073854,-0.06372810657487248,15.846100091934204,15.342490434646606,31.188592433929443,6.103515470812226e-09,1.2207030941624453e-08
9.163166372339079,132.367,1000.0,58,1160000,7,0.020650578662753105,1.9450782537460327,0.0002651999999999995,0.02842995290746908,6.059768654939956,-0.055838516946934716,15.944785594940186,13.458295345306396,29.403082370758057,-4.577636492086867e-09,-6.561278809158466e-08
8.788470251328524,124.186,1000.0,59,1180000,8,0.021289734169840813,1.9768158197402954,0.0002645999999999995,0.02561407550810851,4.965320952641316,-0.05657781918232624,15.903203248977661,15.388761281967163,31.2919659614563,0.0,-3.9672851670502496e-08
8.126012648116225,121.73400000000001,1000.0,60,1200000,9,0.022037966176867485,2.0080971717834473,0.0002639999999999995,0.02541977174171466,5.016530219400695,-0.06831309824578932,15.881584167480469,17.30107569694519,33.18266224861145,-9.155272984173735e-09,1.525878801089675e-08
8.066286723529211,113.15299999999999,1000.0,61,1220000,8,0.02264099381864071,2.0387656688690186,0.00026339999999999946,0.027616805061117744,4.696117778174793,-0.05685918786809943,15.828164339065552,15.35690426826477,31.185070991516113,-1.3732909920349812e-08,-8.85009754370003e-08
7.72889813592691,114.47200000000001,1000.0,62,1240000,8,0.020122261717915535,2.068920135498047,0.00026279999999999945,0.02474515097507368,4.516209204309284,-0.062196384636334145,15.827948093414307,15.337627649307251,31.16557765007019,3.051757735406113e-09,3.662109193669494e-08
7.341887135008572,132.621,1000.0,63,1260000,8,0.022618789225816727,2.099060535430908,0.00026219999999999943,0.026139704270672182,5.6776285179602075,-0.07316732360198856,15.934177160263062,15.171464681625366,31.105644464492798,1.0681151962899094e-08,5.035400363340159e-08
7.302546294406078,141.484,1000.0,64,1280000,9,0.02272298000752926,2.129406690597534,0.0002615999999999994,0.025259916188924668,3.4175227421329595,-0.05687499600887447,15.844762325286865,16.61082649230957,32.45559120178223,1.907348590179936e-08,-6.103515470812226e-09
7.442898343730304,116.795,1000.0,65,1300000,7,0.02035670168697834,2.1593401432037354,0.0002609999999999994,0.02570069436152223,4.070362727699733,-0.05697593846732843,15.776838541030884,13.413264513015747,29.190105199813843,-5.340575981449547e-09,-9.765624753299562e-08
7.182839955456134,93.85,1000.0,66,1320000,6,0.020560361444950104,2.1883277893066406,0.0002603999999999994,0.02467846672107189,4.986069414943171,-0.04754683661797303,15.846808671951294,11.483622550964355,27.33043360710144,-1.1444091230217168e-09,2.4414061883248905e-08
6.940914014527337,104.29,1000.0,67,1340000,7,0.020327648147940636,2.21673583984375,0.0002597999999999994,0.0237540200625562,4.692626291189712,-0.05469881983950822,15.873634338378906,13.375275611877441,29.24891185760498,-2.2888183792701966e-08,1.2207030941624453e-08
6.733725020799257,104.853,1000.0,68,1360000,7,0.02152051404118538,2.2446420192718506,0.00025919999999999936,0.024832203846538736,4.296641559646534,-0.05255073243824383,15.814748287200928,13.042394161224365,28.857144355773926,-3.051757735406113e-09,-5.493163968139925e-08
7.336384846850247,102.63699999999999,1000.0,69,1380000,6,0.02154005691409111,2.2720446586608887,0.0002585999999999994,0.025580765990415415,5.93678858009771,-0.052532803072843054,15.873473167419434,11.512383222579956,27.38585901260376,-8.392333938900265e-09,-2.4414061883248905e-08
7.155290587472069,110.74600000000001,1000.0,70,1400000,8,0.022087758406996727,2.299210548400879,0.0002579999999999994,0.025210835211821044,4.876273578919542,-0.06159062691764852,15.842809677124023,15.275562047958374,31.11837387084961,-2.2888182460434336e-09,0.0
6.79626775313289,122.173,1000.0,71,1420000,8,0.022181877866387367,2.326465129852295,0.00025739999999999937,0.02440557905737632,4.9697361587525934,-0.06365734410543626,15.856242179870605,15.37668514251709,31.232929468154907,2.2888183792701966e-08,-5.493163968139925e-08
6.810193150752856,113.51399999999998,1000.0,72,1440000,8,0.020336907356977463,2.3535819053649902,0.00025679999999999936,0.026917738239310634,4.782358936560802,-0.057916609784617976,15.84989333152771,15.312390089035034,31.162285804748535,-6.866454960174906e-09,-1.831054596834747e-08
6.757820712869953,108.13400000000001,1000.0,73,1460000,5,0.020006412640213966,2.3804399967193604,0.00025619999999999934,0.026413741828010866,6.091717569134867,-0.045248490136366684,15.846859455108643,9.486910820007324,25.333772659301758,-1.5258788677030566e-09,4.2724607851596375e-08
7.282225275202646,113.525,1000.0,74,1480000,7,0.020485851913690567,2.4072136878967285,0.00025559999999999933,0.025129023208255257,5.868937838191803,-0.056685066321165066,15.839895725250244,13.445177555084229,29.285076379776,7.629394338515283e-10,-4.2724607851596375e-08
6.620475892187005,108.814,1000.0,75,1500000,8,0.0213618241250515,2.433793306350708,0.0002549999999999993,0.022189057096630667,4.678387494132923,-0.0649945839135625,15.873910427093506,15.344611644744873,31.21852397918701,-2.2888182460434336e-09,3.662109193669494e-08
5.844798803421404,112.275,1000.0,76,1520000,8,0.022328943014144897,2.460296869277954,0.0002543999999999993,0.022331185640020373,5.057754049000268,-0.0646650111243224,15.835355520248413,15.328913688659668,31.164270877838135,6.6757199768119335e-09,-6.1035152043587e-08
4.968931536355446,110.43300000000002,1000.0,77,1540000,10,0.022182360291481018,2.4866890907287598,0.0002537999999999993,0.022789308045821164,4.153120724728313,-0.0639100798242056,15.772462606430054,19.025522470474243,34.79798722267151,2.2888182460434336e-09,-6.866454782539222e-08
5.550268219443867,98.21000000000001,1000.0,78,1560000,6,0.021509923040866852,2.512657880783081,0.00025319999999999927,0.023822629909081676,4.319394426350903,-0.04768502041975213,15.78443169593811,11.471134185791016,27.25556755065918,-4.577636492086867e-09,-2.5939939973795845e-08
5.654876585611798,90.571,1000.0,79,1580000,7,0.02012590877711773,2.538041591644287,0.00025259999999999926,0.022931861573433233,4.3485912129194535,-0.0589496403854359,15.815400123596191,12.966670036315918,28.782071590423584,1.5258788677030566e-09,-1.3732909920349812e-08
5.878015546728273,101.64999999999999,1000.0,80,1600000,7,0.020111866295337677,2.5632083415985107,0.00025199999999999924,0.024843490204766616,5.45952246766937,-0.05566342278723301,15.839228630065918,13.365084648132324,29.204314708709717,-1.5258788677030566e-09,-2.4414061883248905e-08
6.006828033228707,105.29400000000001,1000.0,81,1620000,6,0.020690307021141052,2.5882863998413086,0.0002513999999999992,0.024492080643261298,4.829212039740829,-0.04730567779725257,15.906737327575684,11.4942946434021,27.401033401489258,9.155272984173735e-09,-3.662109193669494e-08
5.703695764711195,99.58200000000001,1000.0,82,1640000,7,0.02216438204050064,2.613133430480957,0.0002507999999999992,0.02323702996956301,4.387646168511189,-0.055416683597972215,15.872339963912964,13.390469074249268,29.262810707092285,-1.2207030941624453e-08,-4.1198727984692596e-08
5.263077028074052,94.701,1000.0,83,1660000,7,0.02068314142525196,2.6376426219940186,0.00025019999999999925,0.02590406345248576,4.610944363201442,-0.05645217200879744,15.826401948928833,13.216433048248291,29.042836666107178,7.629394338515283e-10,-2.7465819840699623e-08
4.913429604876866,94.09799999999998,1000.0,84,1680000,8,0.02068972960114479,2.6618363857269287,0.00024959999999999924,0.023458577178867932,3.8676290069334804,-0.054728898977765596,15.900986194610596,15.196304559707642,31.09729290008545,-1.9836425835251248e-08,-8.239745596938519e-08
5.291863748116767,92.042,1000.0,85,1700000,6,0.020341992378234863,2.6856939792633057,0.0002489999999999992,0.027353630292589387,4.940609913537551,-0.054489220273348724,15.844373226165771,11.533251285552979,27.377626180648804,-3.051757735406113e-09,-7.019043124500968e-08
5.27603310934791,112.221,1000.0,86,1720000,9,0.021479308605194092,2.7098236083984375,0.0002483999999999992,0.021514034779450762,4.91122659720298,-0.07354437304084759,15.86635971069336,17.328615188598633,33.194976806640625,-6.103515470812226e-09,1.525878801089675e-08
4.744902173146633,110.63199999999999,1000.0,87,1740000,9,0.02255633845925331,2.7341601848602295,0.0002477999999999992,0.018733374065301987,4.024515041358766,-0.05154641645864303,15.78673529624939,17.25782585144043,33.04456281661987,9.155272984173735e-09,0.0
3.943672018507436,100.44299999999998,1000.0,88,1760000,7,0.022030388936400414,2.758401393890381,0.0002471999999999992,0.023360462656940896,5.211454494692647,-0.05538601888703299,15.860939264297485,13.294842720031738,29.155784606933594,-1.678466787780053e-08,-2.5939939973795845e-08
4.014313754455436,88.97699999999999,1000.0,89,1780000,8,0.02878679148852825,2.7822346687316895,0.00024659999999999916,0.023749552047499026,4.225070688004692,-0.056434211514580744,15.808199167251587,15.293527603149414,31.101728916168213,-3.8146971692576415e-10,-6.103515470812226e-09
4.954960583072126,96.43100000000001,1000.0,90,1800000,8,0.02048988826572895,2.8059208393096924,0.00024599999999999915,0.023578047390116718,3.865140177952215,-0.05621931803585313,15.837539672851562,15.3027982711792,31.140339851379395,-3.051757735406113e-09,-1.831054596834747e-08
4.885750266187844,89.522,1000.0,91,1820000,6,0.022178571671247482,2.8292808532714844,0.00024539999999999913,0.022491128278620487,4.924208634133283,-0.05227695896237676,15.816739320755005,11.480163335800171,27.296904802322388,4.577636492086867e-09,-1.0681151962899094e-08
4.986860144010324,79.698,1000.0,92,1840000,7,0.020031554624438286,2.852064847946167,0.0002447999999999992,0.02393494278961042,4.369287921761008,-0.05457065498948587,15.833645582199097,13.400506734848022,29.23415470123291,-1.5258788677030566e-09,-4.2724607851596375e-08
5.825272484873446,88.15499999999999,1000.0,93,1860000,7,0.022183669731020927,2.8745832443237305,0.00024419999999999916,0.02286337928685803,4.389339381948773,-0.050753622709011334,15.78377389907837,13.394978046417236,29.17875385284424,-3.433227480087453e-09,0.0
6.133489839407392,93.076,1000.0,94,1880000,8,0.02184378169476986,2.8970131874084473,0.00024359999999999917,0.022236315606045907,5.381052535372421,-0.05910234672639269,15.873252630233765,14.7735013961792,30.646755695343018,-7.629394005448376e-09,-2.8991697931246563e-08
5.058355499609305,101.717,1000.0,95,1900000,7,0.020752793177962303,2.919623851776123,0.00024299999999999916,0.021298598399490377,4.2677568468749385,-0.04652048421182871,15.89380145072937,12.989027738571167,28.882831573486328,-3.051757735406113e-09,-1.2207030941624453e-08
4.0778705882001125,87.766,1000.0,96,1920000,6,0.02005498670041561,2.9419913291931152,0.00024239999999999917,0.022851484563376226,5.0269908767284806,-0.047719862490606765,15.864696741104126,11.530290365219116,27.394989013671875,0.0,0.0
3.7789382690629636,86.633,1000.0,97,1940000,6,0.02084786258637905,2.964111566543579,0.00024179999999999918,0.022372039131665477,4.261922199378252,-0.04183954274414764,15.89032769203186,11.53191328048706,27.422243118286133,-7.629394005448376e-09,-6.256103546320446e-08
3.9994595587551323,90.727,1000.0,98,1960000,7,0.024159878492355347,2.9861373901367188,0.00024119999999999917,0.02200226718666128,4.622858695709668,-0.062010197796944284,15.87861180305481,13.434630155563354,29.313243627548218,9.155272984173735e-09,2.1362303925798187e-08
3.575675345050614,77.049,1000.0,99,1980000,8,0.02434130199253559,3.007671356201172,0.00024059999999999915,0.022660300187311303,3.1499935113393462,-0.05399399302295817,15.7746262550354,15.340248346328735,31.11487627029419,-1.4495848965623281e-08,-4.882812376649781e-08
4.064606097481695,65.463,1000.0,100,2000000,5,0.020080843940377235,3.028412103652954,0.00023999999999999917,0.023737046905099965,3.7851074406133294,-0.042306238389053286,15.765258073806763,9.5973219871521,25.362582206726074,-1.907348590179936e-08,-3.05175760217935e-08
4.427248567635337,65.625,1000.0,101,2020000,6,0.02319330908358097,3.048445701599121,0.00023939999999999918,0.02121946346798279,3.9522589720603123,-0.04583014562702217,15.77575135231018,11.493106842041016,27.268860340118408,-6.103515470812226e-09,1.2207030941624453e-08
4.617913578827067,72.666,1000.0,102,2040000,7,0.020442720502614975,3.0680627822875977,0.0002387999999999992,0.02145110124688968,4.3885738023172935,-0.05161373593705476,15.8460054397583,13.411255836486816,29.25726318359375,-1.602172794434864e-08,-2.4414061883248905e-08
4.5732283475851965,73.653,1000.0,103,2060000,7,0.022365519776940346,3.087339401245117,0.0002381999999999992,0.022609780506846814,3.29125185912736,-0.04847445915780863,15.803036451339722,13.331538200378418,29.13457703590393,1.602172794434864e-08,-2.1362303925798187e-08
4.136178044789173,66.29700000000001,1000.0,104,2080000,4,0.023302054032683372,3.1060843467712402,0.00023759999999999922,0.021686971086425522,3.806725209132551,-0.02728920022156625,15.836520433425903,7.648866415023804,23.48538875579834,-2.6702879907247734e-09,-1.831054596834747e-08
3.1399299536667264,52.840999999999994,1000.0,105,2100000,7,0.021010207012295723,3.1239285469055176,0.00023699999999999923,0.01806149038047088,2.509629619224928,-0.03713152419124521,15.779505729675293,13.42111086845398,29.200618743896484,-3.9672851670502496e-08,1.831054596834747e-08
2.7680002833830053,49.975,1000.0,106,2120000,7,0.021393485367298126,3.1408700942993164,0.00023639999999999921,0.023398772113718897,2.7075374868023836,-0.054535278656006894,15.82768726348877,13.426487445831299,29.2541766166687,-8.392333938900265e-09,-1.2207030941624453e-08
3.4306717248559147,59.39799999999999,1000.0,107,2140000,4,0.020321954041719437,3.1573004722595215,0.00023579999999999923,0.023943880139983977,3.8229020908236886,-0.033760784015345116,15.794348955154419,7.68478536605835,23.47913646697998,0.0,1.831054596834747e-08
3.739891732602768,78.32000000000001,1000.0,108,2160000,6,0.0208794716745615,3.173877000808716,0.00023519999999999924,0.022724328941989915,4.333985867655189,-0.04905157412290256,15.809361934661865,11.557318925857544,27.366682529449463,-3.8146971692576415e-10,-4.2724607851596375e-08
3.7840529675889085,83.063,1000.0,109,2180000,7,0.02054983377456665,3.1907427310943604,0.00023459999999999925,0.0235216492499658,3.6517404876632376,-0.042070988161869376,15.801138877868652,13.45782995223999,29.258970499038696,-6.103515470812226e-09,2.1362303925798187e-08
3.595009341698529,81.934,1000.0,110,2200000,8,0.02237710729241371,3.207839250564575,0.00023399999999999924,0.019665280971438073,3.3075779236067597,-0.052329480384711545,15.919417381286621,15.382373809814453,31.301793336868286,-3.051757735406113e-09,1.0681151962899094e-08
3.7736689701441053,69.676,1000.0,111,2220000,7,0.021326540037989616,3.2247560024261475,0.00023339999999999925,0.019039690585926836,3.3641841117239935,-0.047904669333951544,15.75594425201416,13.262014150619507,29.01796007156372,-9.155272984173735e-09,-5.493163968139925e-08
3.3868139381020006,76.326,1000.0,112,2240000,8,0.021282954141497612,3.2417304515838623,0.00023279999999999923,0.01921306700950054,3.3316619246245955,-0.05138382925161015,15.822550296783447,15.223582029342651,31.046133995056152,-1.525878801089675e-08,-3.662109193669494e-08
3.401247456559691,70.81800000000001,1000.0,113,2260000,8,0.02151542529463768,3.2585837841033936,0.00023219999999999925,0.017941690841540934,2.262221563976413,-0.03925964643787474,15.81976842880249,15.32293176651001,31.142702341079712,-4.1961669694501325e-09,-6.713867151120212e-08
3.08538794324443,56.57199999999999,1000.0,114,2280000,7,0.021461142227053642,3.274866819381714,0.00023159999999999926,0.017881318576555717,2.26864948682402,-0.03835578562308397,15.769442558288574,13.419215679168701,29.188660621643066,-3.051757735406113e-09,-9.155272984173735e-09
3.024707910118463,41.224000000000004,1000.0,115,2300000,5,0.02133428491652012,3.2901298999786377,0.00023099999999999927,0.018265247804978596,3.1847023791017626,-0.03253698455163846,15.832017183303833,9.59274935722351,25.424768447875977,1.5258788677030566e-09,-2.1362303925798187e-08
2.9947590195926175,41.141999999999996,1000.0,116,2320000,8,0.02152717299759388,3.3044703006744385,0.00023039999999999928,0.017831970103674183,1.970474629380261,-0.036196914249317,15.872918605804443,15.145649671554565,31.018569946289062,-7.629394005448376e-09,-2.8991697931246563e-08
2.4885294363697037,33.603,1000.0,117,2340000,9,0.02161823771893978,3.31772518157959,0.0002297999999999993,0.01476127551164363,1.8520527445851043,-0.027496480458357526,15.836999416351318,17.194268465042114,33.031270265579224,-1.3732909920349812e-08,2.4414061883248905e-08
2.0077915026373256,24.749000000000002,1000.0,118,2360000,6,0.022085512056946754,3.329699993133545,0.00022919999999999928,0.017569526956596186,1.9061268894944075,-0.028558776661341056,15.736294984817505,11.499257802963257,27.235554695129395,-3.814697002724188e-09,5.493163968139925e-08
2.018781289836295,27.827000000000005,1000.0,119,2380000,5,0.024823855608701706,3.3406217098236084,0.0002285999999999993,0.018934062444054472,2.426719203162879,-0.026314307216066903,15.797168493270874,9.521908283233643,25.31907868385315,-3.128051773160223e-08,1.2207030941624453e-08
2.2852514604929257,39.614,1000.0,120,2400000,7,0.021711012348532677,3.3509936332702637,0.0002279999999999993,0.017128805236296667,2.8229921787963614,-0.041101453325102066,15.814509630203247,13.444986820220947,29.25949788093567,-3.051757735406113e-09,-3.051757735406113e-09
2.3588051588567573,49.632,1000.0,121,2420000,8,0.02096724882721901,3.3612124919891357,0.00022739999999999932,0.016431413349894862,2.379548711208299,-0.045603407186101945,15.827045917510986,15.344449996948242,31.17149806022644,-1.678466787780053e-08,-3.280639404579233e-08
2.1019989396631473,62.395999999999994,1000.0,122,2440000,6,0.021310433745384216,3.371732473373413,0.0002267999999999993,0.017399257882592428,2.329363717026096,-0.03658126629750156,15.777148723602295,11.518818616867065,27.295969486236572,-6.103515470812226e-09,-4.2724607851596375e-08
1.7065215395588988,53.37800000000001,1000.0,123,2460000,7,0.021192673593759537,3.3822197914123535,0.0002261999999999993,0.017217915507721226,2.0340431972705626,-0.04334176572176595,15.822523593902588,13.434420108795166,29.256946086883545,1.0681151962899094e-08,0.0
1.478993670542175,48.992,1000.0,124,2480000,6,0.020367607474327087,3.3925299644470215,0.00022559999999999928,0.018731212056478975,2.0168343246998752,-0.03499179835410449,15.798633575439453,10.983992099761963,26.782627820968628,5.340575981449547e-09,2.4414061883248905e-08
1.6527615623493268,46.355,1000.0,125,2500000,7,0.020138591527938843,3.4025917053222656,0.0002249999999999993,0.016592453403924626,2.22187864900125,-0.034750576464723695,15.823256254196167,13.421321868896484,29.244579792022705,-1.3732909920349812e-08,-1.831054596834747e-08
1.715440507306282,44.708,1000.0,126,2520000,8,0.02001127041876316,3.412374258041382,0.00022439999999999927,0.014292724256867917,1.8555909552560828,-0.03839357560850121,15.725673198699951,15.318888425827026,31.044563055038452,1.7166137400437265e-09,9.155272984173735e-09
1.5618532778458636,41.665,1000.0,127,2540000,6,0.02064593695104122,3.421800374984741,0.0002237999999999993,0.01842026319453955,2.2791767941115384,-0.03174915958068971,15.78637170791626,11.475245475769043,27.261619091033936,-5.340575981449547e-09,-1.0681151962899094e-08
2.03718936464484,51.673,1000.0,128,2560000,7,0.022075721994042397,3.431258201599121,0.0002231999999999993,0.017198682452808336,3.4790409339829047,-0.04863719025899672,15.787398338317871,13.430414915084839,29.217814922332764,1.5258788677030566e-09,-7.629394005448376e-09
2.5915006205121887,63.16400000000001,1000.0,129,2580000,4,0.0226322989910841,3.4411518573760986,0.0002225999999999993,0.017759029444801018,4.194178363004813,-0.019733395649138064,15.817495107650757,7.581665515899658,23.399162530899048,1.2207030941624453e-08,3.051757735406113e-09
2.6509812660010112,73.413,1000.0,130,2600000,8,0.020633282139897346,3.4518041610717773,0.0002219999999999993,0.015429510037599209,2.182132507284609,-0.049453119844043505,15.742043018341064,15.157232284545898,30.899277210235596,-1.5258788677030566e-09,1.9836425835251248e-08
2.8910666908239873,66.466,1000.0,131,2620000,6,0.021182959899306297,3.4629015922546387,0.0002213999999999993,0.01798395475142569,2.5036568534704315,-0.043304666458243254,15.841785907745361,11.512259244918823,27.354047060012817,-1.5258788677030566e-09,-1.831054596834747e-08
2.8734638690628778,52.58900000000001,1000.0,132,2640000,7,0.020233483985066414,3.4739136695861816,0.0002207999999999993,0.01596901068673905,1.7423304875437824,-0.0357561538838418,15.803984880447388,13.425683498382568,29.22967004776001,1.3732909920349812e-08,-1.525878801089675e-08
2.3369867189540017,42.69199999999999,1000.0,133,2660000,9,0.021163873374462128,3.4844987392425537,0.0002201999999999993,0.014766897166126008,2.052715686732757,-0.04222869485772731,15.902113914489746,16.89365315437317,32.79576873779297,-1.9836425835251248e-08,-1.3732909920349812e-08
2.023258274930358,46.057,1000.0,134,2680000,8,0.021954108029603958,3.4948208332061768,0.0002195999999999993,0.01726340404942263,1.696810990238723,-0.04290328720530953,15.846229314804077,14.877992153167725,30.724223375320435,-1.5258788677030566e-09,-2.2888182460434336e-09
2.3730594063602957,67.349,1000.0,135,2700000,10,0.02197299897670746,3.5056726932525635,0.0002189999999999993,0.017309263319419788,1.751529519931196,-0.04539229979518408,15.81755542755127,18.701687574386597,34.5192449092865,5.340575981449547e-09,-1.2207030941624453e-08
2.2031931762484516,57.86500000000001,1000.0,136,2720000,9,0.021315263584256172,3.5166664123535156,0.00021839999999999932,0.01387927467469622,1.260475250626863,-0.031189173721517596,15.744241952896118,17.261619806289673,33.005863666534424,-3.05175760217935e-08,-1.3732909920349812e-08
1.490992831463885,35.861000000000004,1000.0,137,2740000,9,0.020308811217546463,3.5269949436187744,0.00021779999999999933,0.013212049621619208,1.137578315247362,-0.02418502706675309,15.766114234924316,17.088820934295654,32.854936599731445,-7.629394338515283e-10,-4.2724607851596375e-08
1.2290201315847191,17.871,1000.0,138,2760000,4,0.020647777244448662,3.5360658168792725,0.00021719999999999932,0.014453962553119936,1.411222986710338,-0.017093283366025114,15.83400845527649,7.646668910980225,23.480679750442505,-8.01086397217432e-09,4.882812376649781e-08
1.1002870951722623,19.375999999999998,1000.0,139,2780000,7,0.021663499996066093,3.5440545082092285,0.0002165999999999993,0.014663241464017271,1.4238024470959554,-0.026926530625404205,15.737201452255249,13.398653030395508,29.13585662841797,-2.4414061883248905e-08,-1.2207030941624453e-08
1.3833928935069735,27.951,1000.0,140,2800000,7,0.022101985290646553,3.5513808727264404,0.00021599999999999931,0.014030914463779525,1.7282291208702045,-0.03290335174321802,15.754957437515259,13.387372493743896,29.14233160018921,1.3732909920349812e-08,1.831054596834747e-08
1.2653725438947958,33.80400000000001,1000.0,141,2820000,4,0.02114458940923214,3.5583252906799316,0.00021539999999999933,0.01457737606709091,2.3157739112266715,-0.02220595706426821,15.777851104736328,7.648515939712524,23.426369190216064,4.577636492086867e-09,-2.4414061883248905e-08
1.6264886296316003,47.928000000000004,1000.0,142,2840000,8,0.021663794293999672,3.5654489994049072,0.00021479999999999934,0.013685353221922231,2.5602305968300985,-0.04425656707130206,15.716116666793823,15.273555040359497,30.989673852920532,-1.678466787780053e-08,-1.525878801089675e-08
2.1632052069182026,53.92399999999999,1000.0,143,2860000,5,0.02001265250146389,3.572960138320923,0.00021419999999999932,0.018112589816411083,2.0433235549317383,-0.03132165034239094,15.729870796203613,9.49094271659851,25.220815420150757,3.051757735406113e-09,0.0
2.069571971736604,51.89200000000001,1000.0,144,2880000,4,0.02023901231586933,3.5807487964630127,0.00021359999999999934,0.016285318202121903,3.5549480880316073,-0.02157136087213604,15.845616817474365,7.662699222564697,23.508317708969116,-1.1444091896350983e-08,-2.4414061883248905e-08
1.8197795124718628,43.692,1000.0,145,2900000,7,0.020594749599695206,3.5884850025177,0.00021299999999999935,0.014786499163492093,1.6557720012993422,-0.03141010544993517,15.79643440246582,13.403148174285889,29.19958472251892,1.2207030941624453e-08,-3.05175760217935e-08
2.0310761635209937,48.480000000000004,1000.0,146,2920000,7,0.021891705691814423,3.59635591506958,0.00021239999999999936,0.01542337793501503,2.5178399009826467,-0.04389082409767923,15.856848001480103,13.290523529052734,29.14737343788147,-1.754760781125242e-08,-2.2125243859250077e-08
2.5005403926467316,53.604,1000.0,147,2940000,10,0.02056875452399254,3.604543924331665,0.00021179999999999935,0.014612515251369427,1.404828933195565,-0.04108879357552567,15.837776184082031,19.159399271011353,34.99717712402344,-1.5258788677030566e-09,2.4414061883248905e-08
2.403059142711556,50.44799999999999,1000.0,148,2960000,7,0.02175232023000717,3.6129026412963867,0.00021119999999999933,0.014694604629056468,1.6866051693693898,-0.039725646061209825,15.83846402168274,13.450620174407959,29.289085865020752,0.0,4.577636492086867e-09
2.1074367322791296,54.05,1000.0,149,2980000,7,0.020024115219712257,3.6215548515319824,0.00021059999999999935,0.018951892476173526,2.8802488350748527,-0.048397883621526055,15.851743459701538,13.372693538665771,29.224438905715942,-9.155272984173735e-09,2.4414061883248905e-08
2.2507350297941127,66.984,1000.0,150,3000000,8,0.02000102773308754,3.630965232849121,0.00020999999999999936,0.017463139545086163,1.8065648913478698,-0.0475277532135306,15.839294672012329,14.875463724136353,30.714760303497314,5.340575981449547e-09,-1.3732909920349812e-08
2.563892374902473,79.102,1000.0,151,3020000,2,0.023123351857066154,3.6415226459503174,0.00020939999999999934,0.02010809290654267,5.085001206436096,0.008127380543337843,15.845459461212158,3.6538798809051514,19.499341011047363,2.2888182460434336e-09,-1.525878801089675e-08
2.5945669799174196,61.897000000000006,1000.0,152,3040000,10,0.02172105573117733,3.6524672508239746,0.00020879999999999936,0.01572134244901399,1.7154563589027514,-0.04281692954357535,15.775406122207642,18.681373596191406,34.45678210258484,-1.0681151962899094e-08,-2.1362303925798187e-08
2.508401427538769,50.322,1000.0,153,3060000,5,0.020534617826342583,3.6633236408233643,0.00020819999999999934,0.016959668688785536,1.951214152365066,-0.027919597170366267,15.768486022949219,9.449900150299072,25.218388080596924,3.051757735406113e-09,0.0
1.8934411758875196,36.721,1000.0,154,3080000,8,0.02076365239918232,3.6735806465148926,0.00020759999999999933,0.014457811765110911,1.4020149653045515,-0.03421447837551217,15.733700275421143,15.000917434692383,30.73461937904358,-3.814697002724188e-09,6.103515470812226e-09
1.8982052406008136,39.13000000000001,1000.0,155,3100000,1,0.025280507281422615,3.6833908557891846,0.0002069999999999993,0.02122448689152543,6.3901537039790295,0.02431413914544133,15.765325784683228,1.914991855621338,17.68031930923462,-1.907348501362094e-09,6.103515470812226e-09
2.6816380698818465,44.22600000000001,1000.0,156,3120000,6,0.020049987360835075,3.6929965019226074,0.00020639999999999932,0.016468652769530447,2.4809080741593377,-0.03578918311483087,15.82005786895752,11.49156379699707,27.311623096466064,4.959106458812812e-09,-5.092620725122288e-08
3.1338463612921164,50.003,1000.0,157,3140000,6,0.02051561512053013,3.702643871307373,0.00020579999999999934,0.01800689991331472,2.3294153502320074,-0.036009791774796254,15.78785490989685,11.516629457473755,27.30448627471924,-1.525878801089675e-08,-2.4414061883248905e-08
2.5544885106430177,50.712999999999994,1000.0,158,3160000,7,0.020541418343782425,3.7123594284057617,0.00020519999999999935,0.014973102130220258,2.459523770320584,-0.052513303875324664,15.812896251678467,13.451676607131958,29.26457452774048,0.0,-5.7983395862493126e-08
1.9896742901467745,62.545,1000.0,159,3180000,7,0.022037632763385773,3.7226004600524902,0.00020459999999999936,0.014080465559999401,2.001514987769273,-0.042354603917331576,15.792181015014648,13.42424750328064,29.21643042564392,-1.525878801089675e-08,-1.678466787780053e-08
2.087280465044043,61.94700000000002,1000.0,160,3200000,8,0.020085835829377174,3.7332963943481445,0.00020399999999999937,0.013391802689587227,2.134016417514402,-0.048049495684893466,15.798238277435303,15.376101970672607,31.1743426322937,-3.814697002724188e-09,-2.4414061883248905e-08
2.0828744240643475,49.604,1000.0,161,3220000,7,0.0237407349050045,3.7439234256744385,0.0002033999999999994,0.014109301952528713,2.6043293649940282,-0.03663485695275132,15.854715585708618,13.450093030929565,29.304810285568237,2.4414061883248905e-08,-4.2724607851596375e-08
1.8999421465334585,40.69200000000001,1000.0,162,3240000,6,0.02001168206334114,3.7541399002075195,0.00020279999999999937,0.014650001123158759,2.5209701020623676,-0.035411652712165294,15.783718824386597,11.524757862091064,27.308478593826294,-1.2969969986897922e-08,0.0
1.672836479957109,45.394000000000005,1000.0,163,3260000,6,0.020027684047818184,3.7641735076904297,0.00020219999999999936,0.014656004649651444,3.0326646496883978,-0.05257052654862658,15.853347063064575,11.512510299682617,27.365859746932983,-1.7166137400437265e-09,9.155272984173735e-09
1.854826305163769,58.50100000000001,1000.0,164,3280000,7,0.020057344809174538,3.7745633125305176,0.00020159999999999937,0.014466325604513676,2.4313177758838855,-0.04498675714588258,15.746817111968994,13.388659954071045,29.135478734970093,-1.6403197022896165e-08,0.0
2.376304015623541,61.14700000000001,1000.0,165,3300000,5,0.021884875372052193,3.7853829860687256,0.00020099999999999938,0.016810641123559147,2.366343512131383,-0.032669489484387464,15.76115083694458,9.594530582427979,25.35568332672119,6.103515470812226e-09,-6.103515470812226e-09
2.339657328791472,55.063,1000.0,166,3320000,8,0.02049695886671543,3.7963526248931885,0.00020039999999999937,0.01619666189136811,2.3261973630791655,-0.058316701192991996,15.831937789916992,14.927619457244873,30.759559392929077,6.866454960174906e-09,-3.051757735406113e-09
1.996766708059268,53.53499999999999,1000.0,167,3340000,7,0.02087346278131008,3.8073999881744385,0.00019979999999999938,0.013616958296411878,2.5971269830075205,-0.04067671546369914,15.756704092025757,13.383561372756958,29.140268325805664,6.103515470812226e-09,-4.425048771850015e-08
1.6762100227360501,46.597,1000.0,168,3360000,8,0.022486405447125435,3.8182427883148193,0.00019919999999999937,0.016236433652214728,2.0549804827751825,-0.03869092992146889,15.783115863800049,15.300867080688477,31.083985328674316,2.6702879907247734e-09,-2.4414061883248905e-08
2.182661169724425,34.285000000000004,1000.0,169,3380000,5,0.02251247502863407,3.8284077644348145,0.00019859999999999935,0.015249959627588907,2.9052715650000893,-0.03156037008919464,15.771815061569214,9.441032648086548,25.212849855422974,-1.5258788677030566e-09,1.2207030941624453e-08
2.7675062716371936,32.25100000000001,1000.0,170,3400000,8,0.02199169062077999,3.8378794193267822,0.00019799999999999936,0.016844135471069204,1.7081965841233921,-0.04314479443316047,15.798038482666016,15.377232313156128,31.175273180007935,-1.907348501362094e-09,-3.814697180359872e-08
2.9543215158713827,43.522000000000006,1000.0,171,3420000,1,0.02361883781850338,3.8471829891204834,0.00019739999999999935,0.019847938228553286,4.534427495810171,0.02829723801618567,15.844455242156982,1.9266297817230225,17.771087408065796,-6.103515470812226e-09,-1.354217538107605e-08
2.5595705451300974,42.965,1000.0,172,3440000,8,0.02068766951560974,3.8563144207000732,0.00019679999999999936,0.015580958621308635,1.837487541234341,-0.039278536724051634,15.848748922348022,15.414065599441528,31.262816190719604,-4.577636492086867e-09,-2.6702879907247734e-09
2.111881981581737,35.977999999999994,1000.0,173,3460000,6,0.020786162465810776,3.8650074005126953,0.00019619999999999938,0.01588848639176454,1.5594553447252137,-0.03201197466641442,15.808733463287354,11.536397457122803,27.345133066177368,6.866454960174906e-09,-7.324218387338988e-08
2.3293730102606576,30.463000000000005,1000.0,174,3480000,7,0.021711401641368866,3.873079776763916,0.00019559999999999936,0.015500161641658659,1.7520857128798826,-0.039051191746977736,15.794230461120605,13.439410924911499,29.233643293380737,-1.1444091230217168e-09,-3.9672851670502496e-08
2.5697704994786275,42.184,1000.0,175,3500000,5,0.022421453148126602,3.8810739517211914,0.00019499999999999937,0.01570751329782767,4.225697097344139,-0.031870819278323234,15.770931482315063,9.42189884185791,25.19283175468445,-7.629394338515283e-10,3.814697180359872e-08
2.677504098978795,51.878,1000.0,176,3520000,9,0.020970720797777176,3.8893983364105225,0.00019439999999999939,0.014500076290422353,1.6316420071972233,-0.04017174199162687,15.821538209915161,17.26711344718933,33.08865308761597,-6.103515470812226e-09,-4.577636492086867e-09
2.4367416459765527,44.271,1000.0,177,3540000,5,0.02036009542644024,3.897710084915161,0.0001937999999999994,0.015104013032163865,2.0660495739013625,-0.02630076848339444,15.809119939804077,9.408237218856812,25.2173593044281,-4.577636492086867e-09,1.831054596834747e-08
2.3586026714426738,38.447,1000.0,178,3560000,6,0.02057019993662834,3.905771493911743,0.00019319999999999938,0.016567451871943455,3.6914285012898733,-0.05262544672416485,15.904673337936401,11.498648405075073,27.40332317352295,-4.1961669694501325e-09,3.204345588869728e-08
2.8309094966852673,59.174000000000014,1000.0,179,3580000,8,0.020779062062501907,3.9144680500030518,0.0001925999999999994,0.014885068688461314,2.350298468416301,-0.05183323957814505,15.806431531906128,15.151959896087646,30.958393096923828,-6.103515470812226e-09,-9.155272984173735e-09
2.71623909689433,65.15599999999999,1000.0,180,3600000,6,0.0203259140253067,3.9239888191223145,0.0001919999999999994,0.01569575713144038,2.93610832583917,-0.04356193802040764,15.805694103240967,11.316376686096191,27.12207269668579,0.0,-9.155272984173735e-09
2.795540839462541,55.07199999999999,1000.0,181,3620000,8,0.023204149678349495,3.933838367462158,0.0001913999999999994,0.01622777213431752,1.937495447814274,-0.045861676207389505,15.758558750152588,15.329446792602539,31.08800721168518,0.0,1.5258788677030566e-09
2.6112227114532622,58.681,1000.0,182,3640000,7,0.021353881806135178,3.9441380500793457,0.00019079999999999938,0.01525743677872112,2.5854272589951224,-0.048044619344715545,15.789644002914429,13.426608324050903,29.216254472732544,2.2888182460434336e-09,-3.05175760217935e-08
2.630019989459252,52.285000000000004,1000.0,183,3660000,10,0.02032024785876274,3.954580068588257,0.0001901999999999994,0.012254954145822568,1.437679348129053,-0.048432329740410986,15.767159700393677,19.183490753173828,34.95065212249756,-1.0681151962899094e-08,-5.41687015243042e-08
2.1715162404835704,42.026,1000.0,184,3680000,5,0.021021194756031036,3.9647228717803955,0.0001895999999999994,0.012139931677308041,1.6846165361114964,-0.026381278752138058,15.838832378387451,9.62101411819458,25.459848165512085,0.0,-1.831054596834747e-08
1.8394313128899054,37.80900000000001,1000.0,185,3700000,8,0.024140596389770508,3.9744198322296143,0.0001889999999999994,0.014114439773474471,2.284383846595645,-0.04591334613409048,15.804061651229858,15.282756328582764,31.086820363998413,-1.5258788677030566e-09,0.0
1.910974479315686,46.443,1000.0,186,3720000,8,0.021665168926119804,3.9840805530548096,0.0001883999999999994,0.012569362952257879,2.302343281456076,-0.04409903147147772,15.82814908027649,14.875476360321045,30.703627109527588,-1.506805347162299e-08,-2.5939939973795845e-08
2.3702967298397533,46.987,1000.0,187,3740000,6,0.020549364387989044,3.993734121322632,0.00018779999999999941,0.01366021939234945,2.0478652302766887,-0.03425254165943756,15.785435914993286,11.476943969726562,27.26238179206848,6.103515470812226e-09,-4.2724607851596375e-08
2.231409371550156,37.689,1000.0,188,3760000,8,0.02082575112581253,4.002988338470459,0.0001871999999999994,0.014724785490288807,2.142512690573455,-0.04345390664416547,15.742118120193481,15.337029695510864,31.079149961471558,-3.9672851670502496e-08,-1.2207030941624453e-08
2.0314686490299336,44.70400000000001,1000.0,189,3780000,8,0.020060701295733452,4.012182712554932,0.0001865999999999994,0.014930583512077268,3.916908270039688,-0.05150511944904543,15.79395842552185,15.321447134017944,31.115407943725586,3.051757735406113e-09,2.7465819840699623e-08
1.7814238020266149,64.79599999999999,1000.0,190,3800000,9,0.022387845441699028,4.022181987762451,0.00018599999999999943,0.011828110036584008,2.519652729407667,-0.04201005772681875,15.80514407157898,16.956122875213623,32.761268615722656,-1.0681151962899094e-08,1.2207030941624453e-08
1.3299404115725384,53.787,1000.0,191,3820000,4,0.020557768642902374,4.032441139221191,0.00018539999999999944,0.013174417448756746,2.3605383775961664,-0.019681663673442488,15.804988384246826,7.650880336761475,23.455870389938354,7.629394005448376e-09,-1.2207030941624453e-08
1.4431354740865996,37.259,1000.0,192,3840000,7,0.02025565691292286,4.042228698730469,0.00018479999999999945,0.011892794489024002,1.693938045836866,-0.03118693699532315,15.810220718383789,13.019622564315796,28.829845905303955,-3.051757735406113e-09,-2.2888183792701966e-08
1.5704435669104164,30.793999999999993,1000.0,193,3860000,6,0.021976616233587265,4.0513129234313965,0.00018419999999999944,0.01226090076250541,2.3948493765565915,-0.034972070640942855,15.836295366287231,11.281943559646606,27.11824083328247,1.2207030941624453e-08,-2.25067129377976e-08
1.6714387071887902,31.515000000000004,1000.0,194,3880000,6,0.020679103210568428,4.059793949127197,0.00018359999999999945,0.01122573330647315,2.210084811154519,-0.027148623660175057,15.82061219215393,11.36858057975769,27.189194679260254,-6.103515470812226e-09,1.831054596834747e-08
1.3060686772744887,30.788,1000.0,195,3900000,7,0.021221794188022614,4.067699909210205,0.00018299999999999946,0.011844169773758207,1.7464949146409603,-0.03917482947367054,15.855877876281738,13.452769756317139,29.30864906311035,-1.5258788677030566e-09,-4.882812376649781e-08
1.5456828046325988,31.222,1000.0,196,3920000,6,0.020787036046385765,4.075106620788574,0.00018239999999999947,0.013539565438989855,2.6063759248858442,-0.043244518894063465,15.814288854598999,11.543138265609741,27.357429027557373,8.392333938900265e-09,-1.525878801089675e-08
1.980237901357438,45.269999999999996,1000.0,197,3940000,7,0.02000948041677475,4.082675933837891,0.00018179999999999949,0.012368047962093573,2.1443567032794437,-0.048200828273194475,15.79522156715393,13.218688011169434,29.013911962509155,-6.866454960174906e-09,6.103515470812226e-09
2.0799442098092373,54.126999999999995,1000.0,198,3960000,8,0.020252874121069908,4.090780735015869,0.00018119999999999947,0.013102844374227566,2.091222714263791,-0.047001821233685646,15.807881832122803,14.995453119277954,30.80333685874939,5.340575981449547e-09,3.051757735406113e-09
1.6009866760579083,49.44699999999999,1000.0,199,3980000,8,0.021802959963679314,4.0991668701171875,0.00018059999999999946,0.011975810223165304,1.9454564359812692,-0.05026895451484421,15.871914148330688,15.344094514846802,31.216010093688965,-6.103515470812226e-09,4.577636492086867e-09
1.7105629606673909,42.88099999999999,1000.0,200,4000000,7,0.02504645101726055,4.1075215339660645,0.00017999999999999944,0.012962633765773147,2.1116184742414803,-0.03569978802872542,15.79561185836792,13.414344310760498,29.20995783805847,-3.051757735406113e-09,2.5177001816700795e-08
1.8253085077337414,34.629999999999995,1000.0,201,4020000,8,0.02014940418303013,4.115486145019531,0.00017939999999999945,0.011458181856630055,1.5541273865122764,-0.04846191481306268,15.811407804489136,15.326215505599976,31.137624740600586,7.629394338515283e-10,-1.2207030941624453e-08
1.5635268244854565,45.38,1000.0,202,4040000,7,0.02023294009268284,4.123574733734131,0.00017879999999999947,0.012593166541991673,3.248934874655394,-0.05762683669558294,15.854103565216064,13.39828085899353,29.252386808395386,4.577636492086867e-09,9.155272984173735e-09
1.5688168736763266,53.642999999999994,1000.0,203,4060000,8,0.022473521530628204,4.132142543792725,0.00017819999999999945,0.012890706100455,2.1642802905636476,-0.04717500323129181,15.79252028465271,15.170887470245361,30.963409423828125,4.577636492086867e-09,2.2888183792701966e-08
1.8887639372272684,60.706,1000.0,204,4080000,7,0.020770421251654625,4.141458034515381,0.00017759999999999947,0.013553869867181326,2.371748701588088,-0.05047655079491685,15.836536884307861,13.391633033752441,29.228171586990356,-3.051757735406113e-09,2.4414061883248905e-08
2.1089341468230685,54.090999999999994,1000.0,205,4100000,7,0.02021617628633976,4.151157855987549,0.00017699999999999945,0.014140546580309847,2.9444289065724036,-0.04612771517481096,15.934695720672607,13.401017427444458,29.3357150554657,-1.0681151962899094e-08,1.8692016823251834e-08
1.9458653015829968,59.823,1000.0,206,4120000,8,0.021998485550284386,4.16146183013916,0.00017639999999999946,0.01340409156088286,2.7637164642016727,-0.05212220362649439,15.8392493724823,15.302275657653809,31.141526699066162,-3.051757735406113e-09,-6.103515470812226e-09
2.148444444398126,53.197,1000.0,207,4140000,7,0.021800920367240906,4.1720194816589355,0.00017579999999999948,0.015409749589982858,2.246786030989594,-0.03199298870343832,15.748432874679565,13.14577841758728,28.8942129611969,6.103515470812226e-09,7.629394005448376e-09
2.194718296535883,41.88,1000.0,208,4160000,6,0.02045419253408909,4.182302951812744,0.00017519999999999946,0.013514213414249805,2.31343798880506,-0.0327341284442205,15.75265121459961,11.283579111099243,27.036232233047485,7.629394005448376e-09,2.4414061883248905e-08
1.8000491146049693,36.694,1000.0,209,4180000,6,0.021117592230439186,4.192108631134033,0.00017459999999999947,0.014125389712480818,2.1095726821369256,-0.036813104672990225,15.876616954803467,11.497032165527344,27.373651027679443,-1.525878801089675e-08,6.103515470812226e-09
1.316858002477491,38.61,1000.0,210,4200000,8,0.020601049065589905,4.2015700340271,0.00017399999999999949,0.012028969889588523,1.7457605922660127,-0.038974847469014674,15.859971761703491,15.109304904937744,30.969278573989868,-1.2207030941624453e-08,1.525878801089675e-08
1.1698600408646374,36.39,1000.0,211,4220000,1,0.02303292229771614,4.210622787475586,0.0001733999999999995,0.014738382480015008,4.331000471077027,0.02270238421048029,15.794225931167603,1.9278814792633057,17.72210955619812,-1.525878801089675e-08,-6.103515470812226e-09
1.3045888728424493,51.94500000000001,1000.0,212,4240000,7,0.022887231782078743,4.220010280609131,0.00017279999999999948,0.01669197870118332,3.597714129809863,-0.06092289404536371,15.842254638671875,13.4440758228302,29.286332607269287,-7.629394005448376e-09,7.629394338515283e-10
1.532359088685254,60.15300000000002,1000.0,213,4260000,6,0.020172985270619392,4.23007345199585,0.0001721999999999995,0.017357843166814286,2.327027576133466,-0.03135292437344123,15.750595092773438,11.50432538986206,27.25492238998413,-8.77380390562621e-09,1.2207030941624453e-08
1.8667399212202551,54.614,1000.0,214,4280000,8,0.021486088633537292,4.2404985427856445,0.0001715999999999995,0.014749407624497045,1.9906651671178424,-0.04926513511458406,15.798603296279907,15.310925722122192,31.109530925750732,-1.5258788677030566e-09,-2.4414061883248905e-08
1.2204332988514854,34.322,1000.0,215,4300000,8,0.02082306519150734,4.250330924987793,0.0001709999999999995,0.012181239108333346,1.418600617577664,-0.034662198767768215,15.779152154922485,14.717617988586426,30.496771574020386,1.907348501362094e-09,-6.103515470812226e-09
1.0235445585098657,34.875,1000.0,216,4320000,4,0.020506225526332855,4.259654521942139,0.0001703999999999995,0.0168465061385494,1.8359142990348438,-0.028954537857633335,15.80613374710083,7.620063781738281,23.426199197769165,-1.926422044107312e-08,-6.713867151120212e-08
1.5236480367860772,50.86,1000.0,217,4340000,1,0.020509367808699608,4.269250869750977,0.00016979999999999952,0.018819286324345645,6.736810517387268,0.039392953256543836,15.830888032913208,1.9194633960723877,17.75035285949707,7.629394338515283e-10,-4.882812376649781e-08
1.9525622405899585,59.09799999999999,1000.0,218,4360000,10,0.020856710150837898,4.279472351074219,0.0001691999999999995,0.015122542642175961,1.5361811845066449,-0.04168378767042685,15.79213547706604,19.143601417541504,34.93573880195618,-1.1444091896350983e-08,-1.525878801089675e-08
1.9830045694725968,53.32899999999999,1000.0,219,4380000,7,0.021689174696803093,4.28999662399292,0.00016859999999999952,0.014838104297388693,2.0468718346152226,-0.04176599079669066,15.8257737159729,13.398965120315552,29.224740743637085,1.5258788677030566e-09,-1.2207030941624453e-08
1.77349021261812,31.915,1000.0,220,4400000,9,0.02090589515864849,4.299811840057373,0.00016799999999999953,0.012189645020315673,1.2834497265964693,-0.030278814280452586,15.795418500900269,17.18714714050293,32.98256754875183,-7.629394005448376e-09,-5.7983395862493126e-08
1.6742630608095737,24.647,1000.0,221,4420000,10,0.022158803418278694,4.308651447296143,0.00016739999999999954,0.012212577824460003,0.9391018027314744,-0.030611016410001263,15.818132638931274,19.18545126914978,35.00358533859253,-1.678466787780053e-08,-6.103515470812226e-09
1.2853382190476392,28.504,1000.0,222,4440000,3,0.020243696868419647,4.316789627075195,0.00016679999999999953,0.01476924741319336,2.0566492372046645,0.004311543493606031,15.838441848754883,5.772681713104248,21.611125230789185,6.866454960174906e-09,6.103515470812226e-09
1.4475195669529344,38.983,1000.0,223,4460000,8,0.020889732986688614,4.324782371520996,0.00016619999999999954,0.012633496971492962,1.0647969118798504,-0.03589705113148965,15.807264804840088,15.391056299209595,31.198322534561157,1.5258788677030566e-09,-6.103515470812226e-09
1.2730566119609004,38.548,1000.0,224,4480000,8,0.020169943571090698,4.332624912261963,0.00016559999999999953,0.012436094814904045,1.1203961158379578,-0.03167977824453086,15.78295111656189,15.371468544006348,31.15442180633545,-6.103515470812226e-09,7.629394338515283e-10
1.144424768297062,39.689,1000.0,225,4500000,1,0.0223852526396513,4.340386867523193,0.00016499999999999954,0.01722995712817572,4.968514686956192,0.034373907782970524,15.805260419845581,1.9237868785858154,17.729049921035767,-3.051757735406113e-09,1.2207030941624453e-08
1.3508420412567375,61.141000000000005,1000.0,226,4520000,8,0.020251115784049034,4.34907865524292,0.00016439999999999952,0.012114188075400354,2.5269386769293214,-0.0580669821436389,15.833245038986206,15.357188701629639,31.1904354095459,-2.1743773004345712e-08,2.1362303925798187e-08
1.6531443461625703,65.61999999999999,1000.0,227,4540000,9,0.021481430158019066,4.35882043838501,0.0001637999999999995,0.013479073260000645,1.7905554441767548,-0.05084991054116812,15.78606629371643,17.163708686828613,32.949777126312256,0.0,3.051757735406113e-09
1.7774047516071234,66.915,1000.0,228,4560000,7,0.021022506058216095,4.369572639465332,0.00016319999999999952,0.015955095515182198,2.2506888606188125,-0.04829898655128936,15.836687803268433,13.423993587493896,29.26068353652954,3.051757735406113e-09,9.155272984173735e-09
1.5123774024089665,53.926,1000.0,229,4580000,12,0.020537126809358597,4.380631923675537,0.00016259999999999953,0.012390981491058033,0.9767529224863829,-0.03776130627288311,15.85810136795044,22.943183660507202,38.801286935806274,-8.392333938900265e-09,-5.493163968139925e-08
1.076917910109826,39.611999999999995,1000.0,230,4600000,6,0.020602339878678322,4.391298294067383,0.00016199999999999955,0.014462921652879419,1.3155937022484911,-0.028768603197528057,15.763108968734741,11.485799551010132,27.248910665512085,5.2452087118126656e-09,-3.662109193669494e-08
0.9078324409631776,20.927999999999997,1000.0,231,4620000,7,0.02122114598751068,4.400728702545166,0.00016139999999999956,0.015323616009986003,1.2058482994667639,-0.03877050947824715,15.721248388290405,13.089593648910522,28.81084394454956,-3.433227480087453e-09,-1.2207030941624453e-08
1.4379668081509742,28.986,1000.0,232,4640000,6,0.02005682699382305,4.409425735473633,0.00016079999999999957,0.013582492579484837,1.3775719448971673,-0.030671225664333793,15.784603118896484,11.487238645553589,27.271844148635864,-1.5258788677030566e-09,-2.784728891924715e-08
1.4242593427866075,32.00000000000001,1000.0,233,4660000,7,0.022014006972312927,4.417604446411133,0.00016019999999999958,0.01399050923026095,1.7432044988786288,-0.04264269705771693,15.824472665786743,13.403319835662842,29.227794647216797,1.4495848965623281e-08,-6.103515470812226e-09
1.2906026382845426,46.962,1000.0,234,4680000,7,0.02121802233159542,4.426027774810791,0.0001595999999999996,0.014484708279452875,1.6871671670922836,-0.03981832938633489,15.784865617752075,13.435807466506958,29.220675468444824,-1.354217538107605e-08,3.662109193669494e-08
1.1131475630494307,58.076,1000.0,235,4700000,6,0.021944712847471237,4.435202598571777,0.00015899999999999958,0.017470086720911934,2.2094786184283493,-0.04179875286052021,15.824028968811035,11.50938630104065,27.333417415618896,-1.5258788677030566e-09,-3.509521562250484e-08
1.2205821027995725,63.585,1000.0,236,4720000,10,0.02144356071949005,4.445319175720215,0.0001583999999999996,0.01287355311512471,1.6100091336824642,-0.03955618697917833,15.761654376983643,18.543179273605347,34.3048357963562,-9.155272984173735e-09,-3.05175760217935e-08
1.6632477144536373,53.148,1000.0,237,4740000,6,0.021020468324422836,4.455791473388672,0.0001577999999999996,0.015452337659562167,1.4630781060780962,-0.03163279553516287,15.88391399383545,11.474125146865845,27.358040809631348,-8.392333938900265e-09,-3.05175760217935e-08
1.6565630973431678,36.641000000000005,1000.0,238,4760000,9,0.020475123077630997,4.465797424316406,0.0001571999999999996,0.016115574874671523,1.5742612845050472,-0.04045405466325071,15.82259225845337,17.217873334884644,33.040467739105225,-5.340575981449547e-09,-3.204345588869728e-08
1.2872016429871795,35.649,1000.0,239,4780000,7,0.020057879388332367,4.475336074829102,0.0001565999999999996,0.015762210519247297,1.2864894030410805,-0.041977140863754606,15.788828611373901,13.335457801818848,29.124287843704224,-6.484984993448961e-09,-1.831054596834747e-08
0.7716910857097555,44.857,1000.0,240,4800000,7,0.025562109425663948,4.484897613525391,0.0001559999999999996,0.013835726122213302,2.3472134658105293,-0.04807065345095288,15.847823143005371,13.410824537277222,29.258650064468384,-3.910064716450279e-09,1.2207030941624453e-08
0.7445929369376428,41.19,1000.0,241,4820000,11,0.020127011463046074,4.49430513381958,0.0001553999999999996,0.012704876771144246,0.8578952682025205,-0.02870972060649557,15.816285610198975,21.01846170425415,36.83474922180176,-1.0681151962899094e-08,4.577636492086867e-09
0.8563758518630051,39.64300000000001,1000.0,242,4840000,9,0.021059226244688034,4.503500461578369,0.00015479999999999962,0.011204273499783828,1.2869160662401555,-0.02003495857538771,15.79648232460022,17.183846950531006,32.98033165931702,-5.7220459481754915e-09,0.0
0.5341478386315869,35.123000000000005,1000.0,243,4860000,8,0.020581191405653954,4.51228666305542,0.00015419999999999963,0.013823026649508113,1.3395142378374791,-0.03769150034810145,15.783608198165894,15.16631817817688,30.949928283691406,9.155272984173735e-09,0.0
0.5439443539522576,45.625,1000.0,244,4880000,12,0.024937832728028297,4.521214962005615,0.00015359999999999964,0.015854140953136028,1.0408994558964548,-0.041929730030443195,15.823050498962402,22.734612941741943,38.55766534805298,6.103515470812226e-09,-2.7465819840699623e-08
0.9201204506543877,46.437999999999995,1000.0,245,4900000,8,0.020635733380913734,4.530313014984131,0.00015299999999999965,0.014266970937851424,1.3706758686195548,-0.035962294500407437,15.746948480606079,15.349418878555298,31.09636926651001,-4.959106458812812e-09,-7.629394005448376e-09
1.160922650144962,29.218000000000007,1000.0,246,4920000,6,0.023492328822612762,4.538726329803467,0.00015239999999999967,0.015048814230301953,1.6084581133656608,-0.03317184765209247,15.806641101837158,11.51054048538208,27.31718349456787,1.2207030941624453e-08,6.103515470812226e-09
1.1171385022111346,26.081,1000.0,247,4940000,8,0.023135928437113762,4.546368598937988,0.00015179999999999968,0.015860844262542365,1.0488803670786249,-0.0341007898609264,15.765532493591309,15.107710361480713,30.873244285583496,-9.155272984173735e-09,-1.831054596834747e-08
0.9142745015515411,25.603999999999996,1000.0,248,4960000,8,0.022546837106347084,4.5532917976379395,0.0001511999999999997,0.01551695285772625,1.2688589242343513,-0.03229132306705506,15.776723146438599,15.275886535644531,31.052611827850342,1.5258788677030566e-09,-5.7983395862493126e-08
0.565818294155276,38.419,1000.0,249,4980000,8,0.02033517323434353,4.560196876525879,0.0001505999999999997,0.017063278373488533,2.48632247469867,-0.042812363845638385,15.786164045333862,15.354803085327148,31.140968561172485,0.0,-1.525878801089675e-08
0.9958718671036559,48.992,1000.0,250,5000000,11,0.020983587950468063,4.567607402801514,0.00014999999999999972,0.01540348972316973,0.8111853701168806,-0.03131662639149557,15.795090436935425,20.67365074157715,36.46874260902405,2.2888182460434336e-09,-2.5939939973795845e-08
0.989832369927593,44.006,1000.0,251,5020000,3,0.023343423381447792,4.575230121612549,0.00014939999999999973,0.016115207408571714,1.2997247709062534,-0.006392380485511499,15.7323317527771,5.751673221588135,21.484007358551025,-1.1062621929625038e-08,0.0
0.1320543148816793,19.428,1000.0,252,5040000,11,0.021415328606963158,4.581830024719238,0.00014879999999999971,0.014236454375849935,0.7660820882420121,-0.03452663087523281,15.765413761138916,21.055413007736206,36.8208281993866,2.2125243859250077e-08,-2.4414061883248905e-08
-0.017521428444046108,20.696,1000.0,253,5060000,10,0.020044075325131416,4.587569236755371,0.00014819999999999973,0.013035032778871232,0.5924354750984393,-0.02308414385716517,15.784164667129517,19.10703206062317,34.89119839668274,0.0,-1.0681151962899094e-08
0.30743186724101673,16.184000000000005,1000.0,254,5080000,6,0.020244812592864037,4.5923075675964355,0.0001475999999999997,0.01631865140965111,0.6815752337852352,-0.021476758579020334,15.821947574615479,11.467273950576782,27.28922414779663,3.051757735406113e-09,-1.9836425835251248e-08
0.6214457400875447,14.719,1000.0,255,5100000,8,0.022076589986681938,4.596068859100342,0.00014699999999999972,0.01411624104506113,0.8218152867600369,-0.03435738193028913,15.799596309661865,15.333256483078003,31.132854461669922,8.392333938900265e-09,-1.2207030941624453e-08
1.02380323222089,27.173999999999996,1000.0,256,5120000,1,0.020970620214939117,4.599569797515869,0.0001463999999999997,0.014267881470806777,3.731939954117845,0.022668721701818915,15.84511399269104,1.9254708290100098,17.770586490631104,-1.5258788677030566e-09,6.103515470812226e-09
1.2185759080437675,39.4,1000.0,257,5140000,9,0.020593835040926933,4.603448390960693,0.00014579999999999972,0.015184299155466726,1.9308226859057505,-0.04805378858786887,15.762249231338501,17.076878309249878,32.83912992477417,5.722045615108584e-10,-1.2207030941624453e-08
1.1782261396783877,51.061,1000.0,258,5160000,9,0.022258395329117775,4.608253479003906,0.00014519999999999973,0.013818852716503432,1.065976498987728,-0.04235417217367987,15.799578189849854,17.26635980606079,33.065940380096436,-9.155272984173735e-09,-2.8991697931246563e-08
1.1148835627527722,43.006,1000.0,259,5180000,9,0.02070355787873268,4.613492012023926,0.00014459999999999975,0.014048746107281693,1.062960891804883,-0.0363593436248619,15.825396299362183,17.288646459579468,33.11404490470886,-1.2969969986897922e-08,-1.5258788677030566e-09
1.2184470547838497,34.669,1000.0,260,5200000,8,0.021071907132864,4.618704319000244,0.00014399999999999976,0.0144495828803956,1.065748453533021,-0.04528316644692835,15.776473045349121,15.378338813781738,31.15481400489807,-3.814697002724188e-09,7.629394005448376e-09
1.1424702033684462,37.473,1000.0,261,5220000,7,0.02112746611237526,4.624034881591797,0.00014339999999999977,0.014743017057821474,1.111061593554217,-0.03491651868496119,15.76394772529602,13.375655174255371,29.139605045318604,-1.5258788677030566e-09,3.051757735406113e-09
1.1224243870722668,30.293,1000.0,262,5240000,6,0.02129894308745861,4.629110813140869,0.00014279999999999978,0.019414157509462585,1.2586610572089276,-0.03502057667740316,15.782575130462646,11.285781145095825,27.068357944488525,-1.2588500908350397e-08,-1.831054596834747e-08
1.165777169402352,22.702000000000005,1000.0,263,5260000,9,0.023172372952103615,4.633572578430176,0.0001421999999999998,0.011593492329881034,1.439779680091352,-0.030711196712094248,15.731507539749146,17.133446216583252,32.86495637893677,1.5258788677030566e-09,-3.051757735406113e-09
0.7644475517609547,23.059999999999995,1000.0,264,5280000,7,0.022553103044629097,4.637497901916504,0.0001415999999999998,0.012076571254320663,1.0369510250323333,-0.029459031787584057,15.742332935333252,13.39488172531128,29.137216329574585,-1.3732909920349812e-08,4.577636492086867e-09
0.38131914838394343,25.762999999999998,1000.0,265,5300000,1,0.020327214151620865,4.641077518463135,0.00014099999999999982,0.016331193492578243,2.1947333388054333,0.01115610313634522,15.76372218132019,1.859243392944336,17.62296724319458,-2.2888182460434336e-09,-9.155272984173735e-09
-0.08956279144516208,21.750000000000004,1000.0,266,5320000,8,0.020841235294938087,4.644139766693115,0.00014039999999999983,0.017575638659578115,0.9885044646577332,-0.030698094853964714,15.745875120162964,15.31621265411377,31.062089204788208,-2.8610228852699038e-08,-1.525878801089675e-08
-0.1251234571386481,23.024,1000.0,267,5340000,6,0.022189931944012642,4.646800994873047,0.00013979999999999985,0.017177418526956322,1.1804099468726574,-0.029442350683620753,15.781975507736206,11.48810338973999,27.270081758499146,4.1961669694501325e-09,-1.525878801089675e-08
0.456400859066118,29.962,1000.0,268,5360000,7,0.020690372213721275,4.649455547332764,0.00013919999999999986,0.017760891488586207,2.1044402700861204,-0.029838844529335655,15.784640073776245,13.426815509796143,29.21145749092102,5.340575981449547e-09,3.051757735406113e-09
1.2655260549797007,39.741,1000.0,269,5380000,8,0.020428834483027458,4.65260648727417,0.00013859999999999987,0.017079659080439315,1.2571517945335695,-0.041567589135873266,15.839280605316162,15.35605764389038,31.195340156555176,-6.103515470812226e-09,-6.103515470812226e-09
1.2790692406749238,39.731,1000.0,270,5400000,8,0.022983817383646965,4.656206130981445,0.00013799999999999988,0.0163634718483546,1.2308697481505788,-0.040070150588332604,15.783965587615967,15.279343366622925,31.063310623168945,-3.433227480087453e-09,-3.204345588869728e-08
0.8564936203697135,36.943,1000.0,271,5420000,6,0.020140299573540688,4.660068035125732,0.0001373999999999999,0.015559902930427917,1.6682231572235482,-0.030544488104625633,15.840102434158325,11.511744737625122,27.35184931755066,-7.629394005448376e-09,8.392333938900265e-09
0.5197198389755742,39.028999999999996,1000.0,272,5440000,8,0.020687712356448174,4.664275646209717,0.0001367999999999999,0.018587040370508744,1.1618480435527934,-0.039034644144768725,15.83520793914795,15.370004653930664,31.205215215682983,-1.5258788677030566e-09,-6.103515470812226e-09
0.6103862833397163,34.79800000000001,1000.0,273,5460000,8,0.02179425023496151,4.668577671051025,0.0001361999999999999,0.015773962350404513,0.8192442015956004,-0.03298823226495429,15.869248628616333,15.071739673614502,30.94098973274231,-3.051757735406113e-09,0.0
0.8813856209143379,30.991000000000003,1000.0,274,5480000,6,0.02072499319911003,4.672768592834473,0.00013559999999999988,0.018250295381568554,1.8977943999381366,-0.0404229041077871,15.803682327270508,11.308372974395752,27.11205744743347,-1.0681151962899094e-08,-1.525878801089675e-08
1.5216779907381344,34.861999999999995,1000.0,275,5500000,9,0.021120840683579445,4.677060604095459,0.0001349999999999999,0.014794981056202122,0.986811616867622,-0.03583673195550426,15.794772863388062,17.261765956878662,33.0565402507782,3.051757735406113e-09,-8.392333938900265e-09
1.2869166735892494,30.41799999999999,1000.0,276,5520000,8,0.020468847826123238,4.681213855743408,0.00013439999999999988,0.015225850768348637,0.906274600888784,-0.03810213394641591,15.791763305664062,15.3038969039917,31.095662355422974,4.577636492086867e-09,0.0
1.1921382134726966,31.247999999999998,1000.0,277,5540000,5,0.020336665213108063,4.685285568237305,0.0001337999999999999,0.0181340291780738,1.8032748775360303,-0.03713469438183422,15.852833986282349,9.571899175643921,25.424734830856323,-7.629394005448376e-09,-3.051757735406113e-09
1.0441033964635946,33.14399999999999,1000.0,278,5560000,9,0.02152119018137455,4.689383506774902,0.00013319999999999988,0.013159317200501569,0.8739990699490123,-0.0313061210558276,15.807692527770996,17.21427083015442,33.02196550369263,-1.2588500908350397e-08,1.5258788677030566e-09
0.9366561308080048,29.695,1000.0,279,5580000,7,0.020324936136603355,4.693325519561768,0.0001325999999999999,0.014218717128708312,1.2094602799888943,-0.0310822963571777,15.784038543701172,13.40346622467041,29.187506437301636,3.051757735406113e-09,-3.356933575560106e-08
0.409295761389985,40.13099999999999,1000.0,280,5600000,9,0.02003016322851181,4.697674751281738,0.0001319999999999999,0.012935682322550929,1.734887416264585,-0.04473163939901371,15.769761800765991,17.24889039993286,33.018654346466064,-2.2888183792701966e-08,-3.6239622858147413e-08
0.048796612818968174,51.0,1000.0,281,5620000,8,0.02078407257795334,4.702963829040527,0.00013139999999999991,0.010374738722474287,1.0004672080921098,-0.036636683847398134,15.77463674545288,15.37887167930603,31.153510570526123,-3.051757735406113e-09,3.051757735406113e-09
0.042038583148391866,50.233000000000004,1000.0,282,5640000,9,0.020981816574931145,4.709062099456787,0.00013079999999999993,0.01093924766073164,1.3295829584402186,-0.03973666104174989,15.798590183258057,17.317689895629883,33.11628174781799,-1.525878801089675e-08,1.2207030941624453e-08
0.18244710288969018,32.132000000000005,1000.0,283,5660000,9,0.020882051438093185,4.714938163757324,0.00013019999999999994,0.01050625966295182,0.9642045837917944,-0.027317723899386772,15.820577383041382,17.315974950790405,33.13655376434326,1.5258788677030566e-09,-6.1035152043587e-08
0.6575483388547605,28.943,1000.0,284,5680000,7,0.020079640671610832,4.7204461097717285,0.00012959999999999995,0.013744679173783645,1.1145497662789308,-0.027381848361103408,15.839044094085693,13.21247148513794,29.051517486572266,-1.0681151962899094e-08,-3.051757735406113e-09
0.7579189612373842,24.399,1000.0,285,5700000,8,0.021614855155348778,4.725381374359131,0.00012899999999999994,0.015087557350324032,0.930543003086084,-0.036059881784408665,15.776683330535889,15.16854476928711,30.94523024559021,4.577636492086867e-09,9.155272984173735e-09
0.4797065151666787,27.205000000000002,1000.0,286,5720000,9,0.02043352834880352,4.729948997497559,0.00012839999999999995,0.013636785041624175,0.6214540744022482,-0.027223819526250286,15.855907678604126,17.12925958633423,32.98516917228699,-6.103515470812226e-09,-9.155272984173735e-09
0.588660186718234,27.749000000000002,1000.0,287,5740000,1,0.024160949513316154,4.734214782714844,0.00012779999999999996,0.02176687507607495,3.8405390431324893,0.03791906856024227,15.801941156387329,1.9155995845794678,17.71754217147827,-5.340575981449547e-09,2.6702879907247734e-08
0.286433824840861,31.359,1000.0,288,5760000,13,0.020057138055562973,4.738400936126709,0.00012719999999999997,0.01180461380513086,0.4418604480426298,-0.015411095126651266,15.818371772766113,24.625123977661133,40.44349789619446,-7.629394338515283e-10,1.831054596834747e-08
0.08693410926073271,26.403999999999996,1000.0,289,5780000,3,0.02208871953189373,4.742250919342041,0.00012659999999999996,0.013173750287300735,0.9937021277519588,0.0006780973719918943,15.78257155418396,5.739879369735718,21.52245283126831,-4.577636492086867e-09,-1.3732909920349812e-08
-0.03375909515756454,13.484,1000.0,290,5800000,8,0.022475065663456917,4.745105743408203,0.00012599999999999995,0.011101840986139751,0.7265889810535092,-0.023874226215551384,15.749516010284424,14.970113277435303,30.719631671905518,4.577636492086867e-09,-6.103515470812226e-09
0.45323708355864045,18.497999999999998,1000.0,291,5820000,6,0.020243508741259575,4.747331142425537,0.00012539999999999996,0.01567580666357336,1.3542952502783114,-0.027354303565911783,15.814672231674194,11.438080787658691,27.25275444984436,1.5258788677030566e-09,9.155272984173735e-09
0.8739788717304766,27.595999999999997,1000.0,292,5840000,8,0.021474234759807587,4.749477863311768,0.00012479999999999994,0.013230329875971157,0.8045839273605865,-0.027313112074467606,15.703312158584595,15.335750579833984,31.03906488418579,0.0,7.629394338515283e-10
0.6445552608520144,26.934999999999995,1000.0,293,5860000,8,0.02265620045363903,4.7515177726745605,0.00012419999999999996,0.013283728781087805,0.6467173516440886,-0.027660457521138458,15.826179027557373,15.37014389038086,31.196324825286865,-4.577636492086867e-09,-1.831054596834747e-08
0.5684678247811694,23.222,1000.0,294,5880000,5,0.022723110392689705,4.753261566162109,0.00012359999999999994,0.01743011514897259,1.5032316001078572,-0.02822154583855749,15.852483987808228,9.617761850357056,25.470247745513916,-7.629394338515283e-10,0.0
0.7014816057560437,30.397000000000002,1000.0,295,5900000,9,0.02199067361652851,4.755125522613525,0.00012299999999999995,0.013519265530925187,1.0224323374162043,-0.04671935977088271,15.818992614746094,17.30372929573059,33.12272381782532,-4.577636492086867e-09,-6.103515470812226e-09
0.856902349844513,40.215,1000.0,296,5920000,10,0.021840548142790794,4.757630825042725,0.00012239999999999997,0.012482293351246907,2.2132088430678123,-0.04368829908260046,15.782698154449463,19.200040817260742,34.98274064064026,-3.051757735406113e-09,2.2125243859250077e-08
0.6156442322366545,40.116,1000.0,297,5940000,7,0.02140926569700241,4.7607102394104,0.00012179999999999997,0.013287777178472359,1.9932640218152569,-0.047676441435234994,15.804702043533325,13.442788362503052,29.24749231338501,-6.294250454175199e-09,-2.4414061883248905e-08
1.3073571378012752,38.66700000000001,1000.0,298,5960000,10,0.022283395752310753,4.764230251312256,0.00012119999999999996,0.011967770665878067,0.8017813231046207,-0.03298416936668915,15.792176246643066,19.173520803451538,34.965699672698975,-5.340575981449547e-09,1.2207030941624453e-08
1.596099364581049,40.269999999999996,1000.0,299,5980000,9,0.02290942706167698,4.768235683441162,0.00012059999999999996,0.014015695469286642,0.8819161628339576,-0.031011363048401335,15.735611915588379,17.234320640563965,32.9699342250824,1.5258788677030566e-09,1.0681151962899094e-08
1.2822023286914825,27.67900000000001,1000.0,300,6000000,11,0.020790942013263702,4.771993637084961,0.00011999999999999996,0.012169424055732252,0.5686588382135808,-0.02171465203384029,15.770018339157104,20.776499271392822,36.54651927947998,1.3732909920349812e-08,0.0
0.730058504765675,19.120999999999995,1000.0,301,6020000,1,0.0209996048361063,4.775061130523682,0.00011939999999999996,0.014698773979569396,1.401468950529068,0.01114455897795459,15.79685378074646,1.9140489101409912,17.710904836654663,4.577636492086867e-09,9.155272984173735e-09
0.6149414085117443,20.299,1000.0,302,6040000,1,0.02002059668302536,4.77756929397583,0.00011879999999999996,0.014654179585698885,2.8102382090145026,0.04117751145324768,15.830792903900146,1.882932186126709,17.71372675895691,-8.77380390562621e-09,1.1444091896350983e-08
0.8645460962669681,35.32900000000001,1000.0,303,6060000,8,0.020501092076301575,4.780397891998291,0.00011819999999999996,0.013732829610794818,2.3472620501352575,-0.04382111226690535,15.892520904541016,15.312174797058105,31.204697370529175,8.392333938900265e-09,-2.7465819840699623e-08
0.924409266376356,41.336000000000006,1000.0,304,6080000,13,0.02199443243443966,4.783846855163574,0.00011759999999999996,0.011910276194500174,0.6851878376184619,-0.02932425128453031,15.812490940093994,24.90839958190918,40.72089195251465,6.103515470812226e-09,-1.2207030941624453e-08
0.9568182643715863,33.195,1000.0,305,6100000,1,0.040777530521154404,4.787407875061035,0.00011699999999999997,0.014936960445115931,4.104659912113945,0.13487427088970574,15.81477165222168,1.8897271156311035,17.704500198364258,-8.201598511448083e-09,-3.051757735406113e-09
0.9976975730777019,50.852000000000004,1000.0,306,6120000,7,0.02059703879058361,4.792044639587402,0.00011639999999999997,0.015190724124056544,2.4005616287127416,-0.040418478875794625,15.803548812866211,13.469616889953613,29.273167610168457,-1.3732909920349812e-08,1.525878801089675e-08
0.7547093417097044,55.010000000000005,1000.0,307,6140000,10,0.020903736352920532,4.797882556915283,0.00011579999999999997,0.011261084236906835,0.8652743284218608,-0.027080798767411863,15.808956623077393,19.201495885849,35.010454177856445,-3.051757735406113e-09,-9.155272984173735e-09
0.2274746387464746,32.864,1000.0,308,6160000,7,0.021730126813054085,4.803581714630127,0.00011519999999999997,0.014186057671037427,0.9460832474031496,-0.029190240307982684,15.891788959503174,13.45583987236023,29.347631216049194,-4.959106458812812e-09,-1.831054596834747e-08
0.5726641182371071,20.936,1000.0,309,6180000,6,0.020421620458364487,4.808495044708252,0.00011459999999999997,0.013508780060000758,1.1707096816029665,-0.027210217482520463,15.809759378433228,11.488298892974854,27.298060178756714,-1.5258788677030566e-09,9.53674250681047e-10
1.115649713482303,27.983000000000004,1000.0,310,6200000,8,0.020559607073664665,4.813091278076172,0.00011399999999999998,0.012720409003770746,1.2148587889374254,-0.039905360674473665,15.87600326538086,15.331531524658203,31.207536697387695,1.5258788677030566e-09,-5.340575981449547e-09
1.2081128870005755,30.579000000000008,1000.0,311,6220000,8,0.020518731325864792,4.817546367645264,0.00011339999999999998,0.012583932502361865,1.2463283419561462,-0.034002922793341495,15.823719263076782,15.073395013809204,30.897116661071777,3.051757735406113e-09,-3.051757735406113e-09
0.8521391652324196,30.86299999999999,1000.0,312,6240000,9,0.02435799315571785,4.821890354156494,0.00011279999999999998,0.012782025728526799,1.6485172331989086,-0.0399381891289712,15.788534879684448,17.21393370628357,33.00247049331665,-4.577636492086867e-09,6.103515470812226e-09
0.8916531097486289,27.985000000000003,1000.0,313,6260000,12,0.020978201180696487,4.825973987579346,0.00011219999999999998,0.012315447599685595,0.7841595263479236,-0.029173394466509312,15.809525728225708,22.958195686340332,38.76772332191467,-9.918212917625624e-09,-5.9509275729396904e-08
1.0808739639065081,22.256999999999998,1000.0,314,6280000,7,0.02137243188917637,4.829502582550049,0.00011159999999999998,0.014436603122952321,1.0305531009426405,-0.03528174527613459,15.813648700714111,13.372904062271118,29.186554431915283,-6.103515470812226e-09,-1.2207030941624453e-08
1.2849385650936267,24.894,1000.0,315,6300000,7,0.021223047748208046,4.832678318023682,0.00011099999999999997,0.016867784240858188,1.183244432354561,-0.04263454416043298,15.855010032653809,13.404733657836914,29.259745121002197,3.8146971692576415e-10,-2.4414061883248905e-08
1.7691835293590414,29.327000000000005,1000.0,316,6320000,8,0.02012479491531849,4.835784912109375,0.00011039999999999999,0.014842851396900015,0.9827437991151413,-0.026714548398666202,15.83745527267456,15.259396314620972,31.096853494644165,-6.866454960174906e-09,7.629394005448376e-09
1.2803861873000097,25.098,1000.0,317,6340000,8,0.020185841247439384,4.838591575622559,0.00010979999999999999,0.015279371203622593,1.1157964374810552,-0.0332017166020435,15.837242126464844,15.381306171417236,31.218550443649292,1.5258788677030566e-09,-4.2724607851596375e-08
0.702994243056922,25.297,1000.0,318,6360000,6,0.02093164622783661,4.84113883972168,0.00010919999999999998,0.017692348409019593,1.0773178003688717,-0.03354809623354445,15.768080711364746,11.4708731174469,27.23895573616028,-1.602172794434864e-08,-6.103515470812226e-09
0.5071684666808841,23.991,1000.0,319,6380000,7,0.02092166617512703,4.84337854385376,0.00010859999999999998,0.013381130269051468,1.2241705658227982,-0.03559858122324492,15.782451152801514,13.429367542266846,29.21182107925415,-3.051757735406113e-09,-6.103515470812226e-09
0.9687578262737109,26.254,1000.0,320,6400000,7,0.021353397518396378,4.845468997955322,0.00010799999999999998,0.014354442742311862,1.0505498236768707,-0.03699199138409005,15.81846809387207,13.23016619682312,29.048635721206665,-9.918212917625624e-09,6.103515470812226e-09
1.3188738981677366,26.065000000000005,1000.0,321,6420000,9,0.020319661125540733,4.847414016723633,0.00010739999999999998,0.014339894752911126,0.9997213549401517,-0.030709668001464845,15.833195924758911,17.232293367385864,33.06549096107483,-1.3351439953623867e-09,2.7465819840699623e-08
1.4867048566460621,30.78,1000.0,322,6440000,8,0.02028425596654415,4.849496364593506,0.00010679999999999998,0.01362218904329803,1.3636353317612466,-0.03247769050167713,15.777420282363892,15.138072490692139,30.9154953956604,-3.051757735406113e-09,-1.525878801089675e-08
1.563253934481443,33.305,1000.0,323,6460000,7,0.02048744447529316,4.851846694946289,0.00010619999999999998,0.013807285727532636,1.1837705912001326,-0.03698404335439382,15.808974742889404,13.361213207244873,29.170190572738647,7.629394005448376e-09,1.831054596834747e-08
1.4759676746230626,29.73,1000.0,324,6480000,9,0.0211617611348629,4.8542351722717285,0.00010559999999999998,0.011458167331184125,0.9928229890121057,-0.03175925194885202,15.793993949890137,17.216183185577393,33.01017904281616,1.5258788677030566e-09,-2.9754637864698452e-08
1.218415032138337,27.987000000000002,1000.0,325,6500000,8,0.021154863759875298,4.8565592765808105,0.00010499999999999998,0.011084803775809825,2.518619407599155,-0.04472009214935616,15.84062147140503,15.314035654067993,31.154659032821655,-1.5258788677030566e-09,1.831054596834747e-08
1.1071656872709839,40.80799999999999,1000.0,326,6520000,9,0.020475823432207108,4.859559059143066,0.00010439999999999998,0.012572853527943325,1.6206034878847402,-0.051861103720642975,15.872918844223022,17.214539527893066,33.08746027946472,-2.2888182460434336e-09,0.0
1.299562453030235,47.025999999999996,1000.0,327,6540000,12,0.02037142775952816,4.863525390625,0.00010379999999999998,0.010771503895288085,0.702003613249245,-0.03265557476890663,15.777321577072144,23.019827127456665,38.79715061187744,-6.866454960174906e-09,-2.4414061883248905e-08
0.8023284955974516,32.45900000000001,1000.0,328,6560000,8,0.02155432291328907,4.86752986907959,0.00010319999999999997,0.012729367335548643,0.8496196887577875,-0.032538907743392353,15.779672145843506,15.360852003097534,31.140526294708252,-5.531310964812519e-09,1.2207030941624453e-08
0.5772820603853696,35.428999999999995,1000.0,329,6580000,8,0.020866984501481056,4.871739864349365,0.00010259999999999997,0.014062332390352322,1.3945619567467,-0.0466335668063428,15.799003601074219,14.769659519195557,30.568665742874146,9.918212917625624e-09,-1.5258788677030566e-09
0.7371173968402291,43.98700000000001,1000.0,330,6600000,11,0.020689377561211586,4.876628875732422,0.00010199999999999999,0.011970737009170467,1.5406220002798297,-0.037064253863011064,15.781474828720093,20.612104415893555,36.3935809135437,1.5258788677030566e-09,-2.1362303925798187e-08
1.0668321600805692,42.69500000000001,1000.0,331,6620000,11,0.022261325269937515,4.882056713104248,0.00010139999999999998,0.01218855961053079,1.2268262151158067,-0.0388970408153688,15.797670125961304,21.122998237609863,36.9206702709198,-1.3732909920349812e-08,0.0
1.0269606111668497,32.665000000000006,1000.0,332,6640000,7,0.021238144487142563,4.887393474578857,0.00010079999999999998,0.014132386341687616,1.8261079249562655,-0.038347867481998796,15.863221645355225,13.406399488449097,29.269623517990112,-1.5258788677030566e-09,1.2207030941624453e-08
1.2107695422275073,35.629999999999995,1000.0,333,6660000,8,0.02175888605415821,4.892820358276367,0.00010019999999999998,0.011330666294813859,1.8877276315832863,-0.04329895667996579,15.850885391235352,15.23180627822876,31.082694053649902,-1.5258788677030566e-09,3.433227480087453e-09
1.6144512123171555,38.44500000000001,1000.0,334,6680000,9,0.02151891030371189,4.898492336273193,9.959999999999998e-05,0.013655704330093563,1.2405624946127727,-0.043545479907392715,15.79528021812439,17.219046115875244,33.01432919502258,0.0,9.155272984173735e-09
1.5562534261772467,38.346,1000.0,335,6700000,7,0.02255074493587017,4.904380798339844,9.899999999999998e-05,0.01546274717184764,1.432444739891263,-0.04346476439497124,15.83354663848877,13.380455255508423,29.214004516601562,-6.103515470812226e-09,6.103515470812226e-09
1.3621413348114981,34.980000000000004,1000.0,336,6720000,9,0.021250726655125618,4.9102702140808105,9.839999999999998e-05,0.011083353533818499,1.081607443784034,-0.03885019914553569,15.750837326049805,16.936638593673706,32.68747806549072,1.5258788677030566e-09,-1.525878801089675e-08
1.197163162154574,32.626,1000.0,337,6740000,9,0.0207623653113842,4.916024684906006,9.779999999999998e-05,0.010351957123161929,1.1782742517189984,-0.035775426160616894,15.753504276275635,17.200944185256958,32.954450368881226,7.629394338515283e-10,-3.814697002724188e-09
1.0275173095999417,26.775,1000.0,338,6760000,8,0.0210039634257555,4.921316146850586,9.719999999999998e-05,0.011564870754192873,1.3092884058103014,-0.03790019835663822,15.830443859100342,15.1512451171875,30.981690645217896,-3.433227480087453e-09,1.3732909920349812e-08
1.03530404082587,29.575,1000.0,339,6780000,12,0.022669391706585884,4.92635440826416,9.659999999999998e-05,0.010091620885084668,0.7370305873048953,-0.03412005092395237,15.777343034744263,23.040391445159912,38.81773591041565,1.6403197022896165e-08,-5.187987994759169e-08
1.01188379097745,27.459000000000003,1000.0,340,6800000,10,0.021612895652651787,4.9310407638549805,9.599999999999998e-05,0.010359194087156187,1.835900229406052,-0.039264328512378016,15.824770450592041,19.230446100234985,35.05521845817566,3.814697002724188e-09,1.2207030941624453e-08
0.8755927816883023,31.389,1000.0,341,6820000,10,0.021430550143122673,4.935640811920166,9.539999999999997e-05,0.010909845783544805,0.9044965256898168,-0.03545247009589363,15.82440710067749,19.255186557769775,35.07959580421448,6.103515470812226e-09,-1.3732909920349812e-08
0.6757779901123375,32.39,1000.0,342,6840000,10,0.020505981519818306,4.940222263336182,9.479999999999997e-05,0.010418726793362405,0.7602106759532953,-0.030302539007208598,15.86107587814331,18.900116682052612,34.761194467544556,1.3732909920349812e-08,-2.1362303925798187e-08
0.700039481949659,29.529999999999994,1000.0,343,6860000,8,0.02002313733100891,4.944619655609131,9.419999999999997e-05,0.011972330547995663,1.0892736298112442,-0.04425754112090332,15.841747045516968,15.363112449645996,31.204861164093018,-1.2207030941624453e-08,0.0
0.6476087280246636,45.725,1000.0,344,6880000,15,0.020411543548107147,4.949805736541748,9.359999999999997e-05,0.012125681417164044,1.5170556827538564,-0.042884988642046755,15.825122117996216,28.66494917869568,44.490073442459106,3.051757735406113e-09,1.2588500908350397e-08
1.1245105425888509,43.842999999999996,1000.0,345,6900000,10,0.021449584513902664,4.955593585968018,9.299999999999997e-05,0.014507368482208956,1.1443638480890292,-0.04031147222412518,15.771242618560791,19.14521098136902,34.9164559841156,-3.051757735406113e-09,3.051757735406113e-09
1.5206841344840758,32.524,1000.0,346,6920000,10,0.021532760933041573,4.961256504058838,9.239999999999997e-05,0.0108582733758389,1.089414374458904,-0.02837676908999396,15.692876815795898,19.147894382476807,34.84077286720276,-4.577636492086867e-09,-3.05175760217935e-08
1.0114581546953194,20.514999999999997,1000.0,347,6940000,10,0.02216998301446438,4.966095924377441,9.179999999999997e-05,0.012257653852395071,0.7858266435968229,-0.042784572868479996,15.762529850006104,18.934844732284546,34.69737720489502,-2.1743773004345712e-08,6.103515470812226e-09
0.3163293489535841,20.557000000000006,1000.0,348,6960000,10,0.020951343700289726,4.970195293426514,9.119999999999997e-05,0.012125032482454523,1.1778650387217062,-0.03270409325637614,15.81443190574646,18.893313884735107,34.70774793624878,-7.629394005448376e-09,6.103515470812226e-09
0.16794767212958797,23.273999999999997,1000.0,349,6980000,10,0.020248040556907654,4.973788261413574,9.059999999999997e-05,0.010790311280167855,1.0611953259085696,-0.0319743605839392,15.847104787826538,18.98037362098694,34.82748031616211,2.2888182460434336e-09,0.0
0.4433532359989359,23.320999999999998,1000.0,350,7000000,11,0.02065952494740486,4.976927280426025,8.999999999999997e-05,0.014416938534830412,0.6132213330757054,-0.03192187253128269,15.798632621765137,21.163538217544556,36.962172508239746,-5.340575981449547e-09,-6.103515470812226e-09
0.7758989882259205,19.166999999999998,1000.0,351,7020000,11,0.02006618306040764,4.979409217834473,8.939999999999996e-05,0.011357016694136104,0.4667318523397565,-0.02644042153184086,15.8212251663208,21.085815906524658,36.90704274177551,-6.103515470812226e-09,-1.602172794434864e-08
0.9981268547794457,13.517000000000001,1000.0,352,7040000,8,0.020975204184651375,4.980959892272949,8.879999999999996e-05,0.012260089546944887,0.651924941593561,-0.021001682324802127,15.803806781768799,15.353607177734375,31.157415866851807,6.103515470812226e-09,0.0
0.8685134184002496,12.288,1000.0,353,7060000,8,0.020672613754868507,4.981596946716309,8.819999999999996e-05,0.011290204313661035,0.594813886839456,-0.02935633831545889,15.784202098846436,15.09210467338562,30.87630867958069,-2.2888182460434336e-09,1.831054596834747e-08
1.0542434463522468,16.738999999999997,1000.0,354,7080000,3,0.024722866714000702,4.981675624847412,8.759999999999996e-05,0.011190795749763107,1.3195280210849958,0.004124453842751007,15.846841096878052,5.684376955032349,21.531219959259033,-2.2888182460434336e-09,-3.051757735406113e-09
1.2381010192732167,26.961999999999996,1000.0,355,7100000,11,0.020129753276705742,4.9818644523620605,8.699999999999996e-05,0.01386812201401123,1.1426900865603697,-0.045039277733662016,15.823060035705566,21.116807222366333,36.93986964225769,-4.577636492086867e-09,-1.831054596834747e-08
1.1350705708697766,35.216,1000.0,356,7120000,6,0.02281659096479416,4.982649326324463,8.639999999999996e-05,0.011264378642584014,2.2790975086827374,-0.029350051794228907,15.764694452285767,11.501728296279907,27.266424655914307,-3.051757735406113e-09,3.051757735406113e-09
0.8835101104823769,43.104,1000.0,357,7140000,10,0.021521080285310745,4.984447956085205,8.579999999999996e-05,0.012869998657653411,0.8706530254203291,-0.04381522407082799,15.834033012390137,19.1500883102417,34.98412299156189,-9.155272984173735e-09,-3.051757735406113e-09
0.6359947829956074,39.881,1000.0,358,7160000,10,0.02006722427904606,4.986967086791992,8.519999999999996e-05,0.012016689357981562,0.811052233894793,-0.049944914999409035,15.750130891799927,18.72342348098755,34.47355580329895,3.6239622414058204e-09,-7.629394338515283e-10
1.0545187779348175,38.525999999999996,1000.0,359,7180000,12,0.02142617478966713,4.990055561065674,8.459999999999996e-05,0.012926706707643601,1.3571855703624673,-0.03733129093484979,15.78895878791809,23.040599822998047,38.82956075668335,4.959106458812812e-09,3.051757735406113e-09
1.3027759053225574,31.875,1000.0,360,7200000,13,0.020165352150797844,4.993256092071533,8.399999999999995e-05,0.010990616593429346,0.6115036072851722,-0.023619349439953207,15.76617956161499,24.705910682678223,40.47209191322327,-9.155272984173735e-09,1.678466787780053e-08
1.2028879616544614,19.062000000000005,1000.0,361,7220000,11,0.020323442295193672,4.995780944824219,8.339999999999995e-05,0.012003086726017558,0.5946429044553577,-0.032276389346493996,15.774708986282349,21.01835322380066,36.79306411743164,-1.1444091896350983e-08,-2.7465819840699623e-08
0.7517025132601758,20.8,1000.0,362,7240000,9,0.021333495154976845,4.997801780700684,8.279999999999995e-05,0.012952569716424544,1.2830810488476414,-0.038005159430557586,15.813039779663086,17.308382272720337,33.121423959732056,1.5258788677030566e-09,1.2207030941624453e-08
0.6741654981268239,22.962,1000.0,363,7260000,13,0.020702211186289787,4.999499797821045,8.219999999999995e-05,0.009341473460680849,0.5282895080681133,-0.030964823790594044,15.871516466140747,24.940430402755737,40.81194829940796,2.2888182460434336e-09,0.0
0.6995366402121964,21.46,1000.0,364,7280000,8,0.020165029913187027,5.000814914703369,8.159999999999995e-05,0.011186721249142835,0.684569528558479,-0.029811241560966706,15.760783910751343,15.148568153381348,30.90935444831848,0.0,3.814697002724188e-09
1.0521785702166906,18.639000000000003,1000.0,365,7300000,9,0.020536014810204506,5.001612186431885,8.099999999999995e-05,0.01169307150933885,0.741033477312629,-0.03843579539697899,15.808361291885376,17.279550552368164,33.08791422843933,-7.629394005448376e-09,-2.1362303925798187e-08
0.9856812096025825,20.76,1000.0,366,7320000,10,0.020603690296411514,5.002071380615234,8.039999999999995e-05,0.011148835104196883,0.6041524006345401,-0.029901706820395522,15.810046672821045,19.01573348045349,34.82578229904175,-6.103515470812226e-09,-3.051757735406113e-09
0.784597566289884,19.857999999999997,1000.0,367,7340000,8,0.02096104621887207,5.002170562744141,7.979999999999995e-05,0.013709984567818252,0.750772954199832,-0.036069656725595006,15.789893865585327,15.227049112319946,31.016944646835327,6.866454960174906e-09,-3.051757735406113e-09
0.8300280703417175,26.507000000000005,1000.0,368,7360000,10,0.021720541641116142,5.002352237701416,7.919999999999995e-05,0.01313194658818503,1.4673114090681838,-0.040181566779605875,15.785898447036743,18.919739484786987,34.70564007759094,2.956390243724627e-09,1.2207030941624453e-08
0.8169534243965864,38.004,1000.0,369,7380000,8,0.02023746818304062,5.003314971923828,7.859999999999995e-05,0.012739075679360284,1.3594120729940768,-0.04325279736104377,15.809577703475952,15.331011533737183,31.14059090614319,3.051757735406113e-09,-1.831054596834747e-08
1.2504080879493729,44.202999999999996,1000.0,370,7400000,11,0.0217027235776186,5.005363941192627,7.799999999999994e-05,0.0131178780567337,1.3519506299440298,-0.04979144496344962,15.780611038208008,20.923076391220093,36.70368981361389,-5.340575981449547e-09,1.5258788677030566e-09
1.1249783899190642,46.95299999999999,1000.0,371,7420000,13,0.020026031881570816,5.008563041687012,7.739999999999994e-05,0.01236501211414018,1.2716771908988822,-0.0544015557227556,15.855916738510132,24.367034196853638,40.22295331954956,-1.3351439953623867e-08,6.103515470812226e-09
0.5674441931024413,43.815999999999995,1000.0,372,7440000,11,0.02048080414533615,5.012607574462891,7.679999999999994e-05,0.009884364278394661,0.9683789412642232,-0.046921141428595416,15.84465217590332,21.118515729904175,36.96316957473755,1.5258788677030566e-09,0.0
0.27802506861157417,31.87300000000001,1000.0,373,7460000,9,0.023350127041339874,5.0166778564453125,7.619999999999994e-05,0.01133037193598643,1.4470075981220032,-0.03790975458599973,15.820796012878418,17.252559423446655,33.07335710525513,0.0,-3.051757735406113e-09
0.5715435884372255,21.256999999999998,1000.0,374,7480000,13,0.02033238485455513,5.020115375518799,7.559999999999994e-05,0.011942539269342179,1.131819544596706,-0.038990562717604475,15.818758487701416,24.893301963806152,40.7120623588562,5.912780487449254e-09,-4.882812376649781e-08
0.6460047219496254,19.937,1000.0,375,7500000,5,0.020193196833133698,5.022900104522705,7.499999999999994e-05,0.012001185121532447,2.6176809910577705,-0.011372821432904313,15.797958612442017,9.56747317314148,25.36543345451355,1.5258788677030566e-09,-6.103515470812226e-09
0.8761594999847331,36.352000000000004,1000.0,376,7520000,9,0.02050328254699707,5.0261149406433105,7.439999999999994e-05,0.01617363515089474,1.2298104351913417,-0.05026734963900492,15.802127122879028,17.22619867324829,33.02832818031311,-3.051757735406113e-09,-1.2207030941624453e-08
1.3898007048034104,39.63199999999999,1000.0,377,7540000,9,0.020645879209041595,5.0299224853515625,7.379999999999994e-05,0.014008708544509247,1.1310739005483716,-0.04168240885710807,15.74057936668396,17.1679208278656,32.908501625061035,-9.53674295089968e-09,0.0
1.493209542440541,32.635,1000.0,378,7560000,12,0.020745547488331795,5.033830165863037,7.319999999999994e-05,0.012700949114657089,0.7000725131414441,-0.030147122775370114,15.870344877243042,22.841240882873535,38.71158814430237,-1.2207030941624453e-08,-5.493163968139925e-08
1.142048923599564,19.891,1000.0,379,7580000,9,0.02023446373641491,5.037034034729004,7.259999999999994e-05,0.013990352095068718,1.059498656375805,-0.036494378384994856,15.714048385620117,16.966767072677612,32.68081712722778,9.155272984173735e-09,-3.814697180359872e-08
1.3419993463960154,19.511000000000003,1000.0,380,7600000,10,0.02128964476287365,5.039578914642334,7.199999999999993e-05,0.014740818863609633,0.8964693544390864,-0.045441707391172835,15.848469734191895,19.111732006072998,34.960203886032104,-6.103515470812226e-09,-1.2207030941624453e-08
1.5049384328929516,26.471000000000004,1000.0,381,7620000,4,0.023308435454964638,5.041965007781982,7.139999999999993e-05,0.018348758947252988,1.7076909818207493,-0.01023904206796576,15.773683786392212,7.6197662353515625,23.393451690673828,9.918212917625624e-09,4.577636758540393e-08
1.1039100010116167,31.415000000000003,1000.0,382,7640000,12,0.023110155016183853,5.044517993927002,7.079999999999993e-05,0.012980333618924847,1.1881667825852593,-0.05581690379615806,15.878047704696655,22.61119318008423,38.489243030548096,-4.577636492086867e-09,-6.103515470812226e-09
0.7288197796482818,33.482,1000.0,383,7660000,10,0.02162202261388302,5.047351360321045,7.019999999999993e-05,0.013445922034307601,1.8674539862825468,-0.04505206837405126,15.902522325515747,19.216795921325684,35.11932015419006,1.5258788677030566e-09,-9.155272984173735e-09
0.7562056405915872,36.623,1000.0,384,7680000,13,0.020334316417574883,5.050635814666748,6.959999999999993e-05,0.012646465881117206,0.9447958426177868,-0.03503973728423935,15.792170763015747,24.370375633239746,40.162548303604126,-5.340575981449547e-09,-9.155272984173735e-09
0.5297712945670777,31.323999999999995,1000.0,385,7700000,8,0.020383259281516075,5.053994655609131,6.899999999999993e-05,0.01124882712341345,1.3162955749339569,-0.03924637969944793,15.83589792251587,14.96419382095337,30.80009388923645,3.814697002724188e-09,-6.103515470812226e-09
0.592858219789921,25.005999999999997,1000.0,386,7720000,11,0.020260125398635864,5.057022571563721,6.839999999999993e-05,0.01227492157065813,0.908954756536215,-0.034931860662641874,15.763022184371948,20.524611473083496,36.287635803222656,-2.2888182460434336e-09,-4.882812376649781e-08
0.6486634873069423,28.088000000000005,1000.0,387,7740000,10,0.02099449373781681,5.0599470138549805,6.779999999999993e-05,0.018469215582270687,1.9413746749440701,-0.059558879013973685,15.918333768844604,18.81182622909546,34.730161905288696,0.0,0.0
0.7498017770112455,38.503,1000.0,388,7760000,11,0.020055823028087616,5.063436985015869,6.719999999999993e-05,0.017129348132476935,0.9691069004686634,-0.04424456067517456,15.748213052749634,20.682418823242188,36.43063402175903,0.0,0.0
0.9271897949872008,43.705000000000005,1000.0,389,7780000,10,0.021019766107201576,5.0677666664123535,6.659999999999992e-05,0.01376665847691389,2.525750662876775,-0.05344767867090603,15.798167705535889,18.902302265167236,34.70047211647034,4.577636492086867e-09,2.2125243859250077e-08
0.8784948875394363,50.11499999999999,1000.0,390,7800000,12,0.02001376822590828,5.07326078414917,6.599999999999992e-05,0.012488720751728534,0.9964993134601174,-0.042876941497567586,15.8389253616333,22.99187731742859,38.8308048248291,-6.103515470812226e-09,-1.0681151962899094e-08
0.7337730349435836,45.353,1000.0,391,7820000,16,0.020400812849402428,5.079504489898682,6.539999999999992e-05,0.010835721761604902,1.0318430774627974,-0.0353328789559791,15.746745109558105,30.141611099243164,45.88835835456848,-1.5258788677030566e-09,-1.2207030941624453e-08
0.579884592301015,33.076,1000.0,392,7840000,11,0.0205855593085289,5.085646152496338,6.479999999999992e-05,0.01226294829599146,1.4142368105290208,-0.0558919008921874,15.802411794662476,21.037363529205322,36.83977723121643,-1.2207030941624453e-08,-6.103515470812226e-09
0.6749829208034454,29.758000000000003,1000.0,393,7860000,13,0.02028856985270977,5.091485023498535,6.419999999999992e-05,0.015382887624363462,0.6898721608432395,-0.03673897441073751,15.790036916732788,24.83409857749939,40.62413763999939,6.103515470812226e-09,-1.831054596834747e-08
0.8319315268519567,33.48299999999999,1000.0,394,7880000,9,0.020492073148489,5.097289085388184,6.359999999999992e-05,0.012910563327811122,1.4694567044808757,-0.04624420239196354,15.771213293075562,16.819329023361206,32.59054398536682,-1.2207030941624453e-08,-6.103515470812226e-09
1.0262664753651527,29.655,1000.0,395,7900000,13,0.02015717327594757,5.102818012237549,6.299999999999992e-05,0.011676034726235447,0.7413311619728137,-0.03463449641653861,15.838157415390015,24.930408000946045,40.76856756210327,-9.918212917625624e-09,-1.831054596834747e-08
0.9623934979199816,40.736999999999995,1000.0,396,7920000,12,0.02100563235580921,5.108807563781738,6.239999999999992e-05,0.016314405368698544,1.362180482742949,-0.07058055429293895,15.775156497955322,22.93531584739685,38.71047401428223,6.866454960174906e-09,6.103515470812226e-09
0.7327026050244657,46.481,1000.0,397,7940000,15,0.0211232490837574,5.115581035614014,6.179999999999992e-05,0.015684738706031674,1.237815310392644,-0.04865188295154558,15.780548810958862,28.395010948181152,44.17556118965149,4.577636492086867e-09,0.0
0.7307611889960073,43.094,1000.0,398,7960000,11,0.02031601406633854,5.1228461265563965,6.119999999999992e-05,0.011920391870438057,0.739560691425006,-0.03182461537580884,15.802953243255615,20.87573480606079,36.6786904335022,-1.5258788677030566e-09,-1.831054596834747e-08
0.6332304560948893,20.594,1000.0,399,7980000,11,0.020527323707938194,5.1291117668151855,6.059999999999992e-05,0.014613627596652001,0.6092310942192255,-0.03482612588794779,15.832419157028198,20.808037757873535,36.640458822250366,0.0,-1.2207030941624453e-08
1.2178647525334638,17.585,1000.0,400,8000000,9,0.02018699049949646,5.134282112121582,5.999999999999992e-05,0.016549540738838655,1.0484494909903324,-0.0479076468558664,15.843873023986816,17.3255615234375,33.16943621635437,3.814697002724188e-09,-3.05175760217935e-08
2.0937351441692034,29.088,1000.0,401,8020000,14,0.020475784316658974,5.1392059326171875,5.939999999999992e-05,0.01227272029082826,0.947562060791137,-0.06149357236583434,15.91742491722107,26.86039090156555,42.77781820297241,1.5258788677030566e-09,1.5258788677030566e-09
1.8121850224887357,38.45799999999999,1000.0,402,8040000,11,0.02007569558918476,5.144511699676514,5.8799999999999925e-05,0.014091068834137802,1.5906153837331949,-0.03849921803088329,15.824243783950806,21.06815481185913,36.89240050315857,2.2888182460434336e-09,0.0
1.0430041275419524,33.516999999999996,1000.0,403,8060000,15,0.020512470975518227,5.149844169616699,5.8199999999999924e-05,0.015121578916518516,0.6487712212644827,-0.03478534718533071,15.855125665664673,28.66412091255188,44.519248962402344,-6.103515470812226e-09,-3.814697002724188e-09
1.1013938976954778,35.708999999999996,1000.0,404,8080000,17,0.021656911820173264,5.155343532562256,5.759999999999993e-05,0.013389517572403704,1.1022022260050872,-0.06493375857872268,15.976815700531006,32.5002167224884,48.47703456878662,1.5640258865801115e-08,1.831054596834747e-08
1.0860495102518848,51.843,1000.0,405,8100000,25,0.02083762176334858,5.162037372589111,5.6999999999999935e-05,0.011921409935342332,0.661028155450242,-0.07273617655181656,15.850517988204956,47.11056661605835,62.9610869884491,-1.1444091896350983e-08,9.155272984173735e-09
0.9038768177909147,50.188,1000.0,406,8120000,11,0.021418048068881035,5.169702529907227,5.6399999999999934e-05,0.012722331129102133,0.6923643486325975,-0.03850913561248707,16.1568763256073,21.012487649917603,37.16936635971069,1.5258788677030566e-09,1.525878801089675e-08
0.8328418563794913,37.043,1000.0,407,8140000,15,0.020031999796628952,5.177393436431885,5.579999999999994e-05,0.01564674055872285,0.6009097560653036,-0.03944488362398264,15.814308404922485,28.510382890701294,44.32469320297241,4.959106458812812e-09,-9.155272984173735e-09
1.1772537165319488,25.875999999999998,1000.0,408,8160000,10,0.02052590623497963,5.184382438659668,5.519999999999994e-05,0.013851900514179526,0.8220922264809045,-0.03596361077215059,15.885593175888062,19.132508039474487,35.01810336112976,-2.0980834847250662e-09,4.577636492086867e-09
1.1021056820033246,23.93,1000.0,409,8180000,15,0.020173557102680206,5.190612316131592,5.459999999999994e-05,0.01281639016625155,0.6110593727348458,-0.03908865213050994,15.857224941253662,28.748268842697144,44.6054961681366,-7.343292196537732e-09,-1.831054596834747e-08
1.0165534827791822,19.115,1000.0,410,8200000,16,0.02148410864174366,5.195843696594238,5.3999999999999944e-05,0.013592809298114416,0.47620263584434225,-0.038010342769472065,15.841114282608032,30.377034187316895,46.21815085411072,9.53674250681047e-10,3.05175760217935e-08
0.8156138532101492,20.305000000000003,1000.0,411,8220000,12,0.020583193749189377,5.200252056121826,5.339999999999995e-05,0.012913815929709128,0.6991492471121117,-0.03495826015741831,15.80866003036499,22.968517303466797,38.777179479599,-1.4877318932349226e-08,1.678466787780053e-08
0.6797529872503003,23.074,1000.0,412,8240000,12,0.020104458555579185,5.204099178314209,5.279999999999995e-05,0.012722602878529598,0.688228088787125,-0.04299222450768843,15.750306606292725,22.982593059539795,38.73290205001831,1.5258788677030566e-09,-1.0299681996173149e-08
0.5996021483645663,20.912,1000.0,413,8260000,19,0.02499774470925331,5.207298755645752,5.219999999999995e-05,0.010532941111716298,0.4677655408367181,-0.022654631242675326,15.764596223831177,35.65066862106323,51.41526675224304,-2.2888182460434336e-09,6.484984993448961e-09
0.43717050199648877,13.042000000000002,1000.0,414,8280000,12,0.021026821807026863,5.209397792816162,5.1599999999999946e-05,0.015027575751000874,0.47265285472916213,-0.02879746223532588,15.78443956375122,22.58902406692505,38.37346577644348,-3.8146971692576415e-10,1.2207030941624453e-08
0.4190398050951806,14.976999999999999,1000.0,415,8300000,12,0.020298629999160767,5.210630893707275,5.0999999999999945e-05,0.012891713614750127,0.9431071436633698,-0.04513021806131997,15.80410647392273,22.963264226913452,38.767372846603394,-7.629394005448376e-09,-6.103515470812226e-09
0.6383571061380827,23.993,1000.0,416,8320000,18,0.020001892000436783,5.211676120758057,5.039999999999995e-05,0.011215581528559448,0.8830993325417458,-0.03892988465623226,15.75304365158081,34.069804430007935,49.82285022735596,6.103515470812226e-09,-1.5258788677030566e-09
0.533506801770451,27.594000000000005,1000.0,417,8340000,20,0.0210467129945755,5.212789058685303,4.979999999999996e-05,0.013956114632142975,0.39718365905621944,-0.029795043340277154,15.773287534713745,38.2327516078949,54.006041288375854,2.6702879907247734e-09,3.051757735406113e-09
0.4405957309076151,23.747999999999998,1000.0,418,8360000,11,0.02003767341375351,5.213709831237793,4.9199999999999956e-05,0.011843423564809328,0.8996168652004605,-0.04847164460028582,15.829004049301147,21.1201274394989,36.94913387298584,-1.5258788677030566e-09,1.3732909920349812e-08
0.37817494375239336,23.512000000000008,1000.0,419,8380000,17,0.02077662944793701,5.214441299438477,4.8599999999999955e-05,0.011876699088844584,0.5418932156956211,-0.03752964337245596,15.751718521118164,32.249398708343506,48.00111937522888,-3.8146971692576415e-10,7.247924482811641e-09
0.10921039715456622,28.575000000000006,1000.0,420,8400000,11,0.02203645557165146,5.21533727645874,4.7999999999999954e-05,0.010304839956603085,0.9803095617042944,-0.018261691877002238,15.803088188171387,20.857234477996826,36.660324811935425,-2.2888182460434336e-09,1.5258788677030566e-09
0.26563126289207767,20.487000000000002,1000.0,421,8420000,16,0.02106844075024128,5.215845584869385,4.739999999999996e-05,0.011154456522141675,0.5869667376495731,-0.03722151812871162,15.786954879760742,30.294764757156372,46.08172154426575,9.155272984173735e-09,-6.103515470812226e-09
0.6202602874383187,20.741999999999997,1000.0,422,8440000,15,0.020433925092220306,5.2160210609436035,4.6799999999999965e-05,0.009685413574718566,0.7813637171373072,-0.047369551240080715,15.76868724822998,28.533501148223877,44.30219054222107,4.386901952813105e-09,-7.629394005448376e-09
0.9266078294999627,25.484,1000.0,423,8460000,14,0.02053188905119896,5.216211318969727,4.619999999999997e-05,0.01003661810353293,1.153417009657945,-0.04245755776961894,15.768118858337402,26.679126262664795,42.44724702835083,9.155272984173735e-09,-9.155272984173735e-09
0.9229504753513164,23.748,1000.0,424,8480000,16,0.02019076980650425,5.216299533843994,4.559999999999997e-05,0.009939844228926832,0.5719068903511706,-0.033967857854217645,15.776304244995117,30.41976499557495,46.19607162475586,4.577636492086867e-09,-7.629394005448376e-09
1.1978110735738292,20.089999999999996,1000.0,425,8500000,14,0.02019774354994297,5.2160515785217285,4.499999999999997e-05,0.012825345024781065,0.5022800594826694,-0.04154203593166012,15.816975116729736,26.574960470199585,42.39193773269653,-3.8146971692576415e-10,-1.3732909920349812e-08
0.8673211441990363,16.296000000000003,1000.0,426,8520000,18,0.020812494680285454,5.215246677398682,4.439999999999997e-05,0.01093250592736766,0.5428282067015698,-0.0257690259044541,15.794219732284546,34.113046169281006,49.907267808914185,1.4114379887075756e-08,-3.356933575560106e-08
0.2261940388462426,16.627999999999997,1000.0,427,8540000,15,0.02210146188735962,5.213961601257324,4.379999999999997e-05,0.010523102591577937,1.1403714156379334,-0.04068406886570909,15.75666069984436,28.703905820846558,44.46056890487671,-9.155272984173735e-09,-7.629394005448376e-09
0.17690757898216364,15.706999999999999,1000.0,428,8560000,16,0.02052406780421734,5.212181091308594,4.3199999999999966e-05,0.010557516083008232,0.7400209287913463,-0.03444883095944068,15.755467891693115,30.58066964149475,46.3361394405365,7.247924482811641e-09,3.051757735406113e-09
0.5796282423159231,14.560999999999998,1000.0,429,8580000,20,0.0203690268099308,5.209876537322998,4.259999999999997e-05,0.009775866331389774,0.3999370357836969,-0.027135751062606912,15.779356956481934,38.24173951148987,54.021098613739014,6.103515470812226e-09,-1.831054596834747e-08
0.8257987355627859,13.181999999999999,1000.0,430,8600000,17,0.021285243332386017,5.207005977630615,4.199999999999997e-05,0.011209743385870214,0.5631291087779128,-0.03897893287205053,15.802051782608032,31.94772696495056,47.74978065490723,-4.577636492086867e-09,6.103515470812226e-09
0.640555339092494,15.059000000000003,1000.0,431,8620000,19,0.02212279848754406,5.2037506103515625,4.1399999999999976e-05,0.010815494238411967,0.4296527584726237,-0.024441851898623787,15.739028215408325,36.34919309616089,52.088223695755005,-9.155272984173735e-09,6.866454960174906e-09
0.39526698131052396,16.361,1000.0,432,8640000,20,0.02053207717835903,5.200234889984131,4.0799999999999975e-05,0.010767014485042983,0.3477482539372513,-0.03158374123755819,15.751835823059082,37.681987285614014,53.43382525444031,-1.5258788677030566e-09,-1.7166136956348055e-08
0.42824949571980486,16.289000000000005,1000.0,433,8660000,16,0.02046774886548519,5.196479320526123,4.019999999999998e-05,0.014030483628871639,0.8117304804850929,-0.04556218526599863,15.824254512786865,30.58087944984436,46.40513586997986,1.5258788677030566e-09,7.629394338515283e-10
1.0276539528192683,20.398999999999997,1000.0,434,8680000,21,0.020648637786507607,5.192783832550049,3.959999999999998e-05,0.010047341601136166,0.43838499913100654,-0.028770248938528132,15.838311910629272,40.263097286224365,56.10141110420227,5.7220459481754915e-09,-3.814697002724188e-09
1.3027020053993024,18.952000000000005,1000.0,435,8700000,15,0.02012476697564125,5.18904447555542,3.899999999999998e-05,0.009805123653377905,0.5656680941169128,-0.03593101031122148,15.808211088180542,28.659378051757812,44.46759104728699,-7.629394338515283e-10,-1.3351439953623867e-08
1.3561483302272737,16.661,1000.0,436,8720000,17,0.020561950281262398,5.185109615325928,3.8399999999999985e-05,0.01340855305102174,0.8111213586749808,-0.051704202674145855,15.805285453796387,32.414005279541016,48.219292640686035,-1.907348501362094e-09,3.051757735406113e-09
1.2672161603444048,22.012,1000.0,437,8740000,18,0.02013024128973484,5.181360721588135,3.7799999999999984e-05,0.011930262054163627,0.5254287469628266,-0.04238298963831409,15.763832807540894,34.4020311832428,50.1658661365509,4.577636492086867e-09,-1.525878801089675e-08
1.076477778206186,24.189,1000.0,438,8760000,21,0.021040603518486023,5.177927017211914,3.719999999999999e-05,0.009246937064650908,0.9525553624542558,-0.036968554614519,15.756437063217163,40.10684633255005,55.863285779953,1.2969969986897922e-08,-3.051757735406113e-09
0.45135790183564983,28.893,1000.0,439,8780000,19,0.020383337512612343,5.1750969886779785,3.659999999999999e-05,0.01008491337868445,0.6115438852322007,-0.05196280186008947,15.77042818069458,36.50312089920044,52.27355146408081,-1.5258788677030566e-09,9.155272984173735e-09
0.3646753331738026,29.728999999999996,1000.0,440,8800000,15,0.020832009613513947,5.172868251800537,3.599999999999999e-05,0.012408256400039338,1.3452647228273975,-0.059269095606967026,15.782055616378784,28.67132019996643,44.45337796211243,9.155272984173735e-09,-1.1062621929625038e-08
0.8096319208996079,30.223999999999997,1000.0,441,8820000,20,0.02011367864906788,5.171216011047363,3.5399999999999986e-05,0.012515954567214695,1.3056471144715056,-0.04948448345077019,15.777204036712646,37.9006187915802,53.67782473564148,3.051757735406113e-09,-7.629394338515283e-10
1.088606920126066,31.313,1000.0,442,8840000,16,0.020303336903452873,5.1701579093933105,3.4799999999999985e-05,0.013524753146450788,0.9226314028004964,-0.04829288728738995,15.794667959213257,30.647103548049927,46.441773653030396,3.051757735406113e-09,7.629394338515283e-10
0.6344715044079201,28.235000000000003,1000.0,443,8860000,22,0.020513901486992836,5.1694254875183105,3.4199999999999984e-05,0.012032098266478133,0.4844361918153646,-0.037082051173406495,15.867819547653198,42.02772259712219,57.89554452896118,-6.866454960174906e-09,-4.577636492086867e-09
0.9765396734080269,24.479999999999997,1000.0,444,8880000,18,0.020693905651569366,5.168729782104492,3.359999999999998e-05,0.014614980588483607,0.6271842100892585,-0.05902597569107724,15.796049356460571,34.28483319282532,50.0808846950531,-3.051757735406113e-09,1.525878801089675e-08
1.4460681383918856,23.798,1000.0,445,8900000,18,0.02051880769431591,5.168020248413086,3.299999999999998e-05,0.014378042538697611,0.5841137825421802,-0.03806726615459394,15.763493299484253,33.967135429382324,49.73063087463379,2.2888182460434336e-09,-1.1444091896350983e-08
1.037233678556993,29.808999999999997,1000.0,446,8920000,29,0.020543690770864487,5.167710781097412,3.239999999999998e-05,0.010480772788379162,0.5305184143629974,-0.06136861299363129,15.833603858947754,55.15381741523743,70.98742341995239,-4.00543198608716e-09,-1.831054596834747e-08
0.5577280847753787,30.953999999999997,1000.0,447,8940000,20,0.020325113087892532,5.16784143447876,3.179999999999998e-05,0.01083219218151138,0.4965185661499683,-0.03649688179272944,15.792785167694092,38.34740972518921,54.14019727706909,-1.2397765480898215e-08,4.577636492086867e-09
0.5346101144001407,33.018,1000.0,448,8960000,20,0.020747091621160507,5.168510913848877,3.119999999999998e-05,0.009313672030353532,0.6417063454779002,-0.053703088032010314,15.792133569717407,38.32412910461426,54.11626482009888,-1.9836425835251248e-08,9.155272984173735e-09
0.6782749971278991,21.465,1000.0,449,8980000,21,0.020480910316109657,5.16887092590332,3.059999999999998e-05,0.009634416735656395,0.6097758850282536,-0.03552141047364661,15.857352018356323,39.91173434257507,55.76908826828003,-1.754760781125242e-08,-1.2969969986897922e-08
0.6657785064797725,18.228,1000.0,450,9000000,23,0.020363176241517067,5.168727874755859,2.9999999999999977e-05,0.009642583075812486,0.45783321655886194,-0.0432044868037293,15.78036093711853,43.87770652770996,59.65806984901428,-3.051757735406113e-09,-2.2888183792701966e-08
0.949413037659817,16.961999999999996,1000.0,451,9020000,16,0.020669961348176003,5.16804313659668,2.9399999999999976e-05,0.014425187382643251,0.7631914577039238,-0.043677238899970446,15.811353206634521,30.357798099517822,46.169153451919556,4.577636492086867e-09,-7.629394338515283e-10
0.756877559273376,17.229999999999997,1000.0,452,9040000,30,0.02001708187162876,5.166888236999512,2.8799999999999975e-05,0.009460385674382614,0.6275714447497687,-0.039247031039156666,15.745960235595703,57.54265356063843,73.28861594200134,-2.2888182460434336e-09,-6.103515470812226e-09
0.43998409541005595,19.055000000000003,1000.0,453,9060000,18,0.020350441336631775,5.165435314178467,2.8199999999999974e-05,0.010561552731023376,2.0030335099573544,-0.05150659258910817,15.78428840637207,34.34581279754639,50.13010334968567,-1.831054596834747e-08,1.525878801089675e-08
0.4720708612907633,27.252,1000.0,454,9080000,18,0.02014181762933731,5.164282321929932,2.7599999999999973e-05,0.012225612345719257,1.2424312776862454,-0.06185522884160894,15.823363065719604,34.465282917022705,50.28864812850952,-4.577636492086867e-09,4.577636492086867e-09
1.2395778709208602,32.84500000000001,1000.0,455,9100000,21,0.020375415682792664,5.163788318634033,2.6999999999999975e-05,0.011874663762345278,1.4043205113021384,-0.07259278763558845,15.857128143310547,40.21695399284363,56.07408428192139,9.155272984173735e-09,-2.4414061883248905e-08
1.732898103828946,34.166000000000004,1000.0,456,9120000,21,0.020191362127661705,5.163980960845947,2.6399999999999974e-05,0.012643498563242116,0.959302617696328,-0.049114872527542694,15.801817655563354,40.159913063049316,55.961732387542725,-1.0681151962899094e-08,-6.103515470812226e-09
1.5379830034141277,29.639,1000.0,457,9140000,21,0.020451167598366737,5.164477825164795,2.5799999999999977e-05,0.011666034692896976,0.8816898392566386,-0.05835920610310243,15.76460886001587,39.968971490859985,55.733582496643066,-8.01086397217432e-09,-6.103515470812226e-09
0.8601711027595258,25.217999999999996,1000.0,458,9160000,21,0.020267214626073837,5.16494083404541,2.5199999999999976e-05,0.011749268530630097,0.9095560135987185,-0.05055517661283931,15.787915229797363,40.08359694480896,55.87151479721069,1.5258788677030566e-09,2.4414061883248905e-08
0.7944046299994386,24.290000000000003,1000.0,459,9180000,26,0.020106418058276176,5.165308475494385,2.4599999999999975e-05,0.010644480801315859,0.7712175942962894,-0.04852041459815615,15.740226984024048,49.83622407913208,65.57645320892334,-2.6702879907247734e-09,-1.831054596834747e-08
0.8643837853316022,21.762,1000.0,460,9200000,28,0.020655734464526176,5.1654133796691895,2.3999999999999974e-05,0.013064929715917535,1.0890026355254927,-0.057821474952543764,15.771419048309326,53.49301719665527,69.26443862915039,-1.4114379887075756e-08,6.103515470812226e-09
0.9210366157122761,22.429,1000.0,461,9220000,26,0.020490305498242378,5.165327548980713,2.3399999999999972e-05,0.011544051337057921,0.8208557712333037,-0.04967637261916863,15.8334641456604,49.81292796134949,65.64639401435852,-1.3732909920349812e-08,-8.392333938900265e-09
0.8746730877118557,20.891000000000002,1000.0,462,9240000,24,0.02079186588525772,5.164962291717529,2.279999999999997e-05,0.009206524835621762,0.8667424951181117,-0.03602431787793347,15.830927610397339,45.34999704360962,61.18092679977417,6.866454960174906e-09,-2.2888183792701966e-08
0.8725746831839579,16.478,1000.0,463,9260000,26,0.02001858502626419,5.164034366607666,2.2199999999999974e-05,0.011135930035690852,0.6612559321633309,-0.047508427622970896,15.807834386825562,49.570170640945435,65.37800741195679,-4.577636492086867e-09,-1.525878801089675e-08
0.9751553291650883,12.487,1000.0,464,9280000,29,0.020336460322141647,5.162317752838135,2.1599999999999976e-05,0.01032362989779659,0.6336347659286639,-0.04069661857650875,15.792893886566162,55.58849358558655,71.38138961791992,3.814697002724188e-09,2.4414061883248905e-08
0.8869731431435831,15.145000000000005,1000.0,465,9300000,31,0.02062920853495598,5.160077095031738,2.0999999999999975e-05,0.010333495125701277,0.6552001143114894,-0.04016360869637122,15.810293436050415,59.39153265953064,75.20182824134827,-1.4495848965623281e-08,9.918212917625624e-09
0.9387973841463184,13.264999999999997,1000.0,466,9320000,23,0.020030036568641663,5.157230377197266,2.0399999999999974e-05,0.012770620861263685,0.5264283938260688,-0.03434751656890673,15.794738531112671,43.86946725845337,59.66420769691467,-1.1444091230217168e-09,-3.356933575560106e-08
1.5890787824518269,16.456,1000.0,467,9340000,25,0.020030317828059196,5.154061317443848,1.9799999999999973e-05,0.013221286602746754,0.7665164803734984,-0.05708777043105552,15.779634237289429,47.74241280555725,63.52204966545105,-1.5258788677030566e-09,-6.103515470812226e-09
1.8278600947028003,20.821,1000.0,468,9360000,30,0.020030181854963303,5.150909900665283,1.9199999999999975e-05,0.011213890606035599,1.0061237687500901,-0.051078128845592576,15.765117645263672,57.12853980064392,72.8936595916748,-3.051757735406113e-09,-8.392333938900265e-09
1.4810743678317517,20.008000000000003,1000.0,469,9380000,27,0.02022136002779007,5.147716522216797,1.8599999999999978e-05,0.012020119959540306,0.640735518095155,-0.04290159652114299,15.787322044372559,51.25307536125183,67.0403995513916,-3.051757735406113e-09,6.103515470812226e-09
1.0243120665445307,15.678999999999998,1000.0,470,9400000,33,0.020334431901574135,5.1441779136657715,1.799999999999998e-05,0.01281018757478365,0.6966953799135746,-0.06667461075928859,15.748011350631714,63.26356339454651,79.01157712936401,-6.103515470812226e-09,-9.155272984173735e-09
0.8366260549657498,21.925,1000.0,471,9420000,32,0.020203735679388046,5.14077091217041,1.7399999999999982e-05,0.010806274249872265,0.5335368085518694,-0.043944692701618666,15.848704099655151,60.97697067260742,76.8256766796112,-1.907348501362094e-09,-2.9373168786150927e-08
0.4929909001900709,23.217000000000002,1000.0,472,9440000,27,0.020022979006171227,5.137573719024658,1.6799999999999985e-05,0.00945889384497573,0.5764152244863644,-0.048679643889721395,15.748424530029297,51.47407531738281,67.22250199317932,-5.340575981449547e-09,1.525878801089675e-08
0.5642116773738886,27.985000000000003,1000.0,473,9460000,36,0.020525958389043808,5.134904861450195,1.6199999999999987e-05,0.009524777659899722,0.5725526479864674,-0.06933101233925418,15.762110948562622,68.66794562339783,84.43005871772766,-8.392333938900265e-09,-1.4114379887075756e-08
0.5739487370303901,26.830000000000002,1000.0,474,9480000,40,0.018123280256986618,5.132630348205566,1.559999999999999e-05,0.009298636598851735,0.9553580133678814,-0.04174879469667761,15.788403034210205,76.43407559394836,92.22248101234436,-3.814697002724188e-09,-9.918212917625624e-09
0.43131590221591865,34.634,1000.0,475,9500000,40,0.017592739313840866,5.13126802444458,1.499999999999999e-05,0.008744604761426607,1.206111129051961,-0.06882475418813777,15.855499744415283,75.85042643547058,91.70592832565308,-2.2888182460434336e-09,3.356933575560106e-08
0.42005481271393597,31.445999999999998,1000.0,476,9520000,39,0.020060470327734947,5.130500793457031,1.4399999999999991e-05,0.009497198544319362,0.7352920989908398,-0.04594343284441324,15.822983503341675,73.85514712333679,89.6781325340271,-1.5258788677030566e-09,-1.3732909920349812e-08
0.6747930117517357,24.236,1000.0,477,9540000,40,0.018583189696073532,5.129754543304443,1.3799999999999992e-05,0.010090780977424555,0.404623099521231,-0.03462034455309369,15.76004695892334,76.20990943908691,91.96995878219604,1.5258788677030566e-09,-1.4495848965623281e-08
0.9614778076562891,13.641000000000002,1000.0,478,9560000,40,0.017387021332979202,5.128268718719482,1.3199999999999992e-05,0.011314141697111948,0.7801609317084757,-0.044883154996465474,15.808858633041382,76.5776617527008,92.38652276992798,-1.5258788677030566e-09,-4.577636492086867e-09
0.7072480566325569,13.409,1000.0,479,9580000,40,0.017210818827152252,5.126098155975342,1.2599999999999993e-05,0.009683492632557493,0.3626458266232246,-0.03122010237645929,15.740410089492798,76.43331336975098,92.17372560501099,-1.5258788677030566e-09,-1.831054596834747e-08
0.7716463897289204,31.678000000000004,1000.0,480,9600000,40,0.012150648981332779,5.124621868133545,1.1999999999999992e-05,0.007402198498297971,1.3583273777446618,-0.04815139235815587,15.757686138153076,76.08802366256714,91.845712184906,0.0,1.4495848965623281e-08
0.6821397173105808,35.55,1000.0,481,9620000,40,0.016319625079631805,5.124050140380859,1.1399999999999992e-05,0.009078272045203173,0.8142454680900414,-0.06450776678254119,15.77144980430603,76.42854928970337,92.20000147819519,4.386901952813105e-09,-3.051757735406113e-09
0.5856782295321864,31.119999999999994,1000.0,482,9640000,40,0.01769476942718029,5.12397575378418,1.0799999999999993e-05,0.007147836354680169,0.8176741296681352,-0.03791203587959422,15.805261611938477,76.68689894676208,92.49216294288635,-4.577636492086867e-09,-6.103515470812226e-09
0.7611382878451887,21.606,1000.0,483,9660000,40,0.0176863856613636,5.123663902282715,1.0199999999999994e-05,0.012068650420508184,0.781799721096556,-0.08914305812652452,15.837720155715942,76.40178060531616,92.23950290679932,9.155272984173735e-09,3.05175760217935e-08
1.3187499161758236,26.276,1000.0,484,9680000,40,0.01527581736445427,5.123475074768066,9.599999999999994e-06,0.012638258299204156,0.6275348506653652,-0.0415938590533106,15.672980546951294,75.45239233970642,91.1253752708435,0.0,-1.2207030941624453e-08
1.283250083595666,26.733000000000004,1000.0,485,9700000,40,0.01477113738656044,5.123430252075195,8.999999999999995e-06,0.009434630052772716,0.49641090211586447,-0.0334902811323117,15.7197105884552,76.45174503326416,92.17145776748657,0.0,1.2207030941624453e-08
0.4448043261913742,17.001,1000.0,486,9720000,40,0.01587999053299427,5.1228108406066895,8.399999999999996e-06,0.01099132554246315,0.6897599537496845,-0.0388418042061169,15.853852033615112,76.68683815002441,92.54069256782532,-8.01086397217432e-09,-9.155272984173735e-09
0.41504625594518985,13.406,1000.0,487,9740000,40,0.01450502872467041,5.121412754058838,7.799999999999996e-06,0.010977126969903791,0.4067983698694946,-0.03036443238000061,15.746362924575806,76.30908226966858,92.0554473400116,1.5258788677030566e-09,-2.0217894913798773e-08
0.7087857131966129,12.843,1000.0,488,9760000,40,0.014801870100200176,5.1192708015441895,7.199999999999997e-06,0.011917621302105986,0.366012913230271,-0.035892608448619044,15.737291097640991,75.93026518821716,91.6675591468811,4.00543198608716e-09,1.678466787780053e-08
1.0394042823837575,24.661,1000.0,489,9780000,40,0.01110533345490694,5.117315769195557,6.599999999999997e-06,0.011059661518809157,0.4105956937022769,-0.05545360576822616,15.779627799987793,76.35653686523438,92.13616728782654,-6.103515470812226e-09,-1.0681151962899094e-08
0.9162751184507888,36.22500000000001,1000.0,490,9800000,40,0.008461451157927513,5.116370677947998,5.999999999999997e-06,0.00981241756237109,0.9345145931592383,-0.054325168702555014,15.81801152229309,76.51702284812927,92.33503675460815,-6.866454960174906e-09,6.866454782539222e-08
0.5583201403585871,54.629999999999995,1000.0,491,9820000,40,0.00997859612107277,5.117676258087158,5.3999999999999974e-06,0.009262747604127665,0.8571571767437287,-0.050485381816540616,15.75203537940979,76.18880915641785,91.94084692001343,-1.2207030941624453e-08,3.814697002724188e-09
0.27488112048846086,53.773,1000.0,492,9840000,40,0.009695051237940788,5.120948314666748,4.799999999999997e-06,0.007794537558369101,1.3351394123781604,-0.05643515442081462,15.829154014587402,75.96776270866394,91.79691863059998,-7.629394005448376e-09,9.155272984173735e-09
0.2438502218857245,42.117000000000004,1000.0,493,9860000,40,0.010086752474308014,5.1251444816589355,4.199999999999998e-06,0.008425536010185251,0.5217815990788868,-0.04135160397231644,15.803454160690308,76.14956092834473,91.95301699638367,0.0,0.0
0.4943236285109086,31.017000000000007,1000.0,494,9880000,40,0.008651572279632092,5.12936544418335,3.5999999999999986e-06,0.010698533624287148,0.5311638111575915,-0.0388089565935875,15.808469533920288,75.87520265579224,91.68367457389832,-1.525878801089675e-08,-9.155272984173735e-09
0.40865484606655594,23.631,1000.0,495,9900000,40,0.007228096015751362,5.133069038391113,2.999999999999999e-06,0.007803354307729453,0.5292660263209297,-0.027426327361885945,15.782644987106323,75.59022092819214,91.37286853790283,-7.629394005448376e-09,1.2207030941624453e-08
0.38115663794375754,24.803000000000004,1000.0,496,9920000,40,0.007546067703515291,5.136392116546631,2.399999999999999e-06,0.010505794172030918,1.0974324265822244,-0.050294345107893594,15.742628335952759,75.85943841934204,91.60206890106201,4.577636492086867e-09,1.678466787780053e-08
0.7435279119115467,26.317,1000.0,497,9940000,40,0.006973929237574339,5.139483451843262,1.7999999999999993e-06,0.008494261929545159,0.5803069265315327,-0.01746806221554419,15.75456953048706,76.51267004013062,92.26724171638489,-1.678466787780053e-08,3.051757735406113e-09
0.5701258270258884,23.216999999999995,1000.0,498,9960000,40,0.005782118532806635,5.1421380043029785,1.1999999999999997e-06,0.0097329801419369,0.473211694193391,-0.02534007074061436,15.79936408996582,76.40140509605408,92.20077109336853,-6.484984993448961e-09,3.051757735406113e-09
-0.17057175554222753,20.528999999999996,1000.0,499,9980000,40,0.0036634986754506826,5.144201755523682,5.999999999999999e-07,0.009905395434482005,0.5908146609311191,-0.0233766662330328,15.774019718170166,76.20065450668335,91.9746766090393,-6.103515470812226e-09,-1.2207030941624453e-08
-0.4633526644787647,24.142000000000003,1000.0,500,10000000,40,0.0027341169770807028,5.145998477935791,0.0,0.009491887771912788,0.4093141621186996,-0.01375298375292077,15.724842309951782,76.10853147506714,91.83337545394897,-5.340575981449547e-09,-6.103515470812226e-09
