Metrics/EpRet,Metrics/EpCost,Metrics/EpLen,Train/Epoch,Train/TotalSteps,Train/StopIter,Train/KL,Train/LagragianMultiplier,Train/LR,Loss/Loss_reward_critic,Loss/Loss_cost_critic,Loss/Loss_actor,Time/Rollout,Time/Update,Time/Total,Value/RewardAdv,Value/CostAdv
-0.39741614613097326,77.08886673633384,1000.0,1,20000,40,0.011366993188858032,0.0,0.00029939999999999996,0.00528033257835134,2.178123513521097,-0.013653433438652334,16.372317790985107,77.46317481994629,93.83549427986145,7.629394338515283e-10,9.613037121880552e-08
-0.6398508352844829,100.03035857746112,1000.0,2,40000,40,0.016888746991753578,0.01730034314095974,0.00029879999999999994,0.0032108931086519315,1.699636412669009,-0.016980084446712604,16.3152437210083,74.85716652870178,91.17241191864014,-6.866454960174906e-09,-3.662109193669494e-08
-0.36098361738598495,105.84752215921132,1000.0,3,60000,20,0.020195050165057182,0.04263658449053764,0.00029819999999999993,0.004287140714521624,2.3783683038843324,-0.01575804036423064,16.31915807723999,36.91837739944458,53.23753881454468,1.525878801089675e-08,7.934570334100499e-08
0.516118901298465,106.21099999999998,1000.0,4,80000,40,0.017091553658246994,0.0713595598936081,0.0002975999999999999,0.005368154588566064,2.257941639970857,-0.01824186559377488,16.294355154037476,73.92362785339355,90.21798515319824,-7.629394005448376e-09,8.544921570319275e-08
1.8049453872300838,118.301,1000.0,5,100000,17,0.020381126552820206,0.10215678066015244,0.0002969999999999999,0.006277030111153818,3.166814628164474,-0.016197663709994568,18.987754821777344,34.77247667312622,53.760234355926514,2.2888183792701966e-08,-4.2724607851596375e-08
2.7680474076478045,139.60100000000003,1000.0,6,120000,24,0.022070936858654022,0.1343822181224823,0.0002963999999999999,0.006508713852036675,3.623389388393924,-0.021137558843400447,16.638279676437378,45.84063148498535,62.47891330718994,0.0,-2.4414061883248905e-08
3.366271520581736,144.70299999999997,1000.0,7,140000,22,0.021188685670495033,0.16762684285640717,0.00029579999999999987,0.00790708156833693,3.553471968439198,-0.023780319972394937,16.454888343811035,42.44894886016846,58.903839349746704,2.9373168786150927e-08,7.934570334100499e-08
4.263169979167296,138.08200000000002,1000.0,8,160000,15,0.020353926345705986,0.20155754685401917,0.0002951999999999999,0.010573688327484586,3.8177990625714595,-0.021888179125321813,16.47974395751953,27.704750299453735,44.18449640274048,5.6457519548303026e-08,-5.187987994759169e-08
6.115984885085664,135.78000000000003,1000.0,9,180000,18,0.020267782732844353,0.23596857488155365,0.0002945999999999999,0.010928833676336144,4.428687453904725,-0.02868400940560479,16.5560884475708,34.68013262748718,51.23622274398804,1.9836425835251248e-08,-3.051757735406113e-09
7.43648719760594,164.14499999999998,1000.0,10,200000,18,0.020438799634575844,0.2710086405277252,0.0002939999999999999,0.009689489475566792,4.309279833199244,-0.03333699227240298,16.484517812728882,34.95777702331543,51.442296743392944,-5.7220459481754915e-09,-1.2817382355478912e-07
8.117708566055459,185.961,1000.0,11,220000,20,0.02024947851896286,0.30664974451065063,0.00029339999999999987,0.01057357680924332,3.314536634620767,-0.02997524195347731,16.38647222518921,37.35218167304993,53.73865604400635,4.234313877304885e-08,-1.2207030941624453e-08
8.925191185414679,172.15699999999998,1000.0,12,240000,21,0.022509219124913216,0.3427087962627411,0.0002927999999999999,0.012542921946398607,3.177727250200092,-0.03671824356330487,16.40407419204712,38.88709473609924,55.291170835494995,1.678466787780053e-08,1.0681151962899094e-07
9.785280053354947,153.98700000000002,1000.0,13,260000,18,0.02067684568464756,0.3788992166519165,0.0002921999999999999,0.01234171778839088,3.1308603798577157,-0.0378141639824265,16.388484477996826,33.206419944763184,49.59490609169006,3.662109193669494e-08,4.577636758540393e-08
10.749958080717358,144.365,1000.0,14,280000,18,0.02047986350953579,0.4150494933128357,0.0002915999999999999,0.013185342735196651,3.5073509408537276,-0.038587206126616216,16.402934074401855,33.68241620063782,50.085352182388306,-3.05175760217935e-08,-2.8991697931246563e-08
11.505792417088314,154.752,1000.0,15,300000,15,0.020338423550128937,0.4513227641582489,0.00029099999999999986,0.01586235902957515,4.389158238084933,-0.041981201830763405,16.658027410507202,28.235599994659424,44.89362955093384,3.204345588869728e-08,-4.882812376649781e-08
12.143165830970515,166.61899999999997,1000.0,16,320000,14,0.021014196798205376,0.4878578186035156,0.00029039999999999985,0.0183977063718481,4.321199634150249,-0.041143226732267384,16.554877519607544,26.63254141807556,43.18742060661316,2.3651121949797016e-08,6.885528591737966e-08
12.687830193501316,160.253,1000.0,17,340000,14,0.020150788128376007,0.5245152711868286,0.00028979999999999983,0.018981791625504132,4.125063647667821,-0.03957688561625802,16.555779933929443,27.22256088256836,43.778342723846436,3.051757735406113e-09,-2.5939939973795845e-08
13.012303246868793,146.81599999999997,1000.0,18,360000,14,0.021174296736717224,0.5610554218292236,0.0002891999999999998,0.018568083780572425,4.402821083283218,-0.042996323721875264,16.43489670753479,26.64546775817871,43.080366134643555,-2.5177001816700795e-08,6.103515470812226e-09
12.957492435902106,147.802,1000.0,19,380000,11,0.020825734362006187,0.5975093245506287,0.0002885999999999998,0.019939104358024838,5.074345105614664,-0.037861053412333846,16.486202001571655,21.990681648254395,38.47688579559326,4.425048771850015e-08,-6.408691177739456e-08
13.003564734500788,146.967,1000.0,20,400000,13,0.021530166268348694,0.63387131690979,0.00028799999999999984,0.02408699272395015,4.968974076579496,-0.04291291807202083,16.560625791549683,25.042503833770752,41.60313129425049,1.525878801089675e-08,6.103515470812226e-09
12.833260053299174,151.567,1000.0,21,420000,13,0.020790735259652138,0.6702328324317932,0.00028739999999999983,0.021062448517799114,4.952600688247606,-0.05115374981323392,16.475488424301147,24.90708017349243,41.38257050514221,-7.629394005448376e-09,3.05175760217935e-08
12.309145023208302,153.857,1000.0,22,440000,11,0.0201580710709095,0.7066304087638855,0.0002867999999999998,0.02279458500254459,4.712628681923531,-0.04049112410816106,16.53516387939453,21.775831699371338,38.310997009277344,-2.8610229740877458e-09,-5.7983395862493126e-08
12.292271553332366,161.53900000000002,1000.0,23,460000,10,0.020724257454276085,0.7431872487068176,0.0002861999999999998,0.025533401027928813,6.242033782439491,-0.046056790718326746,16.600990056991577,18.635627508163452,35.23661994934082,-1.4495848965623281e-08,-3.9672851670502496e-08
12.705978246483527,158.16,1000.0,24,480000,11,0.020188506692647934,0.7798172831535339,0.0002855999999999998,0.02174688125477691,4.997930160691978,-0.045143162297702204,16.439985752105713,20.95025610923767,37.39024376869202,8.01086397217432e-09,-3.356933575560106e-08
12.518838086093202,161.92800000000003,1000.0,25,500000,10,0.020257577300071716,0.8165714144706726,0.00028499999999999977,0.026603966570807436,5.378300831378839,-0.045326300181995946,16.546321153640747,18.392664432525635,34.938987016677856,-2.2888182460434336e-09,2.7465819840699623e-08
12.095418878321663,148.031,1000.0,26,520000,11,0.021279701963067055,0.8531742691993713,0.00028439999999999976,0.027288112839163995,4.644576526193677,-0.042924228906328514,15.81608247756958,21.026901721954346,36.84298634529114,1.0681151962899094e-08,-9.155272984173735e-09
12.45080110826099,141.29699999999997,1000.0,27,540000,10,0.021954264491796494,0.8895106315612793,0.00028379999999999974,0.02659575905763922,5.463861041137585,-0.05013030546303755,15.87992000579834,19.191225290298462,35.07114768028259,3.814697002724188e-09,-7.629394005448376e-09
12.158902196863684,141.915,1000.0,28,560000,7,0.020595431327819824,0.9256242513656616,0.00028319999999999973,0.026969913265313776,5.584698093748158,-0.03422222742049975,15.831260919570923,13.429807186126709,29.261070013046265,9.155272984173735e-09,-2.4414061883248905e-08
12.40568070259776,149.786,1000.0,29,580000,10,0.02256091497838497,0.9616984128952026,0.0002825999999999997,0.0272532492132185,5.778088541076587,-0.05538764094916015,15.892349243164062,19.15532112121582,35.04767203330994,-5.531310964812519e-09,-1.525878801089675e-08
11.922035132137013,137.00799999999998,1000.0,30,600000,10,0.02045363187789917,0.9974751472473145,0.0002819999999999997,0.028590715131142173,4.145764924542973,-0.04436973043547842,15.876099109649658,18.9491925239563,34.82529330253601,-2.0980834847250662e-09,-1.5258788721439487e-07
11.527727763556953,129.963,1000.0,31,620000,9,0.020540490746498108,1.0328377485275269,0.00028139999999999974,0.02961395309135757,4.9638799514421805,-0.04748137795588185,15.803689241409302,17.17344880104065,32.977139472961426,-5.340575981449547e-09,-1.525878801089675e-08
10.788317907543588,118.28699999999999,1000.0,32,640000,11,0.02054881490767002,1.067570447921753,0.0002807999999999997,0.027461265641443956,4.82494502638164,-0.05226751897352061,15.779521226882935,20.92020893096924,36.699732065200806,5.7220459481754915e-09,-3.05175760217935e-08
11.422766970863824,117.49000000000001,1000.0,33,660000,10,0.020182451233267784,1.1017264127731323,0.0002801999999999997,0.028343093360420138,5.332146689686151,-0.05369824754199186,15.839513301849365,18.944350957870483,34.78386640548706,2.7656554824062596e-09,-4.2724607851596375e-08
11.66707130430679,126.17800000000003,1000.0,34,680000,11,0.021222220733761787,1.1355756521224976,0.0002795999999999997,0.025039032474376593,4.943388007804124,-0.05508029723559965,15.846673250198364,20.761027812957764,36.60770273208618,0.0,-3.05175760217935e-08
12.267317308071519,139.891,1000.0,35,700000,10,0.021296299993991852,1.1694685220718384,0.0002789999999999997,0.027568553971311156,5.1549389483067936,-0.05454252195267822,15.838186740875244,19.184765815734863,35.02295446395874,-1.0681151962899094e-08,1.831054596834747e-08
12.341503631405015,138.07800000000003,1000.0,36,720000,12,0.021185895428061485,1.2033611536026,0.00027839999999999967,0.025581670389932216,5.484139606404228,-0.05818527361578422,15.869343280792236,23.069233179092407,38.93857789039612,-1.525878801089675e-08,-4.577636758540393e-08
11.89417716226567,122.77200000000002,1000.0,37,740000,10,0.020402608439326286,1.2368991374969482,0.00027779999999999965,0.02527501458843676,5.059829836988602,-0.051985211360949676,15.864580631256104,19.158539533615112,35.02312207221985,-9.155272984173735e-09,2.1362303925798187e-08
11.237934983382043,110.25899999999999,1000.0,38,760000,12,0.020254844799637794,1.2698173522949219,0.00027719999999999964,0.02568811853713811,3.5079701002984764,-0.05846064043289826,15.794570922851562,22.9531512260437,38.74772357940674,-2.2125243859250077e-08,0.0
10.156558389448843,111.62899999999999,1000.0,39,780000,9,0.020008603110909462,1.3022198677062988,0.0002765999999999996,0.025378892202502897,5.320974821692288,-0.05443476085882683,15.863495349884033,17.09263849258423,32.956135511398315,-4.577636492086867e-09,3.051757735406113e-09
10.119426200904948,115.30999999999999,1000.0,40,800000,9,0.020252978429198265,1.334259271621704,0.0002759999999999996,0.026891129223294594,5.591309450474198,-0.04620275728835635,15.766486406326294,17.0551917552948,32.821680307388306,9.155272984173735e-09,-4.2724607851596375e-08
9.424810925915695,114.24600000000002,1000.0,41,820000,9,0.02018461376428604,1.3659520149230957,0.0002753999999999996,0.026555335424234775,5.097903423162061,-0.04814297600292571,15.77687406539917,17.141260147094727,32.91813635826111,0.0,-1.525878801089675e-08
9.574781924537863,105.15600000000002,1000.0,42,840000,9,0.023710189387202263,1.3971033096313477,0.0002747999999999996,0.02837014926996189,5.6731425805594595,-0.06265220006304321,15.822248697280884,17.23092007637024,33.05317044258118,1.525878801089675e-08,-3.662109193669494e-08
10.041379137426196,116.40899999999999,1000.0,43,860000,11,0.020446578040719032,1.428070306777954,0.0002741999999999996,0.025335424824209623,4.610616407801584,-0.05561127696449228,15.838991403579712,21.03158974647522,36.870583057403564,-8.01086397217432e-09,0.0
10.173202458139631,132.834,1000.0,44,880000,7,0.02014983631670475,1.4592987298965454,0.0002735999999999996,0.027746173450302475,6.330132484436035,-0.050391561846069854,15.812384128570557,13.387566328048706,29.199952602386475,0.0,0.0
10.062467761276347,135.404,1000.0,45,900000,9,0.020050741732120514,1.4908291101455688,0.00027299999999999964,0.028012566986524514,5.0209453505406705,-0.04902090562225171,15.8819580078125,17.18498682975769,33.06694722175598,-5.340575981449547e-09,-1.678466787780053e-08
9.679236439257178,130.629,1000.0,46,920000,8,0.020155973732471466,1.5225119590759277,0.00027239999999999963,0.02871266819727116,5.8749209027320815,-0.05636983383491564,15.932372331619263,15.368913173675537,31.301287174224854,-6.866454960174906e-09,-2.4414061883248905e-08
9.361889183235519,113.168,1000.0,47,940000,10,0.023465760052204132,1.5538815259933472,0.0002717999999999996,0.025759711383452146,4.385829900590757,-0.05577890292738383,15.705524682998657,19.04541301727295,34.75093960762024,3.051757735406113e-09,1.525878801089675e-08
9.486975943761678,110.72199999999998,1000.0,48,960000,10,0.021522430703043938,1.584910273551941,0.0002711999999999996,0.026121184469078677,5.343424411170399,-0.060586213346677846,15.806978702545166,18.948835849761963,34.75581622123718,-9.155272984173735e-09,3.05175760217935e-08
9.729076333751165,106.21900000000001,1000.0,49,980000,10,0.02125811018049717,1.6155166625976562,0.00027059999999999964,0.0328008631012215,3.8223280699489215,-0.055147536502431,15.825814723968506,18.954698085784912,34.78051495552063,-7.629394338515283e-10,-1.5258788721439487e-07
8.926124581402064,111.35499999999999,1000.0,50,1000000,8,0.02148076705634594,1.6458905935287476,0.0002699999999999996,0.02968574684974663,4.72858818170552,-0.05123937111042928,15.917765855789185,15.189853191375732,31.10762119293213,-1.678466787780053e-08,-3.662109193669494e-08
8.788675565116595,113.80999999999999,1000.0,51,1020000,10,0.020848285406827927,1.6761293411254883,0.0002693999999999996,0.028244931617983804,4.027331036500657,-0.05750213832067796,15.809845447540283,19.12585711479187,34.93570423126221,-1.1444091230217168e-09,-6.103515470812226e-09
8.550770720533691,121.69699999999997,1000.0,52,1040000,11,0.021590426564216614,1.706468105316162,0.0002687999999999996,0.028799796728793268,3.927574697982562,-0.05833416311175817,15.77760100364685,20.98247766494751,36.760080099105835,-6.103515470812226e-09,1.831054596834747e-08
8.483203371693222,108.018,1000.0,53,1060000,10,0.020504606887698174,1.736525297164917,0.0002681999999999996,0.026002909034526293,3.4124241460626497,-0.05351664543973086,15.74446439743042,19.100265741348267,34.84473180770874,-1.525878801089675e-08,2.9754637864698452e-08
7.704310255873724,102.93999999999998,1000.0,54,1080000,9,0.02040897123515606,1.7661924362182617,0.00026759999999999957,0.02506524722667442,3.171166320959219,-0.04966375128527059,15.746560335159302,17.222246885299683,32.96880865097046,-9.155272984173735e-09,-4.806518560940276e-08
7.716611848793663,91.37,1000.0,55,1100000,8,0.020426306873559952,1.7951810359954834,0.00026699999999999955,0.029856160589562246,3.952321413844919,-0.05304517187014484,15.784798860549927,15.29908013343811,31.08388090133667,-2.2888182460434336e-09,6.103515470812226e-09
7.923145496031578,89.74000000000001,1000.0,56,1120000,9,0.02197583205997944,1.8235163688659668,0.00026639999999999954,0.02394686210940218,3.241604851373003,-0.05010962845373437,15.796779870986938,17.250224113464355,33.04700541496277,-2.4414061883248905e-08,4.577636758540393e-08
8.247192920187308,88.775,1000.0,57,1140000,9,0.021594468504190445,1.8512405157089233,0.0002657999999999995,0.026530945871619097,3.749197364953718,-0.055417023890744,15.82155704498291,17.082927465438843,32.904486417770386,-6.866454960174906e-09,2.4414061883248905e-08
8.125417712205458,92.834,1000.0,58,1160000,9,0.020863458514213562,1.8785419464111328,0.0002651999999999995,0.02670323482047096,4.802550359613556,-0.06384701283505126,15.818249940872192,17.288822650909424,33.10707449913025,-2.479553229406406e-09,-1.5258788677030566e-09
8.585414158670007,99.798,1000.0,59,1180000,8,0.02011895179748535,1.905678153038025,0.0002645999999999995,0.025771840218121348,4.0438137383887565,-0.0479966548424714,15.83388900756836,15.008120775222778,30.842011213302612,2.0217894913798773e-08,-7.324218387338988e-08
7.557648800993205,84.755,1000.0,60,1200000,10,0.02115076780319214,1.9322172403335571,0.0002639999999999995,0.02429752162696359,3.211205580211676,-0.05167448457401877,15.76042127609253,19.071542024612427,34.83196997642517,-9.155272984173735e-09,-6.713867151120212e-08
6.603790162626851,76.876,1000.0,61,1220000,10,0.02139357291162014,1.957979679107666,0.00026339999999999946,0.023345272023135577,3.6344211386415526,-0.06688200182581958,15.815173625946045,19.09599494934082,34.911170959472656,-1.2969969986897922e-08,-1.831054596834747e-08
6.3660874732791,90.583,1000.0,62,1240000,9,0.022266026586294174,1.9834747314453125,0.00026279999999999945,0.025294977346720173,3.9074902340669264,-0.060610893110053354,15.796127796173096,17.21626353263855,33.01239371299744,-3.814697002724188e-09,6.103515470812226e-09
6.447311727468664,93.863,1000.0,63,1260000,7,0.020781096071004868,2.008838176727295,0.00026219999999999943,0.02558241092180387,4.1573493438243645,-0.050271049859397544,15.77844524383545,13.401672601699829,29.180119514465332,-4.959106458812812e-09,-3.05175760217935e-08
7.664417193366964,96.35900000000001,1000.0,64,1280000,7,0.021481139585375786,2.0341684818267822,0.0002615999999999994,0.026684446771264022,4.857223934748574,-0.05974790311088196,15.765803813934326,13.355233669281006,29.121039628982544,-6.103515470812226e-09,-3.662109193669494e-08
7.4768604832430725,114.78000000000002,1000.0,65,1300000,8,0.020093677565455437,2.060044050216675,0.0002609999999999994,0.02464005323245931,6.646254496928602,-0.05166548232997235,15.870182037353516,15.215265035629272,31.08544898033142,-1.678466787780053e-08,7.324218387338988e-08
7.0515142464385985,139.228,1000.0,66,1320000,9,0.021941523998975754,2.0871450901031494,0.0002603999999999994,0.024935084642735958,5.311823832637502,-0.07097828863760576,15.72600769996643,17.214669942855835,32.94067931175232,-6.103515470812226e-09,3.05175760217935e-08
7.419767852098443,139.10500000000002,1000.0,67,1340000,10,0.021087344735860825,2.1153388023376465,0.0002597999999999994,0.024757140985847758,4.3511786419743546,-0.06579849201317031,15.816715240478516,19.211248874664307,35.02796649932861,-1.3732909920349812e-08,9.155272984173735e-09
7.910566765343972,123.829,1000.0,68,1360000,8,0.020030366256833076,2.1440610885620117,0.00025919999999999936,0.02380227765511757,4.26469413474345,-0.056214699008391975,15.809353828430176,15.392460346221924,31.201815605163574,-1.1444091896350983e-08,1.2207030941624453e-08
7.692574480563503,101.18299999999999,1000.0,69,1380000,8,0.020249556750059128,2.1725759506225586,0.0002585999999999994,0.026529137812816676,3.198840894733374,-0.05057396797445445,15.815503120422363,15.226053953170776,31.041558742523193,-7.629394005448376e-09,3.9672851670502496e-08
7.292006193097643,80.4,1000.0,70,1400000,8,0.020104343071579933,2.2002577781677246,0.0002579999999999994,0.025562904411763215,3.4702610849572446,-0.04862271441807286,15.801192998886108,15.367989540100098,31.169184923171997,-3.051757735406113e-09,-9.918212384718572e-08
8.103042729318862,85.854,1000.0,71,1420000,9,0.02001628279685974,2.227367877960205,0.00025739999999999937,0.028513405914062998,2.806798617404786,-0.05540423894768536,15.76586103439331,16.97049069404602,32.73635292053223,5.340575981449547e-09,-1.525878801089675e-08
8.787181332452594,94.16899999999998,1000.0,72,1440000,8,0.02161771059036255,2.2542338371276855,0.00025679999999999936,0.028980026259265556,4.145741293700739,-0.06350295904565591,15.773696660995483,15.306384086608887,31.080082178115845,-1.1444091230217168e-09,0.0
7.568523620740521,92.571,1000.0,73,1460000,8,0.020927539095282555,2.2808356285095215,0.00025619999999999934,0.030052503743491613,3.8184708857212586,-0.047731862068711856,15.77455449104309,15.30920672416687,31.083762645721436,-9.155272984173735e-09,2.4414061883248905e-08
6.366188941807905,89.229,1000.0,74,1480000,7,0.021051649004220963,2.307098388671875,0.00025559999999999933,0.030798641609861965,3.866597643893149,-0.03765624242149113,15.811762809753418,13.403411149978638,29.215176105499268,-6.103515470812226e-09,3.509521562250484e-08
5.976973548676651,82.849,1000.0,75,1500000,8,0.020682474598288536,2.3328542709350586,0.0002549999999999993,0.029086023698540065,4.945905465192308,-0.0591306466826449,15.824493885040283,15.198936939239502,31.02343225479126,2.2888182460434336e-09,-4.2724607851596375e-08
6.310979959120393,81.19000000000001,1000.0,76,1520000,7,0.021863549947738647,2.358104705810547,0.0002543999999999993,0.03151860898585896,4.199218895923923,-0.049327997889476845,15.778037548065186,12.823326587677002,28.601365566253662,-2.1362303925798187e-08,-1.098632793627985e-07
6.684547853449606,74.143,1000.0,77,1540000,8,0.02069958671927452,2.3826704025268555,0.0002537999999999993,0.02839375751988647,3.3559461329786924,-0.051994192757652685,15.852759599685669,15.08318567276001,30.935946941375732,-2.2888182460434336e-09,-3.509521562250484e-08
7.449096390973021,68.22200000000001,1000.0,78,1560000,7,0.020716914907097816,2.406424045562744,0.00025319999999999927,0.029180952494038206,2.9703957316865663,-0.048131621466964036,15.767088413238525,13.458213090896606,29.225303411483765,-1.678466787780053e-08,-3.204345588869728e-08
6.809330496950103,61.34100000000001,1000.0,79,1580000,6,0.020218951627612114,2.429213523864746,0.00025259999999999926,0.025974610635933405,2.717060955981223,-0.029572715135777212,15.761843919754028,11.409953832626343,27.171799659729004,0.0,-7.019043124500968e-08
5.277123495004543,47.86200000000001,1000.0,80,1600000,8,0.020301304757595062,2.450666904449463,0.00025199999999999924,0.023143704147851718,2.1348840684031907,-0.040456395602960604,15.763802766799927,15.332887887954712,31.09669256210327,-3.585815377959989e-08,-2.4414061883248905e-08
4.401058925367285,42.028,1000.0,81,1620000,9,0.02109423838555813,2.470707416534424,0.0002513999999999992,0.0238097039295012,2.7834674663521697,-0.05410687500107762,15.794091701507568,17.121477365493774,32.915571212768555,1.2969969986897922e-08,-1.525878801089675e-08
4.5212905614464605,51.392999999999994,1000.0,82,1640000,10,0.02029293403029442,2.4898040294647217,0.0002507999999999992,0.023247342815283484,1.8147129729913827,-0.04390870642018156,15.85740041732788,19.181254863739014,35.03865694999695,-8.392333938900265e-09,-2.5177001816700795e-08
4.52387584146736,59.30200000000001,1000.0,83,1660000,6,0.020006289705634117,2.508331775665283,0.00025019999999999925,0.02413206551614772,2.1543316858581587,-0.036774123284402396,15.795323133468628,11.505965232849121,27.30129075050354,-2.6702879907247734e-09,0.0
4.997560086682647,52.321000000000005,1000.0,84,1680000,6,0.022987082600593567,2.5261006355285645,0.00024959999999999924,0.024838928359385115,3.134712722513495,-0.04248825016335304,15.786293983459473,11.207892656326294,26.99418878555298,6.866454960174906e-09,-1.2207030941624453e-08
5.888790022744818,56.56400000000001,1000.0,85,1700000,8,0.02069334127008915,2.543339967727661,0.0002489999999999992,0.025983963704358536,2.62199800009259,-0.0445087755458971,15.804744482040405,15.325079917907715,31.12982678413391,1.907348501362094e-09,-6.713867151120212e-08
7.403682418480845,61.85,1000.0,86,1720000,7,0.021481569856405258,2.5602965354919434,0.0002483999999999992,0.028282945383117385,2.786253377842827,-0.05187456998319481,15.738799810409546,13.110481977462769,28.849284172058105,-7.247924482811641e-09,-9.155272984173735e-09
8.062344558750464,60.63599999999998,1000.0,87,1740000,7,0.02049899846315384,2.5769591331481934,0.0002477999999999992,0.025592231983170153,2.683439745662529,-0.038945434494296854,15.821297407150269,13.395805358886719,29.2171049118042,3.814697002724188e-09,-2.8991697931246563e-08
7.040410559358596,55.900999999999996,1000.0,88,1760000,7,0.020183665677905083,2.593188524246216,0.0002471999999999992,0.02258141281908707,2.018681773172019,-0.03863652987896186,15.733017444610596,13.389387845993042,29.122406721115112,-1.2969969986897922e-08,-1.678466787780053e-08
4.718606416023161,50.721,1000.0,89,1780000,8,0.02126154862344265,2.608839750289917,0.00024659999999999916,0.023515778468749204,2.336321329204038,-0.030930366979304926,15.668442010879517,15.341068267822266,31.009512424468994,2.2888182460434336e-09,-8.392333938900265e-09
3.6890333947182987,44.12,1000.0,90,1800000,6,0.02547578141093254,2.6237261295318604,0.00024599999999999915,0.02555419858128499,2.349648901353629,-0.03790639496197144,15.77738642692566,11.508740186691284,27.286128282546997,0.0,-9.155272984173735e-09
4.451894507925796,50.858,1000.0,91,1820000,6,0.021005917340517044,2.6381759643554688,0.00024539999999999913,0.026227063860910865,3.3813498971688225,-0.03498183845426328,15.734719276428223,11.491069793701172,27.225790977478027,-9.53674295089968e-09,-9.155272984173735e-09
5.858728259865188,62.036,1000.0,92,1840000,7,0.022516796365380287,2.6526548862457275,0.0002447999999999992,0.02817935239232903,3.0864488345093513,-0.04047603005843449,15.70839262008667,13.45357871055603,29.161972761154175,-7.629394338515283e-10,1.2207030941624453e-08
6.350249915077473,61.737,1000.0,93,1860000,6,0.02156919613480568,2.667154550552368,0.00024419999999999916,0.028692214389225514,2.8325082514359674,-0.039039289820800446,15.777273654937744,11.428908824920654,27.206184148788452,-8.392333938900265e-09,-1.2969969986897922e-08
5.631720406742515,55.225999999999985,1000.0,94,1880000,7,0.021065300330519676,2.6814327239990234,0.00024359999999999917,0.024776145952720992,2.3688310277837425,-0.03999055759740686,15.818848371505737,13.30877423286438,29.12762475013733,1.0299681996173149e-08,-2.4414061883248905e-08
4.4610996161817695,52.613,1000.0,95,1900000,9,0.021371837705373764,2.695415735244751,0.00024299999999999916,0.020965398460187554,2.412847268780284,-0.0367202537744592,15.735317945480347,17.181536197662354,32.916855812072754,-1.5258788677030566e-09,3.051757735406113e-09
3.1928175095218823,52.678,1000.0,96,1920000,6,0.020012475550174713,2.709139108657837,0.00024239999999999917,0.02194853085494889,2.196711735476574,-0.03209880866949408,15.788233757019043,11.335433721542358,27.123669624328613,-1.9836425835251248e-08,0.0
2.8870643470848263,47.126,1000.0,97,1940000,8,0.022682305425405502,2.7224175930023193,0.00024179999999999918,0.02114227547990188,1.7769164085959475,-0.02850691137572054,15.798827171325684,15.3307466506958,31.129575490951538,6.103515470812226e-09,1.2207030941624453e-08
2.925040634323161,34.521,1000.0,98,1960000,4,0.020356137305498123,2.7348060607910156,0.00024119999999999917,0.021547897674958592,2.3055745209939182,-0.01807565979373912,15.715075731277466,7.354247093200684,23.06932497024536,-8.392333938900265e-09,-2.1362303925798187e-08
3.557022213569211,33.152,1000.0,99,1980000,8,0.023686764761805534,2.7463364601135254,0.00024059999999999915,0.026887193345241606,2.163066889340885,-0.04641374099379281,15.721758365631104,15.217886447906494,30.93964672088623,6.103515470812226e-09,7.629394005448376e-09
3.925941272549165,33.90500000000001,1000.0,100,2000000,9,0.022081704810261726,2.7571218013763428,0.00023999999999999917,0.024759092975181703,1.956255684645412,-0.03588910556749107,15.736015558242798,17.206114768981934,32.94213271141052,5.340575981449547e-09,-4.577636492086867e-09
4.11860290847489,37.333999999999996,1000.0,101,2020000,7,0.02351733110845089,2.7673704624176025,0.00023939999999999918,0.029323551031054836,2.151506293478321,-0.039823525044123426,15.768359422683716,13.240745067596436,29.009106874465942,7.629394005448376e-09,9.155272984173735e-09
4.357583308516544,38.044,1000.0,102,2040000,6,0.021213723346590996,2.7771642208099365,0.0002387999999999992,0.03115245696460715,2.0814796103773534,-0.03287045952603142,15.701899528503418,11.526403665542603,27.228304624557495,5.340575981449547e-09,0.0
5.1939878469490335,44.052,1000.0,103,2060000,6,0.021347329020500183,2.7867894172668457,0.0002381999999999992,0.029783198969980208,2.167995734336658,-0.03620567834014678,15.748283386230469,11.539610862731934,27.287896394729614,-7.629394005448376e-09,-8.77380390562621e-09
4.8426682507831185,46.25600000000001,1000.0,104,2080000,7,0.025298867374658585,2.796354055404663,0.00023759999999999922,0.029696234282563534,2.2901927833685534,-0.03223705756176639,15.74101972579956,13.466102838516235,29.20712423324585,-1.1444091896350983e-08,-1.2207030941624453e-08
4.245111405605094,44.096000000000004,1000.0,105,2100000,9,0.02020520530641079,2.8057804107666016,0.00023699999999999923,0.028536630183111852,1.4946648098070823,-0.040738835912310235,15.784546852111816,17.29927349090576,33.08382272720337,9.155272984173735e-09,9.155272984173735e-09
4.185100263425495,48.919,1000.0,106,2120000,6,0.020099885761737823,2.8152809143066406,0.00023639999999999921,0.03121606175786755,2.3468900244202984,-0.03844646824359164,15.7774498462677,11.226320743560791,27.003772735595703,6.103515470812226e-09,-1.2207030941624453e-08
4.225454603495931,43.17,1000.0,107,2140000,7,0.020759958773851395,2.824618101119995,0.00023579999999999923,0.03491131145896459,1.502495727572796,-0.03204672930303949,15.73651909828186,13.417829275131226,29.15434980392456,-4.577636492086867e-09,-2.5939939973795845e-08
3.8955120247698405,42.75,1000.0,108,2160000,7,0.02361779659986496,2.8337934017181396,0.00023519999999999924,0.025991961753165024,2.2746278505410196,-0.031955247246313864,15.758095741271973,13.414627313613892,29.172724723815918,-2.4986267277427032e-08,-6.103515470812226e-09
2.763196433822112,44.375,1000.0,109,2180000,7,0.02198544330894947,2.8428921699523926,0.00023459999999999925,0.027729863558085283,3.078091047061518,-0.04155206117763714,15.76291537284851,13.010303974151611,28.773221015930176,-3.051757735406113e-09,9.155272984173735e-09
2.665845667314252,55.54,1000.0,110,2200000,8,0.02075805887579918,2.852386713027954,0.00023399999999999924,0.03119719482455462,2.099919647335435,-0.04127972239714723,15.728351354598999,15.022076606750488,30.75042986869812,4.577636492086867e-09,-4.2724607851596375e-08
4.101016768669317,53.649,1000.0,111,2220000,6,0.02052268013358116,2.8621652126312256,0.00023339999999999925,0.02940979954430534,2.1495441661411707,-0.032379836223412534,15.720930337905884,11.207740068435669,26.928671836853027,0.0,-3.051757735406113e-09
4.671024500105884,47.059000000000005,1000.0,112,2240000,6,0.020144546404480934,2.8719308376312256,0.00023279999999999923,0.028828956520520112,2.1173597963028947,-0.026867191893414567,15.805538892745972,11.2976393699646,27.103179931640625,-7.629394005448376e-09,1.2207030941624453e-08
4.613835176314784,49.409000000000006,1000.0,113,2260000,6,0.021100861951708794,2.881787061691284,0.00023219999999999925,0.03290761804160552,2.610896928305316,-0.04138913220915392,15.71952199935913,11.29711127281189,27.016634941101074,-6.103515470812226e-09,-3.05175760217935e-08
4.3673911039523885,46.166000000000004,1000.0,114,2280000,7,0.02025412581861019,2.891592502593994,0.00023159999999999926,0.028134678076869382,1.6197288974079025,-0.03560884607023215,15.757218837738037,13.232741594314575,28.989962339401245,-1.0681151962899094e-08,-3.051757735406113e-09
4.413715915784463,43.64399999999999,1000.0,115,2300000,7,0.020868025720119476,2.9012491703033447,0.00023099999999999927,0.029057448445077575,1.649456678107143,-0.033593640440419514,15.722976207733154,13.374818563461304,29.09779667854309,3.051757735406113e-09,-1.525878801089675e-08
4.171371409070096,40.565999999999995,1000.0,116,2320000,1,0.021368568763136864,2.9106438159942627,0.00023039999999999928,0.0350905242271888,4.734310780470364,0.018276505707837523,15.809449911117554,1.9296495914459229,17.739101886749268,-1.277923544762416e-08,1.0681151962899094e-08
5.410823542216839,46.733999999999995,1000.0,117,2340000,7,0.020806534215807915,2.920067071914673,0.0002297999999999993,0.025436661855263668,2.65012956332094,-0.04179632975556218,15.841144561767578,13.461224794387817,29.30237102508545,-5.340575981449547e-09,1.525878801089675e-08
5.4341677496861704,54.928,1000.0,118,2360000,7,0.02431774139404297,2.929870128631592,0.00022919999999999928,0.025237720807404728,1.7581019778057954,-0.03810149855870925,15.801779747009277,13.354183197021484,29.155964851379395,-3.8146971692576415e-10,2.4414061883248905e-08
4.535743289304588,51.352999999999994,1000.0,119,2380000,6,0.021023305132985115,2.9398679733276367,0.0002285999999999993,0.028693552875813967,1.7305451577590805,-0.02755106719958579,15.720090627670288,11.007034301757812,26.727126359939575,1.5258788677030566e-09,0.0
3.8700775087500014,54.364,1000.0,120,2400000,10,0.0215392354875803,2.9501752853393555,0.0002279999999999993,0.02516787457532776,1.6430166101112915,-0.04917529616683436,15.759650945663452,18.98737096786499,34.747023582458496,-7.629394005448376e-09,-2.7465819840699623e-08
4.174849279827763,60.242000000000004,1000.0,121,2420000,7,0.02160554938018322,2.9610202312469482,0.00022739999999999932,0.027913465376285345,1.981974283700009,-0.03357184669559729,15.774791479110718,13.121522903442383,28.896316528320312,6.103515470812226e-09,6.103515470812226e-09
4.167016148500109,63.923,1000.0,122,2440000,7,0.02057892084121704,2.9725146293640137,0.0002267999999999993,0.02234199290839247,2.2922111270309093,-0.03633267211246197,15.80443549156189,13.32274580001831,29.12718367576599,-1.525878801089675e-08,-9.155272984173735e-09
4.095761702340532,59.762,1000.0,123,2460000,7,0.02067103236913681,2.9844210147857666,0.0002261999999999993,0.026626081270089655,1.9659006653012667,-0.040725403652360236,15.790794134140015,13.412636280059814,29.203432321548462,-7.629394005448376e-09,2.0599363992346298e-08
3.9408710211063087,57.062,1000.0,124,2480000,6,0.020200278609991074,2.996586799621582,0.00022559999999999928,0.024776275941151907,1.965684186694975,-0.03489132105006863,15.76188611984253,11.526938199996948,27.28882622718811,1.3351439953623867e-09,-9.155272984173735e-09
4.134435582338745,46.672,1000.0,125,2500000,8,0.025005009025335312,3.0085372924804688,0.0002249999999999993,0.02543149625297826,1.6308577860030122,-0.03326804538409169,15.730665683746338,15.286898612976074,31.017566442489624,-9.155272984173735e-09,-6.103515470812226e-09
4.371771733835186,49.19500000000001,1000.0,126,2520000,5,0.02258715219795704,3.0204074382781982,0.00022439999999999927,0.029523610229642627,2.9938640147733233,-0.03524741886522823,15.75336503982544,9.291624069213867,25.04499053955078,6.103515470812226e-09,0.0
4.306360457344815,48.81699999999999,1000.0,127,2540000,7,0.020164871588349342,3.0321922302246094,0.0002237999999999993,0.027112664997880315,2.5363643233877293,-0.02483275041004557,15.684016466140747,13.256282567977905,28.940300941467285,-1.0299681996173149e-08,-6.103515470812226e-09
3.9508216249178183,51.382000000000005,1000.0,128,2560000,4,0.020151427015662193,3.0440173149108887,0.0002231999999999993,0.02673275939176996,3.0883873901999417,-0.014056940356227822,15.743493556976318,7.511656761169434,23.255152225494385,-3.814697002724188e-09,-3.05175760217935e-08
3.9260665933461025,39.67,1000.0,129,2580000,6,0.023068590089678764,3.055361032485962,0.0002225999999999993,0.0246831641226999,1.7950216325771566,-0.03149156091056359,15.706094980239868,11.53006100654602,27.236157417297363,-6.103515470812226e-09,-3.814697002724188e-09
4.152134812750971,40.748000000000005,1000.0,130,2600000,5,0.02153225988149643,3.0663201808929443,0.0002219999999999993,0.025887522474526407,1.910018452325949,-0.026098974859609773,15.677629232406616,9.617353439331055,25.294984340667725,-6.103515470812226e-09,-3.051757735406113e-09
3.853333886781962,42.516000000000005,1000.0,131,2620000,7,0.0225625392049551,3.077014207839966,0.0002213999999999993,0.027113763379576623,2.171676982406719,-0.033024526006932786,15.727004766464233,13.467883825302124,29.19489049911499,-1.2969969986897922e-08,1.525878801089675e-08
3.4586266676154196,43.504000000000005,1000.0,132,2640000,1,0.02560380846261978,3.0875158309936523,0.0002207999999999993,0.030052377059817694,3.8479993324310255,0.016015024094012217,15.692204475402832,1.9271228313446045,17.61932873725891,7.629394338515283e-10,0.0
3.829229961916319,45.638,1000.0,133,2660000,5,0.020961007103323936,3.0979433059692383,0.0002201999999999993,0.02575367078030357,3.018567170997778,-0.024472201427522176,15.790930271148682,9.383777856826782,25.174710035324097,9.155272984173735e-09,-6.103515470812226e-09
3.9008795033690036,43.224,1000.0,134,2680000,7,0.02065645158290863,3.1081972122192383,0.0002195999999999993,0.024422554883702957,2.10887501015069,-0.035059450101574935,15.746067762374878,13.433005332946777,29.179075002670288,-1.831054596834747e-08,1.0681151962899094e-08
3.8196578815905284,43.638999999999996,1000.0,135,2700000,7,0.02145509049296379,3.118316173553467,0.0002189999999999993,0.024016919103759245,1.7726218048049565,-0.03567975390972829,15.790562868118286,13.405806064605713,29.196370363235474,-7.247924482811641e-09,3.051757735406113e-09
3.689935137009048,47.02900000000001,1000.0,136,2720000,6,0.02019883692264557,3.128471612930298,0.00021839999999999932,0.02567172928736074,2.319200919966855,-0.032389367622133895,15.753483772277832,11.44963026046753,27.203116416931152,-7.629394005448376e-09,0.0
3.6763476222142764,55.44,1000.0,137,2740000,8,0.021026864647865295,3.1390490531921387,0.00021779999999999933,0.025223775843408305,1.7042590349246138,-0.03546659644178379,15.734375476837158,15.154566526412964,30.888944149017334,0.0,2.4414061883248905e-08
3.3714554025179213,53.52199999999999,1000.0,138,2760000,8,0.021766245365142822,3.149923801422119,0.00021719999999999932,0.022251525438932208,1.8714516789625628,-0.03165137514374561,15.742264032363892,15.298286437988281,31.040552139282227,6.103515470812226e-09,6.103515470812226e-09
3.3692233153979876,43.669999999999995,1000.0,139,2780000,7,0.024379471316933632,3.160615921020508,0.0002165999999999993,0.023364655178300407,1.5086967482353553,-0.03592275661709223,15.755763053894043,13.347482204437256,29.10324740409851,2.2888182460434336e-09,-2.1362303925798187e-08
3.3495638622501978,33.114,1000.0,140,2800000,7,0.022709038108587265,3.170654773712158,0.00021599999999999931,0.02199270155549471,1.347221977957739,-0.03536984546467941,15.756039381027222,13.467119693756104,29.2231605052948,1.1444091896350983e-08,-1.9836425835251248e-08
3.2734783949747395,38.95399999999999,1000.0,141,2820000,5,0.02052680216729641,3.180377721786499,0.00021539999999999933,0.022010594568313502,2.1179615392090794,-0.01865032626250491,15.7462158203125,9.59735918045044,25.343576908111572,0.0,0.0
3.2328745584673184,42.01200000000001,1000.0,142,2840000,8,0.02241351641714573,3.1899607181549072,0.00021479999999999934,0.019991176964985893,1.558839512375978,-0.0352635249761811,15.79891586303711,15.281545400619507,31.080463647842407,-2.70843507621521e-08,-4.882812376649781e-08
3.065083445334017,37.278999999999996,1000.0,143,2860000,5,0.020207026973366737,3.199197292327881,0.00021419999999999932,0.019127206554927955,1.8458128758131886,-0.025807893051268956,15.83153223991394,9.627962350845337,25.45949697494507,-1.525878801089675e-08,-1.2207030941624453e-08
2.920059752113029,38.904999999999994,1000.0,144,2880000,6,0.02088232897222042,3.2081997394561768,0.00021359999999999934,0.021088897980079135,1.882624383995962,-0.03283188786135473,15.780921459197998,11.547540187835693,27.328463792800903,8.392333938900265e-09,-6.103515470812226e-09
2.6143971373788566,37.462999999999994,1000.0,145,2900000,8,0.020705556496977806,3.2169244289398193,0.00021299999999999935,0.017843356030954483,1.2043944880033073,-0.02997229222063951,15.75194525718689,15.367564678192139,31.119511604309082,-6.866454960174906e-09,-1.831054596834747e-08
2.5464094568476554,36.424,1000.0,146,2920000,3,0.021086113527417183,3.2253506183624268,0.00021239999999999936,0.02118174161531896,3.417840634545071,-0.010062567276743274,15.739704132080078,5.637990474700928,21.377696990966797,-1.2969969986897922e-08,-1.2969969986897922e-08
3.077718804873804,41.486000000000004,1000.0,147,2940000,7,0.021884283050894737,3.233750820159912,0.00021179999999999935,0.020233262457388795,2.4861258441647784,-0.03641319184533024,15.708051681518555,13.307673931121826,29.01572823524475,-3.814697002724188e-09,-7.629394005448376e-09
3.29292477461773,48.955,1000.0,148,2960000,7,0.020415280014276505,3.242487668991089,0.00021119999999999933,0.01873009099099243,1.8210914116208274,-0.029396182209651175,15.78110122680664,13.387917757034302,29.169020652770996,-1.0681151962899094e-08,-1.525878801089675e-08
3.8935243575692104,48.72399999999999,1000.0,149,2980000,6,0.021633300930261612,3.251520872116089,0.00021059999999999935,0.022363156596986185,2.07198553464918,-0.03397888588075376,15.761657476425171,11.500767946243286,27.26242733001709,-2.0599363992346298e-08,6.103515470812226e-09
4.089294763011674,44.043000000000006,1000.0,150,3000000,7,0.02201811410486698,3.2605998516082764,0.00020999999999999936,0.022890871866775776,1.705208504107487,-0.03750040869401544,15.777034521102905,13.39767599105835,29.174712657928467,-8.392333938900265e-09,1.2207030941624453e-08
4.211425555919382,49.617,1000.0,151,3020000,6,0.020481768995523453,3.2699923515319824,0.00020939999999999934,0.022504800196669606,2.0159679122181875,-0.043706227685062014,15.75090765953064,11.484658241271973,27.235568046569824,-3.051757735406113e-09,-7.629394338515283e-10
4.4797201395682515,53.443,1000.0,152,3040000,6,0.02183840610086918,3.2798564434051514,0.00020879999999999936,0.025927831461460698,1.9905927662714855,-0.03985520442045186,15.740946531295776,11.490073680877686,27.231021404266357,8.392333938900265e-09,1.3732909920349812e-08
4.834069162452926,54.735000000000014,1000.0,153,3060000,6,0.020894769579172134,3.290212631225586,0.00020819999999999934,0.0214332301974003,2.0717788295814406,-0.031986715144619614,15.767802238464355,11.51162338256836,27.27942728996277,-8.77380390562621e-09,6.103515470812226e-09
4.612726169362676,46.01199999999999,1000.0,154,3080000,8,0.020999642089009285,3.3005928993225098,0.00020759999999999933,0.019374585977514475,1.7092320854290606,-0.04337392984919202,15.713896751403809,14.835475444793701,30.549373626708984,-1.678466787780053e-08,1.525878801089675e-08
4.180677635213212,43.615,1000.0,155,3100000,6,0.02057856321334839,3.3108808994293213,0.0002069999999999993,0.020675447418357428,1.4634540209564537,-0.03563262396903671,15.792495012283325,11.525508403778076,27.318005084991455,-3.2424924967244806e-09,-9.155272984173735e-09
3.682318262427348,39.751,1000.0,156,3120000,1,0.022524617612361908,3.3208985328674316,0.00020639999999999932,0.022176292233954602,3.8366230101631094,0.015611797226027558,15.765098571777344,1.929708480834961,17.69480848312378,9.918212917625624e-09,3.051757735406113e-09
3.446483007816474,35.11,1000.0,157,3140000,6,0.020980538800358772,3.3304452896118164,0.00020579999999999934,0.01990649497376495,1.537191934796314,-0.029708280171544407,15.732221603393555,11.54632019996643,27.27854347229004,-7.629394005448376e-09,-7.629394360719743e-08
2.9977570512588496,32.875,1000.0,158,3160000,7,0.022668737918138504,3.3394577503204346,0.00020519999999999935,0.021846401289663104,2.3833499853603377,-0.039121674337190125,15.849330425262451,13.412331581115723,29.261663913726807,4.577636492086867e-09,3.509521562250484e-08
3.2542149953256163,42.87599999999999,1000.0,159,3180000,7,0.02143329568207264,3.3484854698181152,0.00020459999999999936,0.017868300377455463,2.359825384366572,-0.03671351714473726,15.735832452774048,13.456048011779785,29.191882371902466,-1.5258788677030566e-09,2.4414061883248905e-08
3.5958730816795823,54.774,1000.0,160,3200000,9,0.02024270035326481,3.3581206798553467,0.00020399999999999937,0.019434562491178302,1.3121586008024504,-0.035265218972350465,15.770976543426514,16.866121768951416,32.63710045814514,6.103515470812226e-09,-2.8991697931246563e-08
3.9126314579637387,49.306,1000.0,161,3220000,1,0.020253203809261322,3.3680360317230225,0.0002033999999999994,0.02439433870355066,3.2038203157936804,0.006816750933853582,15.809209108352661,1.9242839813232422,17.733495235443115,-1.5258788677030566e-09,-6.103515470812226e-09
3.3707051334961156,34.028000000000006,1000.0,162,3240000,8,0.020640475675463676,3.377443313598633,0.00020279999999999937,0.020589062498105815,1.1870680322138647,-0.03216038182223091,15.767705917358398,15.357452154159546,31.125160217285156,-4.1961669694501325e-09,-6.103515470812226e-09
3.094608932309299,31.076999999999998,1000.0,163,3260000,6,0.022566884756088257,3.386244535446167,0.00020219999999999936,0.020314561960875544,1.456414871830275,-0.031137887202996734,15.753597259521484,11.48919415473938,27.242793560028076,3.814697002724188e-09,-3.051757735406113e-09
2.9678775023178883,35.383,1000.0,164,3280000,4,0.020390328019857407,3.394716739654541,0.00020159999999999937,0.021012807754389108,2.306278514500243,-0.021602671636571993,15.828857660293579,7.578779697418213,23.407638788223267,5.340575981449547e-09,1.2207030941624453e-08
3.875906899030922,50.576999999999984,1000.0,165,3300000,7,0.02188170701265335,3.4036614894866943,0.00020099999999999938,0.022298614872387424,2.183524673276707,-0.04150370907400608,15.801412343978882,13.408239841461182,29.209653854370117,7.629394338515283e-10,-1.2207030941624453e-08
4.337219507932688,56.20400000000001,1000.0,166,3320000,9,0.02207365818321705,3.413320541381836,0.00020039999999999937,0.019917599061080166,2.062276624643003,-0.048328119143314675,15.722295999526978,17.29321050643921,33.01550817489624,1.2207030941624453e-08,1.2207030941624453e-08
4.506573425546529,54.92800000000001,1000.0,167,3340000,7,0.021042650565505028,3.4235634803771973,0.00019979999999999938,0.020438526468440747,1.7087568609696009,-0.039824794654852176,15.726803541183472,13.148252010345459,28.875057697296143,-1.1444091896350983e-08,0.0
3.9367159096195627,48.315999999999995,1000.0,168,3360000,6,0.021284928545355797,3.4340016841888428,0.00019919999999999937,0.018506947745637485,2.5042756534676456,-0.029803374711785135,15.69884705543518,11.53931975364685,27.238168954849243,1.5449524326527353e-08,-1.2207030941624453e-08
3.7228324652227416,41.12,1000.0,169,3380000,5,0.022533196955919266,3.4442520141601562,0.00019859999999999935,0.018117208890140818,2.09613608620799,-0.024368033560510642,15.728113412857056,9.591110229492188,25.319225549697876,-1.2969969986897922e-08,-2.7465819840699623e-08
3.6627442222248874,37.919,1000.0,170,3400000,7,0.02063770964741707,3.4541709423065186,0.00019799999999999936,0.0240403856794783,1.890966825292623,-0.0391478885852722,15.747018098831177,13.413058042526245,29.160078048706055,-2.2888182460434336e-09,4.882812376649781e-08
4.224948617287796,37.588,1000.0,171,3420000,5,0.02195844054222107,3.463775396347046,0.00019739999999999935,0.02403272105493961,2.628886781828091,-0.03232824901422373,15.692463874816895,9.63915467262268,25.331620693206787,9.918212917625624e-09,3.051757735406113e-09
4.725322403127591,37.268,1000.0,172,3440000,7,0.02027413807809353,3.473081588745117,0.00019679999999999936,0.021518530231436763,1.5915733810594124,-0.029788501612121168,15.772372961044312,13.350443124771118,29.12281847000122,4.577636492086867e-09,1.831054596834747e-08
4.1755665554826145,29.532999999999994,1000.0,173,3460000,7,0.022017361596226692,3.4817190170288086,0.00019619999999999938,0.021176304896449265,1.3592326765406464,-0.03392090164601041,15.74396276473999,13.446026802062988,29.189990997314453,-1.525878801089675e-08,-6.103515470812226e-09
3.627486762663537,22.616999999999997,1000.0,174,3480000,6,0.021503202617168427,3.4893927574157715,0.00019559999999999936,0.022275341484255303,1.4812277748434943,-0.031845731434587854,15.734647750854492,11.430167198181152,27.164816856384277,6.103515470812226e-09,-3.051757735406113e-09
3.6544447920939165,29.671999999999997,1000.0,175,3500000,7,0.02085614949464798,3.496565103530884,0.00019499999999999937,0.020446108765509074,1.9391315641984281,-0.035934529211992736,15.726181745529175,13.407020568847656,29.133204698562622,-6.103515470812226e-09,-3.051757735406113e-09
3.9280989348796544,33.774,1000.0,176,3520000,5,0.02010694518685341,3.503499984741211,0.00019439999999999939,0.020165543659283712,1.3750561435001727,-0.021998483792375834,15.721489429473877,9.56109070777893,25.28258204460144,-8.77380390562621e-09,5.187987994759169e-08
3.796561734387945,30.218,1000.0,177,3540000,6,0.020403960719704628,3.5100350379943848,0.0001937999999999994,0.021184447137648846,1.2184391796461944,-0.025827923606628903,15.681798696517944,11.503903865814209,27.185704231262207,3.051757735406113e-09,1.525878801089675e-08
3.2723009096749758,25.802000000000003,1000.0,178,3560000,2,0.02222222462296486,3.515977144241333,0.00019319999999999938,0.022114634650726668,1.826360728127507,-0.0005093552797033002,15.925194025039673,3.7823874950408936,19.7075834274292,-1.5258788677030566e-09,0.0
3.7008735829549986,27.004,1000.0,179,3580000,7,0.021181637421250343,3.5214474201202393,0.0001925999999999994,0.02334336186570019,1.5795212259090203,-0.03779265471992973,15.751385927200317,13.374300718307495,29.125688552856445,6.103515470812226e-09,-1.2207030941624453e-08
3.848439718511135,37.775999999999996,1000.0,180,3600000,7,0.022056175395846367,3.5270633697509766,0.0001919999999999994,0.01772620024041382,1.9458566794162577,-0.04384670208498584,15.821934700012207,13.473515748977661,29.29545259475708,-5.340575981449547e-09,-9.155272984173735e-09
3.854445848507175,50.138,1000.0,181,3620000,7,0.022053735330700874,3.533468723297119,0.0001913999999999994,0.020461147927795166,1.7977687184639795,-0.032999869962259,15.764744997024536,13.454220533370972,29.21896743774414,3.433227480087453e-09,1.0681151962899094e-08
3.7026099041279146,52.086,1000.0,182,3640000,8,0.021201418712735176,3.5406930446624756,0.00019079999999999938,0.01920084883912672,1.4640135377074202,-0.03390525212547126,15.795088529586792,15.380380392074585,31.17547082901001,3.051757735406113e-09,-2.4414061883248905e-08
3.8200980204363413,45.024,1000.0,183,3660000,6,0.023310372605919838,3.5482840538024902,0.0001901999999999994,0.0224228912639145,1.9211400668905438,-0.03582270884602722,15.80955457687378,11.215457439422607,27.02501368522644,-1.5258788677030566e-09,-6.103515470812226e-09
3.8424638049201305,42.069,1000.0,184,3680000,5,0.020414410158991814,3.5560507774353027,0.0001895999999999994,0.023278212856156187,1.9965708966834095,-0.03513339842006136,15.751808643341064,9.33076786994934,25.082578659057617,-4.959106458812812e-09,6.103515470812226e-09
4.401954710478244,51.947,1000.0,185,3700000,5,0.02276548370718956,3.564507246017456,0.0001889999999999994,0.021433410547768917,2.4912644524162952,-0.03013547528594637,15.82105541229248,9.598105192184448,25.41916251182556,1.5258788677030566e-09,-9.155272984173735e-09
4.358778945639605,50.321999999999996,1000.0,186,3720000,7,0.023381665349006653,3.573502540588379,0.0001883999999999994,0.023216571239308238,2.037275853602106,-0.05015957658019704,15.726101636886597,13.14180588722229,28.86790895462036,-1.1444091896350983e-08,9.155272984173735e-09
4.185196344377887,49.33,1000.0,187,3740000,7,0.021561099216341972,3.5829339027404785,0.00018779999999999941,0.022557304451596597,1.5297190699877667,-0.03815703327452576,15.806599378585815,13.433130741119385,29.239732265472412,0.0,1.831054596834747e-08
4.818028776418453,49.075,1000.0,188,3760000,8,0.023539189249277115,3.5927481651306152,0.0001871999999999994,0.021441198896970777,1.3946441275338395,-0.041667990306520256,15.733708143234253,15.0137357711792,30.747446298599243,6.103515470812226e-09,1.5258788677030566e-09
4.919544119756552,47.149,1000.0,189,3780000,5,0.021867375820875168,3.60280704498291,0.0001865999999999994,0.028215755489520943,2.3211607705670803,-0.03155280162517826,15.759478330612183,9.587070226669312,25.346550464630127,7.629394005448376e-09,1.831054596834747e-08
5.1543430743593035,47.221,1000.0,190,3800000,8,0.021630778908729553,3.613093376159668,0.00018599999999999943,0.023036865122131288,1.510616071617451,-0.040229745376959274,15.868882656097412,15.2163245677948,31.085208892822266,-1.5258788677030566e-09,6.103515470812226e-09
5.054855185493143,55.19599999999999,1000.0,191,3820000,6,0.020726235583424568,3.6240203380584717,0.00018539999999999944,0.023333086263729583,2.470002302727379,-0.04536913766469152,15.790886878967285,11.502570867538452,27.29345965385437,-6.103515470812226e-09,3.051757735406113e-09
4.910699784828613,44.623000000000005,1000.0,192,3840000,7,0.020751288160681725,3.6349542140960693,0.00018479999999999945,0.024786780740077886,1.5404129929871169,-0.036631670474431416,15.725297451019287,13.37519884109497,29.10049819946289,-7.629394005448376e-09,1.2207030941624453e-08
5.20653204463254,44.152,1000.0,193,3860000,5,0.020319471135735512,3.64587140083313,0.00018419999999999944,0.023094939508924658,2.653754763671765,-0.03612094688386963,15.826390266418457,9.530315399169922,25.35670781135559,-1.831054596834747e-08,-2.4414061883248905e-08
4.570679215477864,43.222,1000.0,194,3880000,8,0.020962731912732124,3.6567249298095703,0.00018359999999999945,0.020509745960254757,1.711192640824059,-0.03549564044034412,15.793103694915771,15.37088656425476,31.163991928100586,-6.484984993448961e-09,9.155272984173735e-09
3.876998691195672,43.464999999999996,1000.0,195,3900000,6,0.023022189736366272,3.667536973953247,0.00018299999999999946,0.023047425553075675,2.3571095663391617,-0.038334362945768335,15.792877435684204,11.515910625457764,27.30878973007202,-3.051757735406113e-09,1.2207030941624453e-08
3.766189693649274,45.868,1000.0,196,3920000,7,0.02335921674966812,3.6784462928771973,0.00018239999999999947,0.022255579413891193,1.6303928604630888,-0.04347769051215546,15.905252933502197,12.822860717773438,28.72811532020569,-3.051757735406113e-09,1.2207030941624453e-08
3.6796907079581147,49.382,1000.0,197,3940000,9,0.020105205476284027,3.6896398067474365,0.00018179999999999949,0.017055105392510032,1.3488091399452133,-0.03732560828733458,15.81454610824585,16.748494148254395,32.563042402267456,1.1444091896350983e-08,-1.0299681996173149e-08
3.3622240921142437,51.09,1000.0,198,3960000,5,0.020747896283864975,3.7011868953704834,0.00018119999999999947,0.01958022306378657,2.2445977076173973,-0.03661522648562067,15.803041934967041,9.440393447875977,25.24343729019165,-4.577636492086867e-09,6.103515470812226e-09
3.204315077067335,41.812999999999995,1000.0,199,3980000,5,0.02089782990515232,3.7125425338745117,0.00018059999999999946,0.019408581539774285,1.807410508032424,-0.03325203428991115,15.738650798797607,9.373255491256714,25.111908435821533,-1.0681151962899094e-08,-1.831054596834747e-08
4.38568279861051,47.56700000000001,1000.0,200,4000000,6,0.020787401124835014,3.7240474224090576,0.00017999999999999944,0.021173800028368623,2.932646159515086,-0.040571767211960146,15.746479749679565,11.333347082138062,27.07982873916626,0.0,-6.103515470812226e-09
4.654066046882021,41.638999999999996,1000.0,201,4020000,7,0.020044170320034027,3.7353596687316895,0.00017939999999999945,0.020757372641535533,1.472497585156039,-0.03878739166627364,15.785652875900269,13.374646663665771,29.160301446914673,-6.103515470812226e-09,-1.2207030941624453e-08
4.561755400124559,44.062,1000.0,202,4040000,7,0.022356687113642693,3.746635913848877,0.00017879999999999947,0.01966719527055974,1.6998939817488221,-0.030270198371987373,15.76968002319336,13.401963233947754,29.171645402908325,-2.25067129377976e-08,4.577636492086867e-09
3.5787601381696548,37.44799999999999,1000.0,203,4060000,7,0.023432908579707146,3.757511615753174,0.00017819999999999945,0.01736501735409391,1.3469072678273042,-0.035027458202833456,15.756994724273682,13.218700408935547,28.97569704055786,1.7166137400437265e-09,0.0
2.823778066855595,40.236000000000004,1000.0,204,4080000,5,0.020506752654910088,3.768184185028076,0.00017759999999999947,0.017208111116561457,2.779244748662455,-0.013825639632468025,15.73292064666748,9.455368280410767,25.18829107284546,0.0,9.155272984173735e-09
2.9091506292665623,39.459999999999994,1000.0,205,4100000,8,0.022843575105071068,3.7786319255828857,0.00017699999999999945,0.019535360318168212,1.4512305929780769,-0.04014346033063964,15.776752710342407,15.34159517288208,31.1183500289917,-1.525878801089675e-08,-9.53674295089968e-09
3.4463354587180923,45.009,1000.0,206,4120000,5,0.021940797567367554,3.789191961288452,0.00017639999999999946,0.020181849457847234,2.328289444720783,-0.02752802140725116,15.754098176956177,9.597516298294067,25.351616621017456,-6.103515470812226e-09,-1.0681151962899094e-08
3.7810411470479948,38.31699999999999,1000.0,207,4140000,7,0.020820962265133858,3.7994771003723145,0.00017579999999999948,0.020823063308458956,1.229984658839549,-0.03574130506841751,15.803126573562622,13.32917332649231,29.132302045822144,9.918212917625624e-09,-4.1961669694501325e-09
4.080274434217241,31.907999999999998,1000.0,208,4160000,7,0.02017217129468918,3.8091518878936768,0.00017519999999999946,0.022119906122678494,1.2483309104474154,-0.03260730237231196,15.763853311538696,13.46637511253357,29.2302303314209,-2.8610229740877458e-09,-6.103515470812226e-09
4.53118980797718,29.380000000000003,1000.0,209,4180000,6,0.020637938752770424,3.8181324005126953,0.00017459999999999947,0.02160821121961624,1.7100482683339184,-0.032751189452557325,15.755207777023315,11.532942771911621,27.28815269470215,-1.5258788677030566e-09,-3.051757735406113e-09
4.522861171445506,30.558999999999997,1000.0,210,4200000,7,0.020577073097229004,3.826554536819458,0.00017399999999999949,0.020433983697106663,1.2731754166630511,-0.0333790725278989,15.698273658752441,13.243058681488037,28.94133448600769,3.051757735406113e-09,-1.831054596834747e-08
3.9181552330650353,26.474,1000.0,211,4220000,9,0.021113067865371704,3.8342392444610596,0.0001733999999999995,0.017081975793075195,0.877574499010151,-0.027571701798766567,15.760738849639893,17.201374053955078,32.96211504936218,-9.918212917625624e-09,-3.662109193669494e-08
3.485584963051108,30.988,1000.0,212,4240000,1,0.021410632878541946,3.8415181636810303,0.00017279999999999948,0.024633472514585756,4.290765437836083,0.03726658973688135,15.763612031936646,1.9233911037445068,17.687005043029785,2.2888183792701966e-08,-1.831054596834747e-08
3.2793087003155486,41.277,1000.0,213,4260000,8,0.022181425243616104,3.849024772644043,0.0001721999999999995,0.02103259465724123,2.1207873756750324,-0.05043672711644976,15.840059280395508,15.323489904403687,31.163551330566406,-1.1444091896350983e-08,-1.9836425835251248e-08
3.892352699203889,53.55400000000001,1000.0,214,4280000,8,0.020006148144602776,3.8574461936950684,0.0001715999999999995,0.02050093141497491,1.2381166026186639,-0.03703186080713694,15.704052925109863,15.33259916305542,31.036654233932495,-3.910064716450279e-09,1.2207030941624453e-08
3.8767239322247162,45.222,1000.0,215,4300000,8,0.02078600414097309,3.866215229034424,0.0001709999999999995,0.019743905950950595,0.8918632560501845,-0.028544295255798467,15.804146766662598,15.248461484909058,31.05260992050171,-1.0681151962899094e-08,-1.2207030941624453e-08
3.38342082495177,35.275000000000006,1000.0,216,4320000,1,0.021503718569874763,3.8747243881225586,0.0001703999999999995,0.028985599014229667,4.596959605194129,0.03897601494583459,15.791454553604126,1.914560079574585,17.706017017364502,-1.76429750808893e-08,-6.103515470812226e-09
3.230098695139432,48.62700000000001,1000.0,217,4340000,7,0.022358043119311333,3.8837757110595703,0.00016979999999999952,0.022044573333292915,2.1645448341972475,-0.039666831694859614,15.771566390991211,13.397942543029785,29.16951084136963,-3.433227480087453e-09,3.814697002724188e-09
3.3919306510980243,53.82000000000001,1000.0,218,4360000,8,0.021847814321517944,3.893620014190674,0.0001691999999999995,0.017849615718514775,1.4510022965244973,-0.04014749856838308,15.749830484390259,15.111738204956055,30.861570835113525,-1.6403197022896165e-08,3.051757735406113e-09
3.0965642773922712,41.902,1000.0,219,4380000,7,0.020458025857806206,3.903489351272583,0.00016859999999999952,0.01753618551094284,1.4357165975121264,-0.03030655484957708,15.677773237228394,13.421660900115967,29.09943652153015,-6.103515470812226e-09,1.5258788677030566e-09
2.695923899659137,35.068,1000.0,220,4400000,8,0.02023226208984852,3.9129841327667236,0.00016799999999999953,0.019445458188289983,1.0728299213579287,-0.03295494270207473,15.724250078201294,15.071964502334595,30.7962167263031,1.1444091230217168e-09,-2.4414061883248905e-08
2.943240585788116,33.356,1000.0,221,4420000,7,0.021506285294890404,3.922041893005371,0.00016739999999999954,0.017910273545874357,2.3184643974319434,-0.03607888460424544,15.80512022972107,13.35127878189087,29.15640163421631,1.2588500908350397e-08,-1.525878801089675e-08
3.425492315723158,33.907000000000004,1000.0,222,4440000,7,0.02040887624025345,3.930738925933838,0.00016679999999999953,0.021988990568287674,1.189731793444976,-0.03618758568618428,15.787228107452393,13.442912340164185,29.230143308639526,-1.5258788677030566e-09,-2.5177001816700795e-08
4.346046248660794,39.486000000000004,1000.0,223,4460000,8,0.021577583625912666,3.9394404888153076,0.00016619999999999954,0.02004625120969376,1.535656459486713,-0.031634386467446866,15.74837327003479,15.374024629592896,31.12239980697632,3.814697002724188e-09,-1.0681151962899094e-08
4.515677664610999,42.73199999999999,1000.0,224,4480000,8,0.021736368536949158,3.9483397006988525,0.00016559999999999953,0.01840942988794047,1.794439475376385,-0.047521738415827956,15.769858837127686,15.333646297454834,31.103507041931152,-6.103515470812226e-09,0.0
3.806213126633928,44.819,1000.0,225,4500000,9,0.02237638458609581,3.957542657852173,0.00016499999999999954,0.01785370823720594,1.046698554297648,-0.031603456379294945,15.804414749145508,17.263633251190186,33.068050146102905,-1.5258788677030566e-09,6.103515470812226e-09
2.79981121396021,43.102000000000004,1000.0,226,4520000,8,0.02064567431807518,3.9669206142425537,0.00016439999999999952,0.01668059743885784,1.1782778415102928,-0.029532672977223753,15.709803342819214,15.288716316223145,30.99852156639099,-2.5177001816700795e-08,-2.1362303925798187e-08
2.5518076426126175,43.805,1000.0,227,4540000,11,0.020330244675278664,3.9765002727508545,0.0001637999999999995,0.01468816058233601,1.8843462930631403,-0.03841100370788943,15.797332525253296,20.87306046485901,36.67039513587952,9.155272984173735e-09,1.5258788677030566e-09
2.485423862002164,49.797999999999995,1000.0,228,4560000,8,0.020055074244737625,3.9866204261779785,0.00016319999999999952,0.01606146005925517,1.6144828248661929,-0.04614277114346326,15.766592979431152,15.234277725219727,31.00087308883667,-1.3732909920349812e-08,1.5258788677030566e-09
2.6922017168089822,45.265,1000.0,229,4580000,10,0.022569870576262474,3.9969613552093506,0.00016259999999999953,0.015691450991022128,1.662777784495308,-0.03761599880878251,15.706320762634277,19.10004162788391,34.80636429786682,1.525878801089675e-08,-1.831054596834747e-08
3.0511872252613905,39.534000000000006,1000.0,230,4600000,6,0.02083275467157364,4.0071611404418945,0.00016199999999999955,0.016517401350061068,1.6385065096889695,-0.028824034507988424,15.708514928817749,11.461566925048828,27.17008399963379,-1.2683868177987279e-08,-3.051757735406113e-09
2.8177470985224233,27.566000000000003,1000.0,231,4620000,8,0.020700741559267044,4.016517639160156,0.00016139999999999956,0.01692769553411169,1.104032856861528,-0.029677757027056127,15.811909675598145,15.293073177337646,31.104984998703003,-3.051757735406113e-09,-2.4414061883248905e-08
2.594354250232434,23.724,1000.0,232,4640000,5,0.020429100841283798,4.024881839752197,0.00016079999999999957,0.017723197353700287,1.3362497073773758,-0.02326213017867777,15.760515451431274,9.604977369308472,25.365494966506958,4.959106458812812e-09,0.0
2.306526897634715,26.345000000000006,1000.0,233,4660000,7,0.02172325737774372,4.0325093269348145,0.00016019999999999958,0.015623590177403689,1.3154796231206505,-0.03420124605505475,15.802655696868896,13.454589366912842,29.25724720954895,2.6702879907247734e-09,1.0681151962899094e-08
1.9366650287680804,24.023000000000003,1000.0,234,4680000,12,0.022117117419838905,4.039331436157227,0.0001595999999999996,0.013150494873991853,0.7711248082585863,-0.02920714508805571,15.767185688018799,22.72999668121338,38.49718451499939,2.2888182460434336e-09,1.5258788677030566e-09
2.4143887861440425,38.819,1000.0,235,4700000,1,0.025475045666098595,4.046324253082275,0.00015899999999999958,0.021494038754139844,4.431452217383887,0.04036474538544496,15.826396942138672,1.9236266613006592,17.750025510787964,7.629394005448376e-09,3.051757735406113e-09
2.9869287938389353,39.33900000000001,1000.0,236,4720000,6,0.02192419394850731,4.05350399017334,0.0001583999999999996,0.014897933194098382,1.3224267093296123,-0.023546671357969888,15.765748500823975,11.528568506240845,27.294318914413452,-1.5258788677030566e-09,-6.103515470812226e-09
2.91983081048373,34.163,1000.0,237,4740000,10,0.021904924884438515,4.060539722442627,0.0001577999999999996,0.014167449176132964,1.3283849695429635,-0.033127984397422774,15.81766963005066,19.180019855499268,34.99769186973572,-9.155272984173735e-09,9.155272984173735e-09
2.176153448585496,28.933999999999997,1000.0,238,4760000,7,0.02060711942613125,4.067127227783203,0.0001571999999999996,0.015291187777904438,1.624725105146576,-0.03511545635566,15.771222591400146,13.400900602340698,29.172125339508057,7.629394005448376e-09,-1.831054596834747e-08
2.2467275919638814,32.84100000000001,1000.0,239,4780000,8,0.024357980117201805,4.073550224304199,0.0001565999999999996,0.014888264951459802,1.2109366808407984,-0.03178110499100123,15.773838520050049,14.966491937637329,30.74033260345459,-7.629394338515283e-10,-2.1362303925798187e-08
2.4608133834944703,37.866,1000.0,240,4800000,6,0.021892668679356575,4.08013391494751,0.0001559999999999996,0.015244069207197846,1.8266600192354892,-0.032025543403542966,15.749764919281006,11.414062023162842,27.16382932662964,-7.629394005448376e-09,1.525878801089675e-08
2.5767365648783978,39.656000000000006,1000.0,241,4820000,3,0.022219937294721603,4.086974143981934,0.0001553999999999996,0.023098313062192913,3.155678493781085,-0.011379138250161791,15.73408818244934,5.741421222686768,21.47551131248474,1.5258788677030566e-09,1.1444091896350983e-08
2.5931595679688355,63.835,1000.0,242,4840000,7,0.0209913719445467,4.095530986785889,0.00015479999999999962,0.01674045777965944,3.0749346810299096,-0.04571610240462108,15.708950757980347,13.385116338729858,29.094069242477417,-1.0681151962899094e-08,5.9509275729396904e-08
2.8357233468001537,62.35,1000.0,243,4860000,9,0.021599793806672096,4.105546951293945,0.00015419999999999963,0.016971297621631774,1.2616841549309679,-0.036684224398242676,15.748869895935059,17.27029013633728,33.01916265487671,-1.4305114426349519e-08,-3.05175760217935e-08
2.1493937149550613,46.620999999999995,1000.0,244,4880000,6,0.021175425499677658,4.115915775299072,0.00015359999999999964,0.01510198428806342,3.033561403917682,-0.03371636489162239,15.863095998764038,11.522249221801758,27.38534712791443,-6.103515470812226e-09,4.1961669694501325e-08
2.010988135959594,60.402,1000.0,245,4900000,9,0.02203616499900818,4.127452373504639,0.00015299999999999965,0.012511645291327245,1.6138225215353947,-0.06199400851891148,15.720000982284546,17.13911485671997,32.85911774635315,-9.155272984173735e-09,5.187987994759169e-08
2.0800479693914595,67.089,1000.0,246,4920000,10,0.02312486432492733,4.140454292297363,0.00015239999999999967,0.013799180149341735,1.1501896936482134,-0.04454654940990166,15.723652839660645,19.084489822387695,34.80814504623413,-1.2207030941624453e-08,-5.493163968139925e-08
2.9567475988957335,49.711000000000006,1000.0,247,4940000,9,0.021869221702218056,4.153712272644043,0.00015179999999999968,0.018164474067810816,1.2891097669699618,-0.03187024791089882,15.775534391403198,16.965811491012573,32.741347551345825,0.0,6.103515470812226e-09
3.418617219972178,32.361000000000004,1000.0,248,4960000,5,0.021663164719939232,4.166129112243652,0.0001511999999999997,0.01767460523179164,3.1255992160056727,-0.039202795418116235,15.845350503921509,9.609166383743286,25.45451855659485,-3.051757735406113e-09,6.103515470812226e-09
3.152143700827504,47.143,1000.0,249,4980000,9,0.02089601382613182,4.178706169128418,0.0001505999999999997,0.01672387406934829,1.7565992706246016,-0.03733206463843468,15.821839332580566,17.131212949752808,32.95305418968201,1.1062621929625038e-08,1.2207030941624453e-08
3.0223180228177506,49.25999999999999,1000.0,250,5000000,8,0.020198198035359383,4.191561698913574,0.00014999999999999972,0.016980482504878658,2.3848060914359914,-0.03995930165656435,15.860552787780762,15.33279538154602,31.193350315093994,-1.2588500908350397e-08,1.2207030941624453e-08
3.2563285478925303,48.497,1000.0,251,5020000,9,0.021515745669603348,4.204623699188232,0.00014939999999999973,0.019385481650657083,1.596127870809029,-0.04168123642513631,15.71878433227539,17.015867471694946,32.73465371131897,-9.918212917625624e-09,-4.2724607851596375e-08
3.340315441530643,43.541,1000.0,252,5040000,6,0.02130277082324028,4.217565536499023,0.00014879999999999971,0.018132140066502447,1.6300537158379031,-0.03827085579161287,15.73069977760315,11.331838369369507,27.06254005432129,-6.103515470812226e-09,-2.6702879907247734e-08
3.4570431809973905,38.742000000000004,1000.0,253,5060000,9,0.022737959399819374,4.230101585388184,0.00014819999999999973,0.018966429773618936,1.1999025420597524,-0.04100027036405822,15.79725193977356,17.018022537231445,32.81527638435364,4.577636492086867e-09,-1.6403197022896165e-08
3.0041852261800814,31.35,1000.0,254,5080000,9,0.020388858392834663,4.2418084144592285,0.0001475999999999997,0.01581342493005052,0.753813549490063,-0.024783312853519635,15.700418949127197,17.240628719329834,32.941049575805664,1.2207030941624453e-08,-4.1961669694501325e-08
3.2723718427123423,33.17099999999999,1000.0,255,5100000,7,0.02033940702676773,4.252883434295654,0.00014699999999999972,0.02190809727390095,1.8418755372709903,-0.04273658639584323,15.751560926437378,13.414788246154785,29.166351079940796,-8.01086397217432e-09,3.051757735406113e-09
3.653735391042413,37.045,1000.0,256,5120000,6,0.020426200702786446,4.263633728027344,0.0001463999999999997,0.020231339784440236,2.2485780773706203,-0.04247427586946117,15.706987857818604,11.402422666549683,27.109412670135498,4.00543198608716e-09,6.103515470812226e-09
3.5630660068539823,48.507,1000.0,257,5140000,7,0.020434478297829628,4.274816036224365,0.00014579999999999972,0.0178913348428786,2.162931517453457,-0.045031250737580276,15.75557804107666,13.46243143081665,29.218011617660522,-3.433227480087453e-09,-3.662109193669494e-08
2.7371909716223515,51.534000000000006,1000.0,258,5160000,7,0.022079387679696083,4.286581039428711,0.00014519999999999973,0.01581780075778677,1.911290193354904,-0.04700800962576116,15.732177972793579,13.4812912940979,29.213470935821533,-4.577636492086867e-09,-1.2207030941624453e-08
2.7653470556183084,47.28700000000001,1000.0,259,5180000,8,0.020104320719838142,4.2986063957214355,0.00014459999999999975,0.017278724479096265,1.7569162252421577,-0.035551374451593516,15.762938499450684,15.37134337425232,31.134284257888794,-7.629394005448376e-09,-6.103515470812226e-09
3.310824334974851,36.306,1000.0,260,5200000,8,0.02095828205347061,4.310172080993652,0.00014399999999999976,0.015872950559279647,0.9140453591538124,-0.028153035313280794,15.804179668426514,15.364170551300049,31.168352365493774,-4.577636492086867e-09,-3.662109193669494e-08
3.609585695119138,34.088,1000.0,261,5220000,7,0.020487796515226364,4.321183681488037,0.00014339999999999977,0.01953707605732978,1.4786240963944557,-0.0392707620574385,15.7612886428833,13.410328388214111,29.171619415283203,6.103515470812226e-09,3.9672851670502496e-08
3.9043755369397495,33.60099999999999,1000.0,262,5240000,7,0.021321997046470642,4.331665515899658,0.00014279999999999978,0.021379611653410534,1.3156552057405522,-0.0343231983913856,15.794721841812134,13.393800973892212,29.18852472305298,-1.1444091230217168e-09,4.577636492086867e-09
3.9301385325593436,29.421000000000003,1000.0,263,5260000,9,0.020647244527935982,4.341403007507324,0.0001421999999999998,0.020326150539914663,1.2419152437455696,-0.02383086354136837,15.71714472770691,17.234030961990356,32.95117783546448,-3.8146971692576415e-10,3.051757735406113e-09
3.9190271471838445,28.909000000000002,1000.0,264,5280000,7,0.022049415856599808,4.350436687469482,0.0001415999999999998,0.020043165673765757,1.844137092041458,-0.03879409095349784,15.766143083572388,13.225453853607178,28.9915988445282,-7.629394338515283e-10,0.0
3.7287135583220823,32.819,1000.0,265,5300000,6,0.02185938134789467,4.359087944030762,0.00014099999999999982,0.017044448222334203,1.3511989365814847,-0.02540777485591535,15.735233306884766,11.458954334259033,27.19418954849243,1.1825560974898508e-08,-1.5258788677030566e-09
2.9883615798153524,35.76899999999999,1000.0,266,5320000,9,0.020589761435985565,4.367584705352783,0.00014039999999999983,0.014681924936217136,0.7334705004994226,-0.025971828629935533,15.744988918304443,17.19332218170166,32.938313245773315,-1.831054596834747e-08,4.577636492086867e-09
2.3968384411573673,34.088,1000.0,267,5340000,6,0.02025548368692398,4.375835418701172,0.00013979999999999985,0.021209606864609626,1.6491937099046474,-0.03753649239964918,15.765710830688477,11.195335865020752,26.96104860305786,-9.155272984173735e-09,1.2207030941624453e-08
2.966084297440996,44.663,1000.0,268,5360000,7,0.0216204896569252,4.384548664093018,0.00013919999999999986,0.0189294394119275,1.5100731707255843,-0.03698821009711852,15.757379531860352,13.4453604221344,29.202742099761963,9.155272984173735e-09,0.0
3.7376749166745626,43.44499999999999,1000.0,269,5380000,8,0.021293431520462036,4.3936028480529785,0.00013859999999999987,0.016227321602930778,1.0533385697883157,-0.025932475879487875,15.732803583145142,15.189202785491943,30.922008275985718,-3.356933575560106e-08,-1.9836425835251248e-08
3.335604844040797,35.517,1000.0,270,5400000,7,0.020707430317997932,4.402451992034912,0.00013799999999999988,0.01911557718621765,1.7471506423408285,-0.03735713789172365,15.81508493423462,13.264052867889404,29.079139709472656,8.964538444899972e-09,1.602172794434864e-08
2.795640901963037,31.766999999999996,1000.0,271,5420000,8,0.020108306780457497,4.410873889923096,0.0001373999999999999,0.016996694226621298,1.2863446106069005,-0.03364378314639349,15.77906346321106,15.010198831558228,30.78926420211792,1.678466787780053e-08,9.155272984173735e-09
2.1148923608080668,28.951,1000.0,272,5440000,8,0.020062008872628212,4.418727397918701,0.0001367999999999999,0.018003192924025555,0.9378053040359728,-0.030118888318047713,15.76393723487854,15.342775106430054,31.106714248657227,4.386901952813105e-09,-1.525878801089675e-08
1.6798310810648325,27.206000000000007,1000.0,273,5460000,5,0.023002147674560547,4.425954818725586,0.0001361999999999999,0.018940922153143646,1.9598821888335596,-0.03680485659323561,15.726685762405396,9.477673292160034,25.20436143875122,-7.629394005448376e-09,-6.103515470812226e-09
1.8614961512592854,37.725,1000.0,274,5480000,9,0.020125553011894226,4.433306694030762,0.00013559999999999988,0.015983459312914425,1.3410485802515204,-0.03187154605951627,15.736518383026123,17.192760467529297,32.92928099632263,-4.577636492086867e-09,-1.3732909920349812e-08
1.989346343709157,35.08,1000.0,275,5500000,10,0.02027251571416855,4.440598964691162,0.0001349999999999999,0.012181886591719458,0.7843672219842387,-0.031070812885015727,15.771186113357544,19.044275999069214,34.81546425819397,3.8146971692576415e-10,-1.4495848965623281e-08
1.7201914449184479,22.993000000000002,1000.0,276,5520000,8,0.020318197086453438,4.447043418884277,0.00013439999999999988,0.015280808574674776,1.1710580078462443,-0.025533370585136186,15.778142929077148,15.290749549865723,31.068894147872925,5.340575981449547e-09,-2.1362303925798187e-08
1.6764436507862346,20.770999999999997,1000.0,277,5540000,7,0.02041575498878956,4.452576637268066,0.0001337999999999999,0.01640916371055794,1.3257046588367112,-0.031462507375989095,15.784146308898926,13.403903484344482,29.18805193901062,-3.051757735406113e-09,-2.2888183792701966e-08
2.5620880682936553,25.134,1000.0,278,5560000,6,0.020057743415236473,4.457575798034668,0.00013319999999999988,0.0198064772000574,1.4522700462732325,-0.03085509434102363,15.754777193069458,11.481886148452759,27.236665725708008,2.38418573772492e-09,-4.577636492086867e-09
3.2200153271057252,25.298000000000005,1000.0,279,5580000,9,0.021210283041000366,4.462103843688965,0.0001325999999999999,0.018056144861502452,0.7137760123251853,-0.0288424957480796,15.758380889892578,17.03640079498291,32.79478335380554,3.051757735406113e-09,-9.155272984173735e-09
3.01419700347071,19.193,1000.0,280,5600000,8,0.020780736580491066,4.46580171585083,0.0001319999999999999,0.014321478951823549,0.5311147856493347,-0.020172144708851467,15.739560604095459,15.17880392074585,30.91836643218994,-1.5258788677030566e-09,-6.103515470812226e-09
2.737933665482205,17.336,1000.0,281,5620000,1,0.023750271648168564,4.468626976013184,0.00013139999999999991,0.019796659661153446,3.2752142123901806,0.029227890121860625,15.85410451889038,1.8362061977386475,17.69031262397766,-3.051757735406113e-09,3.051757735406113e-09
2.486434681155955,22.926000000000002,1000.0,282,5640000,7,0.020342007279396057,4.471036434173584,0.00013079999999999993,0.017809852232560618,0.9656924996431534,-0.029498803425479947,15.806258201599121,13.321205139160156,29.12746548652649,4.1961669694501325e-09,1.5258788677030566e-09
2.9030085080008026,30.736,1000.0,283,5660000,6,0.020666688680648804,4.473592281341553,0.00013019999999999994,0.017606455111167967,1.3161912058203364,-0.014605024981751832,15.844267129898071,11.508952856063843,27.353222131729126,-1.1444091230217168e-09,0.0
2.8566772685277235,32.54899999999999,1000.0,284,5680000,10,0.020116087049245834,4.476402282714844,0.00012959999999999995,0.016965614181583207,0.7472951041433377,-0.03495430270650278,15.69605016708374,19.185436010360718,34.88148832321167,1.1444091230217168e-09,-1.4495848965623281e-08
2.424535797295495,37.03099999999999,1000.0,285,5700000,3,0.020479634404182434,4.479743003845215,0.00012899999999999994,0.020302445650560913,3.1818386677482002,0.007269932062258989,15.711205244064331,5.75126838684082,21.462476015090942,-6.866454960174906e-09,-3.051757735406113e-09
2.8652791387269465,43.141,1000.0,286,5720000,8,0.020238542929291725,4.483973503112793,0.00012839999999999995,0.019551964860912353,1.497790355973255,-0.04203436049162604,15.828872442245483,15.005162000656128,30.834036588668823,-7.629394005448376e-09,1.678466787780053e-08
2.6382668331560333,42.879,1000.0,287,5740000,7,0.020200788974761963,4.488990783691406,0.00012779999999999996,0.014783208847593385,1.0801755588030717,-0.02769800816419896,15.748723983764648,13.148191213607788,28.89691710472107,-2.2888182460434336e-09,-4.577636492086867e-09
2.254338620652377,32.10199999999999,1000.0,288,5760000,7,0.020054234191775322,4.493993759155273,0.00012719999999999997,0.016676391565867043,0.9175434643849016,-0.02877640321133263,15.683280229568481,13.066596508026123,28.749878883361816,-1.3732909920349812e-08,0.0
1.6654111166920238,27.861,1000.0,289,5780000,8,0.020914435386657715,4.498698711395264,0.00012659999999999996,0.01448661101366075,2.4480350594908096,-0.02684612199478149,15.738613367080688,15.311639785766602,31.050255060195923,3.051757735406113e-09,-9.155272984173735e-09
1.3839333534231504,34.60099999999999,1000.0,290,5800000,9,0.022714609280228615,4.503591537475586,0.00012599999999999995,0.014389193944109323,1.013652220511208,-0.036534308143459954,15.726366996765137,17.085840940475464,32.81221008300781,-4.577636492086867e-09,-7.629394338515283e-10
1.1227088848030824,27.369999999999997,1000.0,291,5820000,11,0.020223770290613174,4.508164405822754,0.00012539999999999996,0.013424768775048002,0.8219502331072807,-0.02539250275526967,15.690589189529419,20.934840440750122,36.62543177604675,0.0,5.340575981449547e-09
1.2013631396114781,18.609,1000.0,292,5840000,6,0.02182263508439064,4.5118536949157715,0.00012479999999999994,0.01281142956849993,0.707083349743971,-0.020424034926024712,15.725508213043213,11.523284435272217,27.248794317245483,-7.629394005448376e-09,1.831054596834747e-08
1.0768487200468135,13.047,1000.0,293,5860000,10,0.020892776548862457,4.514366626739502,0.00012419999999999996,0.014294571278337092,0.879619674732129,-0.024369246428148052,15.811053037643433,19.172560930252075,34.98361611366272,-1.5258788677030566e-09,-9.155272984173735e-09
1.2014701317102967,16.178999999999995,1000.0,294,5880000,8,0.021723102778196335,4.516030788421631,0.00012359999999999994,0.015687417944509407,0.9206493290397115,-0.02077100259406617,15.78574538230896,15.151572465896606,30.9373197555542,0.0,-6.866454960174906e-09
1.8826882359509036,19.939,1000.0,295,5900000,12,0.020787011831998825,4.517185688018799,0.00012299999999999995,0.015470646239700108,1.0091095340296357,-0.05154634076364029,15.783115148544312,23.02596163749695,38.80907893180847,-3.814697002724188e-09,6.713867151120212e-08
1.8682488382925957,51.61,1000.0,296,5920000,11,0.020100338384509087,4.520047664642334,0.00012239999999999997,0.015457023377144817,2.2688516042899365,-0.05182970595345087,15.755027294158936,21.049569129943848,36.804598331451416,-8.392333938900265e-09,7.934570334100499e-08
2.016182541912892,70.944,1000.0,297,5940000,11,0.021989231929183006,4.5257697105407715,0.00012179999999999997,0.016418310301283694,0.7600706203573151,-0.03404646822514573,15.743616819381714,21.038493871688843,36.78211283683777,9.155272984173735e-09,-1.2207030941624453e-08
2.021178446910638,56.14899999999999,1000.0,298,5960000,8,0.02266894467175007,4.5330610275268555,0.00012119999999999996,0.017349513368487668,0.7214090690349999,-0.03284521943654496,15.736488580703735,15.114088296890259,30.850579023361206,-6.103515470812226e-09,-1.2207030941624453e-08
2.1847437106865475,29.020000000000003,1000.0,299,5980000,7,0.02012443356215954,4.539912223815918,0.00012059999999999996,0.013403037325778763,0.9983959389924459,-0.02847512128466629,15.677285194396973,13.154584646224976,28.83187198638916,-9.918212917625624e-09,6.103515470812226e-09
1.327266432979196,20.209999999999997,1000.0,300,6000000,12,0.02096838504076004,4.545760631561279,0.00011999999999999996,0.01264730508511646,0.4110173520585472,-0.016438094180605958,15.692363977432251,22.906769275665283,38.599135398864746,-1.525878801089675e-08,-1.678466787780053e-08
0.88766197214569,14.694999999999999,1000.0,301,6020000,5,0.020383937284350395,4.550323486328125,0.00011939999999999996,0.014611516906597172,0.712363899991916,-0.016438930788740945,15.788545608520508,9.590559720993042,25.379107236862183,-5.340575981449547e-09,6.866454960174906e-09
1.470229878776543,16.082,1000.0,302,6040000,5,0.020093167200684547,4.553821563720703,0.00011879999999999996,0.01777783231006358,1.1035758982070338,-0.022591324970007133,15.681278467178345,9.599298238754272,25.28057861328125,0.0,-1.2207030941624453e-08
2.327629328115998,20.186,1000.0,303,6060000,12,0.021792439743876457,4.556642532348633,0.00011819999999999996,0.012812832551160322,0.8606772357964922,-0.020889221826475013,15.70642614364624,22.313419342041016,38.01984763145447,9.155272984173735e-09,-1.2969969986897922e-08
2.258567683271017,20.529,1000.0,304,6080000,2,0.021004822105169296,4.5588765144348145,0.00011759999999999996,0.0166213625667099,1.3103532538817713,0.0009937476301297974,15.701965570449829,3.8446314334869385,19.54659914970398,-6.103515470812226e-09,0.0
1.925042914338889,17.023999999999997,1000.0,305,6100000,8,0.020443201065063477,4.560336589813232,0.00011699999999999997,0.014622124303623248,0.6297083487644934,-0.023950707288172553,15.712700128555298,15.29268479347229,31.0053870677948,-1.831054596834747e-08,3.051757735406113e-09
1.6855861593100592,15.923999999999996,1000.0,306,6120000,2,0.021225010976195335,4.56102180480957,0.00011639999999999997,0.01558166657077571,1.3584440088214966,-0.003086298368662929,15.791298627853394,3.84832501411438,19.639625549316406,-1.5258788677030566e-09,1.3732909920349812e-08
1.2632082758932401,21.537,1000.0,307,6140000,6,0.020106501877307892,4.561398029327393,0.00011579999999999997,0.013172161114760163,2.2884472614755267,-0.0364691236604866,15.772679567337036,11.53993535041809,27.31261682510376,-1.3732909920349812e-08,1.831054596834747e-08
0.8092829049784811,31.603,1000.0,308,6160000,13,0.02115951105952263,4.562198638916016,0.00011519999999999997,0.011157843623970425,0.7302142754105567,-0.019785991935556104,15.747960090637207,24.569297313690186,40.317259550094604,-6.103515470812226e-09,-2.0599363992346298e-08
1.0754337091120514,34.78600000000001,1000.0,309,6180000,5,0.020052233710885048,4.563605308532715,0.00011459999999999997,0.012702255400593955,1.8719035194514277,-0.022548146317370784,15.792495727539062,9.581071615219116,25.37356972694397,9.155272984173735e-09,1.2207030941624453e-08
1.5162272281964335,22.997,1000.0,310,6200000,10,0.020716888830065727,4.564733028411865,0.00011399999999999998,0.011864536350218061,0.6908338526852976,-0.02217299733608485,15.737548351287842,19.176414489746094,34.91396498680115,3.814697002724188e-09,3.433227480087453e-09
1.7428590629784773,22.756,1000.0,311,6220000,7,0.022676287218928337,4.565592288970947,0.00011339999999999998,0.014802148011787223,0.5639251341481342,-0.024119262772283698,15.720653772354126,13.078940391540527,28.799596071243286,6.103515470812226e-09,-1.1444091896350983e-08
1.6917062674290881,11.656,1000.0,312,6240000,10,0.02061031013727188,4.565428256988525,0.00011279999999999998,0.012548109997783939,0.3751992597937965,-0.01854419945731771,15.712763547897339,19.154722690582275,34.86748814582825,4.577636492086867e-09,0.0
1.7995175089650683,9.875999999999998,1000.0,313,6260000,5,0.021283935755491257,4.56421422958374,0.00011219999999999998,0.013983108005679834,0.5990441917611388,-0.011867702500626874,15.686254739761353,9.554190397262573,25.24044704437256,6.103515470812226e-09,-1.5258788677030566e-09
1.5046954628753988,10.489,1000.0,314,6280000,7,0.022461263462901115,4.562095642089844,0.00011159999999999998,0.0127640456362491,0.7687570150722276,-0.01905784079535524,15.750277519226074,13.436862707138062,29.187142372131348,3.051757735406113e-09,1.2207030941624453e-08
1.7091602042029712,17.223,1000.0,315,6300000,7,0.023643333464860916,4.559635162353516,0.00011099999999999997,0.014108633064838753,0.8563573222109195,-0.02596916097404613,15.75797176361084,13.442970275878906,29.200944185256958,-1.4495848965623281e-08,-3.051757735406113e-09
2.0603947548627524,18.082,1000.0,316,6320000,8,0.022285839542746544,4.556926727294922,0.00011039999999999999,0.01694187072973056,0.43965748078621236,-0.018658902934795548,15.764488935470581,15.360352993011475,31.124844312667847,0.0,-3.9672851670502496e-08
2.225083649127965,13.364,1000.0,317,6340000,2,0.02919098362326622,4.553658962249756,0.00010979999999999999,0.01708799456439603,1.007441572964001,0.002288112095512521,15.773414850234985,3.8158764839172363,19.589293718338013,1.3732909920349812e-08,-1.525878801089675e-08
2.138182812257813,13.703,1000.0,318,6360000,3,0.020262204110622406,4.549909591674805,0.00010919999999999998,0.017282320705219643,1.6997775438304146,-0.010907785903515653,15.776644706726074,5.721123456954956,21.497770309448242,1.5258788677030566e-09,-9.155272984173735e-09
1.959350227097935,16.413999999999994,1000.0,319,6380000,11,0.02176760695874691,4.545917510986328,0.00010859999999999998,0.011566369214903692,0.7699592750051013,-0.017284093013792287,15.792544841766357,21.029265642166138,36.82181239128113,-7.629394338515283e-10,7.629394338515283e-10
1.7220349564390691,18.3,1000.0,320,6400000,6,0.02038547955453396,4.541840076446533,0.00010799999999999998,0.013261506279396871,0.43299180909562796,-0.015648189897146135,15.730223655700684,11.52217984199524,27.252405643463135,-1.4114379887075756e-08,-1.5258788677030566e-09
1.3365823409324558,14.282000000000002,1000.0,321,6420000,1,0.02017837204039097,4.537397861480713,0.00010739999999999998,0.016377794252821622,2.119395078942418,0.022216839519457313,15.801162719726562,1.9257957935333252,17.72696042060852,-2.2888182460434336e-09,-9.155272984173735e-09
1.6781546275358494,21.539000000000005,1000.0,322,6440000,8,0.021860606968402863,4.533144950866699,0.00010679999999999998,0.016243649079812506,0.8033284160989923,-0.03139164346305969,15.740118741989136,15.10010576248169,30.840226650238037,7.629394338515283e-10,2.1362303925798187e-08
2.157184361053054,24.658,1000.0,323,6460000,10,0.020409366115927696,4.529285907745361,0.00010619999999999998,0.014413292958927801,0.6244992998080513,-0.024481843911206568,15.748234272003174,19.029362678527832,34.77759885787964,-6.103515470812226e-09,-1.831054596834747e-08
1.9725233641720088,18.990999999999996,1000.0,324,6480000,8,0.020190788432955742,4.525374412536621,0.00010559999999999998,0.014578608164084725,0.8021986542132716,-0.019472367520564603,15.74370288848877,15.322121620178223,31.065826654434204,7.247924482811641e-09,-1.525878801089675e-08
1.6987654818113875,18.925999999999995,1000.0,325,6500000,8,0.02144477143883705,4.521410942077637,0.00010499999999999998,0.016691735249753602,1.453223149545086,-0.042686202009907734,15.872073411941528,15.268732070922852,31.140807628631592,-6.103515470812226e-09,1.0681151962899094e-08
1.4622770747916323,23.179,1000.0,326,6520000,9,0.022668534889817238,4.517705917358398,0.00010439999999999998,0.013360312147040209,0.5762621570678734,-0.0286497782699613,15.754936933517456,17.10821771621704,32.86315679550171,7.247924482811641e-09,-4.577636492086867e-09
1.6515505267007993,29.298000000000002,1000.0,327,6540000,1,0.020534461364150047,4.514676094055176,0.00010379999999999998,0.020529226123239284,2.391774800353157,0.03239695537990084,15.760026931762695,1.921868085861206,17.681897163391113,-7.629394005448376e-09,-3.051757735406113e-09
1.725324319046102,20.785000000000004,1000.0,328,6560000,9,0.020208660513162613,4.51163911819458,0.00010319999999999997,0.01502763757923202,0.5198230931934077,-0.022315526777038,15.780676364898682,17.199506282806396,32.98018455505371,-6.103515470812226e-09,9.155272984173735e-09
1.8497004151246255,16.317,1000.0,329,6580000,3,0.02070382982492447,4.50827169418335,0.00010259999999999997,0.017051113620638467,1.1691457421634905,-0.005491696968595314,15.73037314414978,5.7668297290802,21.497205018997192,-1.5258788677030566e-09,0.0
1.9197353981267669,14.555000000000001,1000.0,330,6600000,8,0.023541655391454697,4.504477024078369,0.00010199999999999999,0.01736464638697406,0.907534798208517,-0.029004314993195737,15.766335010528564,15.385806322097778,31.152143478393555,-2.6702879907247734e-09,-6.103515470812226e-09
2.2479752668977517,18.485000000000003,1000.0,331,6620000,6,0.02079194039106369,4.500582218170166,0.00010139999999999998,0.0162122955152029,1.4428846223698384,-0.021387239104817216,15.784322261810303,11.552175283432007,27.336499452590942,3.051757735406113e-09,-7.629394338515283e-10
2.3681374164436093,19.436999999999998,1000.0,332,6640000,9,0.020728325471282005,4.496665000915527,0.00010079999999999998,0.01605493260827213,0.7447243538739032,-0.030068960945020446,15.758296966552734,17.245652437210083,33.00395154953003,-6.103515470812226e-09,4.577636492086867e-09
1.8728119776446046,22.754000000000005,1000.0,333,6660000,7,0.02137618698179722,4.492969512939453,0.00010019999999999998,0.01514642017785951,1.3822545468916039,-0.023003056784815464,15.821085691452026,13.424113035202026,29.245200872421265,7.629394005448376e-09,1.5258788677030566e-09
2.280624809966009,29.189,1000.0,334,6680000,8,0.020464351400732994,4.489943981170654,9.959999999999998e-05,0.016450787184405895,1.027117573688872,-0.04445473003549317,15.756566762924194,15.105319738388062,30.861888647079468,-4.1961669694501325e-09,1.2207030941624453e-08
2.6471870554735806,35.781,1000.0,335,6700000,9,0.02253650315105915,4.488006114959717,9.899999999999998e-05,0.014135098896119287,1.033811605480236,-0.03251692699136217,15.753116846084595,17.21023178100586,32.963351011276245,7.629394338515283e-10,0.0
2.6770886260633326,35.504000000000005,1000.0,336,6720000,6,0.022479578852653503,4.487030029296875,9.839999999999998e-05,0.017391697755053687,1.4140569554985014,-0.031197049634191936,15.786031246185303,11.46362829208374,27.249661445617676,1.1444091230217168e-09,0.0
2.4814781837195445,32.989000000000004,1000.0,337,6740000,12,0.020014803856611252,4.486737251281738,9.779999999999998e-05,0.013098596412236221,1.8366966233831752,-0.01759940591126014,15.644088745117188,22.97281813621521,38.61690878868103,-1.5258788677030566e-09,0.0
2.4721380014806615,27.439,1000.0,338,6760000,10,0.021802326664328575,4.486652851104736,9.719999999999998e-05,0.01488074163040414,0.573596274091032,-0.02950977255893758,15.786211729049683,19.11702060699463,34.903234004974365,-1.0681151962899094e-08,9.155272984173735e-09
1.9493799518132555,16.579999999999995,1000.0,339,6780000,11,0.020544391125440598,4.485955715179443,9.659999999999998e-05,0.012386692912111422,0.831225087043334,-0.023508751086486035,15.689697980880737,21.01597833633423,36.7056782245636,-7.629394005448376e-09,3.051757735406113e-09
2.011779665596507,21.75,1000.0,340,6800000,11,0.021475017070770264,4.4850873947143555,9.599999999999998e-05,0.016381125946399643,0.7111808455790194,-0.03572235218996646,15.735389947891235,21.138225555419922,36.87361788749695,-5.340575981449547e-09,-9.155272984173735e-09
2.3793827956079,30.994,1000.0,341,6820000,7,0.02022821642458439,4.484747886657715,9.539999999999997e-05,0.018104009627819825,1.250477583440457,-0.03025980940108183,15.709134817123413,13.455701112747192,29.16483783721924,-8.487701208537146e-09,-2.1362303925798187e-08
2.816418823974053,30.369000000000007,1000.0,342,6840000,11,0.02142743207514286,4.484839916229248,9.479999999999997e-05,0.015009990316874373,0.6807278075122639,-0.027363993682187983,15.770533800125122,21.123640060424805,36.89417552947998,-1.5258788677030566e-09,-6.103515470812226e-09
2.28875856632169,20.076,1000.0,343,6860000,8,0.020539836958050728,4.484557151794434,9.419999999999997e-05,0.016524384786470083,0.6324205474969679,-0.027223160054115132,15.86737060546875,15.313847780227661,31.181220531463623,-5.340575981449547e-09,3.051757735406113e-09
1.979953757963365,18.302,1000.0,344,6880000,8,0.021612878888845444,4.483804225921631,9.359999999999997e-05,0.014995096052755801,0.5934181791929581,-0.03126370273723889,15.789466381072998,15.208080530166626,30.997549057006836,4.1961669694501325e-09,6.103515470812226e-09
1.8768974584457894,15.093,1000.0,345,6900000,10,0.020419416949152946,4.482387065887451,9.299999999999997e-05,0.016251483589363173,0.3678123009947542,-0.02065046310168914,15.73058557510376,19.051093578338623,34.781681060791016,-7.629394005448376e-09,-2.326965287124949e-08
2.050700060990938,10.612,1000.0,346,6920000,10,0.020195623859763145,4.480035781860352,9.239999999999997e-05,0.015646015378697135,0.37207767490666516,-0.019563181026460836,15.743720293045044,18.569731950759888,34.313454151153564,0.0,-6.103515470812226e-09
1.8918445676263338,16.133,1000.0,347,6940000,1,0.022376826032996178,4.477253437042236,9.179999999999997e-05,0.018560711202172998,2.5969862861755177,0.03160273744323002,15.810373544692993,1.9192450046539307,17.729620218276978,-3.051757735406113e-09,1.831054596834747e-08
1.7556027074310783,22.042999999999996,1000.0,348,6960000,10,0.021474743261933327,4.474523544311523,9.119999999999997e-05,0.014523765133521237,0.4566167460748563,-0.023685078954580017,15.669545412063599,19.112455368041992,34.782002687454224,-5.340575981449547e-09,-2.6702879907247734e-08
1.761174078738717,20.681,1000.0,349,6980000,8,0.02440466545522213,4.471738815307617,9.059999999999997e-05,0.016379103389979242,0.4533079297433551,-0.023467462246169368,15.726624488830566,15.221952199935913,30.94857883453369,-1.2969969986897922e-08,2.2888182460434336e-09
2.2307653717392815,18.957,1000.0,350,7000000,8,0.021288815885782242,4.468774318695068,8.999999999999997e-05,0.015836323542258564,0.882619740078434,-0.03312494463180177,15.679198026657104,15.08313512802124,30.762335062026978,7.629394005448376e-09,-3.051757735406113e-09
2.387497166708468,24.651000000000003,1000.0,351,7020000,11,0.020918434485793114,4.466075420379639,8.939999999999996e-05,0.013318082798383816,0.654130558604215,-0.023554927191226125,15.74518084526062,21.12207818031311,36.86726093292236,-1.0681151962899094e-08,9.155272984173735e-09
1.9646526392845172,30.389,1000.0,352,7040000,12,0.024591388180851936,4.464048385620117,8.879999999999996e-05,0.011108336662248777,1.8249940088175483,-0.023101220837485788,15.720075845718384,23.036274433135986,38.75635242462158,7.629394338515283e-10,4.577636492086867e-09
1.577310260452233,23.002,1000.0,353,7060000,13,0.020964927971363068,4.462070465087891,8.819999999999996e-05,0.012660834549187618,0.46277157989421913,-0.024986677644483635,15.807533264160156,24.521047353744507,40.328583002090454,-2.1362303925798187e-08,1.5258788677030566e-09
1.154421079887697,23.726,1000.0,354,7080000,12,0.021444346755743027,4.460190773010254,8.759999999999996e-05,0.012706469461030235,1.2184774277134698,-0.033070124448718416,15.712458610534668,22.953694343566895,38.666154861450195,-1.1444091230217168e-09,1.2207030941624453e-08
1.0957611843066188,27.673000000000002,1000.0,355,7100000,12,0.02211878076195717,4.458698749542236,8.699999999999996e-05,0.010996292028090143,0.5940976022277523,-0.025701473438165114,15.758811235427856,22.902589321136475,38.661402463912964,7.629394005448376e-09,-7.629394005448376e-09
0.9821062271291863,26.919000000000004,1000.0,356,7120000,7,0.020037246868014336,4.4574995040893555,8.639999999999996e-05,0.012875545887673543,0.6933935205858084,-0.027244961829469228,15.781492233276367,13.394113302230835,29.175607442855835,-7.629394338515283e-10,5.340575981449547e-09
1.350373211777565,19.631,1000.0,357,7140000,10,0.020551301538944244,4.456010341644287,8.579999999999996e-05,0.012279361294368253,0.4987485564888095,-0.028771335309067853,15.773282051086426,19.073721170425415,34.84700560569763,1.3732909920349812e-08,9.155272984173735e-09
1.3719964968129457,20.35,1000.0,358,7160000,8,0.02049543708562851,4.4543137550354,8.519999999999996e-05,0.014180424174267096,1.2383387461542703,-0.027862530555754616,15.618431329727173,15.195804357528687,30.81423783302307,1.2207030941624453e-08,1.907348501362094e-09
1.6932110636678748,21.314,1000.0,359,7180000,9,0.02197405882179737,4.452503204345703,8.459999999999996e-05,0.015829578528354617,0.7003984982382544,-0.0316199076087219,15.789699077606201,17.18585729598999,32.975558280944824,9.155272984173735e-09,1.2207030941624453e-08
1.8559467363130213,23.706000000000003,1000.0,360,7200000,9,0.022119197994470596,4.450771808624268,8.399999999999995e-05,0.01710149423537639,0.6638889982000411,-0.0318533715223024,15.788212537765503,17.253039360046387,33.041253328323364,-2.2888182460434336e-09,-1.5258788677030566e-09
2.100767519066548,21.032000000000004,1000.0,361,7220000,8,0.02100394293665886,4.448907375335693,8.339999999999995e-05,0.014485793198256519,0.9275336554184699,-0.010157408748423092,15.73457646369934,15.337618350982666,31.07219672203064,3.051757735406113e-09,1.4495848965623281e-08
1.8352080225775087,18.833999999999996,1000.0,362,7240000,13,0.021744854748249054,4.446754455566406,8.279999999999995e-05,0.013020501241571314,0.3259070252326291,-0.020857248963748326,15.757881164550781,24.798903942108154,40.55678701400757,5.7220459481754915e-09,-1.2969969986897922e-08
1.4847741073630076,15.147,1000.0,363,7260000,9,0.02167702652513981,4.444057464599609,8.219999999999995e-05,0.014267188522675103,0.38727309762966056,-0.020059579433221997,15.749297618865967,17.310454607009888,33.059754371643066,-1.2207030941624453e-08,-6.103515470812226e-09
1.621254685450999,8.985,1000.0,364,7280000,9,0.020397482439875603,4.440395355224609,8.159999999999995e-05,0.014220774859748053,0.2945412360409451,-0.01679204933128439,15.779206991195679,17.289778232574463,33.06898736953735,0.0,5.340575981449547e-09
1.832090467072796,8.469,1000.0,365,7300000,8,0.020332878455519676,4.435822010040283,8.099999999999995e-05,0.014324278947480689,0.3460289197691237,-0.013921761117613734,15.722143650054932,15.263107299804688,30.985252857208252,3.8146971692576415e-10,1.5258788677030566e-09
1.8620541140255054,6.502,1000.0,366,7320000,9,0.020546112209558487,4.430274486541748,8.039999999999995e-05,0.015581746765848462,0.355199150436941,-0.016698880616693175,15.712307929992676,17.246432542800903,32.95874238014221,-5.340575981449547e-09,-3.051757735406113e-09
1.9919965114522475,15.999,1000.0,367,7340000,6,0.020730720832943916,4.42457914352417,7.979999999999995e-05,0.017266013509275528,2.2472220908402125,-0.028689731277438145,15.69031810760498,11.126877307891846,26.81719732284546,3.051757735406113e-09,-3.662109193669494e-08
1.917328552953118,32.775999999999996,1000.0,368,7360000,7,0.02129652164876461,4.420046329498291,7.919999999999995e-05,0.01422669255399557,2.1232123464033084,-0.02627197140593988,15.714232444763184,13.392858982086182,29.10709285736084,9.918212917625624e-09,5.493163968139925e-08
1.972690844879343,37.868,1000.0,369,7380000,9,0.023485125973820686,4.416957378387451,7.859999999999995e-05,0.012452162484505157,1.0658690607585846,-0.035912559592199106,15.76907730102539,17.140172243118286,32.90925192832947,5.340575981449547e-09,-6.103515470812226e-09
2.267928361797294,33.825,1000.0,370,7400000,8,0.020730281248688698,4.414857387542725,7.799999999999994e-05,0.016577665018997847,1.0901345480888034,-0.04384275381646741,15.77642297744751,15.319920539855957,31.096345901489258,-3.051757735406113e-09,9.155272984173735e-09
2.1982557787361436,29.813,1000.0,371,7420000,12,0.021922314539551735,4.413338661193848,7.739999999999994e-05,0.013652587214264626,0.42488904017260787,-0.027722704213998292,15.709327220916748,22.941507816314697,38.65083718299866,-2.2125243859250077e-08,-4.577636492086867e-09
1.7823546113467021,21.985999999999997,1000.0,372,7440000,12,0.020680559799075127,4.4117350578308105,7.679999999999994e-05,0.01332518637266617,0.35589461378094617,-0.016482239342502918,15.71518611907959,23.03270673751831,38.74789476394653,-1.8692016823251834e-08,-1.5258788677030566e-09
1.4721851697023478,11.716000000000001,1000.0,373,7460000,1,0.020127298310399055,4.40925407409668,7.619999999999994e-05,0.021034193466218133,1.0044728424221563,0.01693301803816241,15.747421741485596,1.9223277568817139,17.66975164413452,-6.103515470812226e-09,0.0
1.919601325833191,13.927000000000001,1000.0,374,7480000,11,0.02042284421622753,4.406153678894043,7.559999999999994e-05,0.016007426423146443,1.014347546557822,-0.0342243881915073,15.771166324615479,20.923405408859253,36.694573402404785,7.629394338515283e-10,3.051757735406113e-09
2.5678461748126473,25.746999999999996,1000.0,375,7500000,11,0.022359352558851242,4.403417587280273,7.499999999999994e-05,0.01642748487059967,1.704328174252445,-0.024879038820788155,15.739975214004517,21.045557022094727,36.78553485870361,-3.051757735406113e-09,6.103515470812226e-09
2.4721737479563197,28.224,1000.0,376,7520000,12,0.020420825108885765,4.401203632354736,7.439999999999994e-05,0.013328892502416008,0.8195655772718378,-0.025802024794123565,15.753863096237183,22.740943670272827,38.49480891227722,-1.525878801089675e-08,-6.103515470812226e-09
2.0008601533009447,21.273000000000003,1000.0,377,7540000,8,0.020535072311758995,4.3989152908325195,7.379999999999994e-05,0.016154800596373222,0.8353797486438729,-0.02989710013853749,15.706699132919312,15.219796657562256,30.9264976978302,4.577636492086867e-09,-1.525878801089675e-08
1.847408763453391,29.624000000000006,1000.0,378,7560000,9,0.02015024423599243,4.397215843200684,7.319999999999994e-05,0.014876845554919119,1.8865145087284445,-0.0501218786146419,15.696770906448364,17.196908235549927,32.893680572509766,2.0980834847250662e-09,-1.9836425835251248e-08
2.0284132392321306,36.751,1000.0,379,7580000,13,0.022382304072380066,4.396608352661133,7.259999999999994e-05,0.015835202715624445,0.5527534432421741,-0.034428688168912966,15.771682500839233,24.434030055999756,40.20571422576904,-1.2207030941624453e-08,-3.05175760217935e-08
2.130265175944765,32.977,1000.0,380,7600000,7,0.020963411778211594,4.396689414978027,7.199999999999993e-05,0.019430120334892935,0.8655311135275078,-0.027593845980593,15.788694143295288,13.235414743423462,29.024111032485962,0.0,9.918212917625624e-09
2.7045537355245375,16.565999999999995,1000.0,381,7620000,10,0.0201337281614542,4.396096706390381,7.139999999999993e-05,0.016899531246267092,0.6241934981637488,-0.024869845448710477,15.73819351196289,18.96348547935486,34.70168113708496,3.051757735406113e-09,-2.6702879907247734e-08
2.87671522529127,16.232000000000003,1000.0,382,7640000,7,0.020069530233740807,4.394869804382324,7.079999999999993e-05,0.01605436892645278,0.9073281015695801,-0.015798473674574435,15.749512672424316,13.33694314956665,29.08645749092102,-9.155272984173735e-09,-2.2888183792701966e-08
2.849145894923577,11.001999999999999,1000.0,383,7660000,10,0.020283721387386322,4.392656326293945,7.019999999999993e-05,0.016137118981228753,0.4549531320603892,-0.016488645477785755,15.811461925506592,19.223894357681274,35.03535795211792,-9.155272984173735e-09,-6.103515470812226e-09
2.157580848921116,16.256,1000.0,384,7680000,8,0.020166173577308655,4.389968395233154,6.959999999999993e-05,0.015414062597693656,1.0006685635318961,-0.017069751443638922,15.76844835281372,15.364999055862427,31.1334490776062,4.577636492086867e-09,-2.2888182460434336e-09
1.5463658973053866,19.502,1000.0,385,7700000,9,0.021912340074777603,4.38710880279541,6.899999999999993e-05,0.012916048355916311,0.7978508948729653,-0.025370732066841425,15.753846883773804,17.31618022918701,33.07002878189087,9.918212917625624e-09,0.0
1.4208614905700727,25.108999999999998,1000.0,386,7720000,10,0.02021091617643833,4.38454008102417,6.839999999999993e-05,0.015453556003554846,0.7610076622936292,-0.03507130471007607,15.733996391296387,19.187756538391113,34.92175507545471,1.0681151962899094e-08,2.1362303925798187e-08
2.1500014904859817,23.735000000000003,1000.0,387,7740000,7,0.02546057291328907,4.382123947143555,6.779999999999993e-05,0.017391779465538788,2.7482518375817633,-0.031181088288704428,15.737866878509521,13.434690475463867,29.1725594997406,3.814697002724188e-09,-2.2888182460434336e-09
2.6996533794176116,29.002999999999997,1000.0,388,7760000,10,0.020064126700162888,4.380265235900879,6.719999999999993e-05,0.016902922609517465,0.7012253853364494,-0.034095692520919506,15.77088475227356,19.15658164024353,34.92746829986572,-2.7465819840699623e-08,-9.53674295089968e-09
2.4947596745272107,24.470999999999997,1000.0,389,7780000,14,0.021813811734318733,4.378547668457031,6.659999999999992e-05,0.011804310052023563,0.31533555008746456,-0.01848990612696059,15.740680456161499,26.751056671142578,42.49173903465271,-9.155272984173735e-09,-1.1062621929625038e-08
1.9217430036114287,15.966999999999999,1000.0,390,7800000,8,0.020347731187939644,4.376276969909668,6.599999999999992e-05,0.01292041644748574,0.5639761664068547,-0.024479538792916856,15.698195457458496,15.163429498672485,30.861627101898193,-1.5258788677030566e-09,-1.1444091230217168e-09
1.804218750375582,12.545000000000002,1000.0,391,7820000,9,0.020495813339948654,4.373232841491699,6.539999999999992e-05,0.015856860050475995,0.5109189204080841,-0.029513603592748374,15.727746963500977,17.155826091766357,32.883575201034546,-3.051757735406113e-09,-5.340575981449547e-09
2.781617912546005,19.092,1000.0,392,7840000,10,0.022587211802601814,4.370014667510986,6.479999999999992e-05,0.016720678368375038,0.5686211840603679,-0.02904086952178052,15.713190793991089,18.981046676635742,34.69423961639404,6.103515470812226e-09,-1.5258788677030566e-09
2.7938543206563606,21.329000000000004,1000.0,393,7860000,10,0.02086278423666954,4.366818904876709,6.419999999999992e-05,0.013619944705261875,0.8591481270881507,-0.04244617834663429,15.777018547058105,19.053075313568115,34.83009576797485,1.525878801089675e-08,4.2724607851596375e-08
2.610327397397694,31.296,1000.0,394,7880000,13,0.020846279338002205,4.364445209503174,6.359999999999992e-05,0.01619480817097393,0.4591278624742615,-0.023691126733993605,15.700961112976074,24.61109733581543,40.31206011772156,1.9073485846288207e-10,1.5258788677030566e-09
2.2294280641499618,29.445999999999998,1000.0,395,7900000,10,0.02055041305720806,4.362663745880127,6.299999999999992e-05,0.014277476393662322,0.34569138856931997,-0.01973704858445012,15.766081094741821,19.179561853408813,34.94564509391785,-8.392333938900265e-09,-4.577636492086867e-09
2.171961201707921,17.067,1000.0,396,7920000,8,0.020778317004442215,4.36041784286499,6.239999999999992e-05,0.01587958855237574,0.585660627177253,-0.023317146964502124,15.726415157318115,15.355706453323364,31.08212375640869,-8.01086397217432e-09,3.051757735406113e-09
2.0948439470738984,13.363000000000003,1000.0,397,7940000,11,0.020012950524687767,4.357453346252441,6.179999999999992e-05,0.01922240387323747,0.8977385266702119,-0.023821896599941637,15.808509588241577,21.105470180511475,36.913981676101685,-1.5258788677030566e-09,2.8228759774151513e-08
2.2808500981503315,23.419,1000.0,398,7960000,13,0.020555883646011353,4.354653358459473,6.119999999999992e-05,0.015417769008368056,0.33855276921584115,-0.02191352516089553,15.660350561141968,24.803789615631104,40.46414232254028,9.53674250681047e-10,-3.433227480087453e-09
2.1738240607118993,29.752999999999997,1000.0,399,7980000,9,0.02075592428445816,4.352514743804932,6.059999999999992e-05,0.01593368736591308,0.844770757773052,-0.04548758281448398,15.692851781845093,17.162801027297974,32.8556547164917,0.0,3.814697180359872e-08
1.7367276178746482,28.912,1000.0,400,8000000,9,0.020016985014081,4.35090446472168,5.999999999999992e-05,0.015566749171276845,0.6341280252175167,-0.02829834410671461,15.7008957862854,16.992860078811646,32.69375777244568,9.53674250681047e-10,-1.0681151962899094e-08
1.531961444858868,27.10300000000001,1000.0,401,8020000,10,0.021784843876957893,4.349624156951904,5.939999999999992e-05,0.016420666081979632,0.47757840376502025,-0.03028522072502742,15.701573133468628,18.305777311325073,34.007352352142334,7.629394005448376e-09,-1.831054596834747e-08
1.7818169694804193,15.853,1000.0,402,8040000,10,0.020919717848300934,4.3477253913879395,5.8799999999999925e-05,0.01753016665500526,0.4379843201928626,-0.020913866952139017,15.719411849975586,19.059600591659546,34.779014348983765,2.2888182460434336e-09,3.051757735406113e-09
2.3566357981992843,21.108,1000.0,403,8060000,1,0.023054873570799828,4.345696449279785,5.8199999999999924e-05,0.02254206081108449,2.8725019818106396,0.03652302913082103,15.736006021499634,1.9080469608306885,17.644055366516113,1.0681151962899094e-08,4.2724607851596375e-08
2.4715335309429314,27.526,1000.0,404,8080000,9,0.02247321419417858,4.344074249267578,5.759999999999993e-05,0.014919301983925163,1.3885428181429218,-0.030876758539791983,15.682568788528442,17.13956332206726,32.822134256362915,1.907348590179936e-08,4.577636492086867e-09
2.3831441940863614,32.586,1000.0,405,8100000,8,0.02031835913658142,4.34323263168335,5.6999999999999935e-05,0.017606786654565852,0.9693435350903117,-0.030386448821079687,15.75717282295227,15.127034664154053,30.884208917617798,3.051757735406113e-09,-1.2207030941624453e-08
2.84546141566234,20.271,1000.0,406,8120000,14,0.020351732149720192,4.342086315155029,5.6399999999999934e-05,0.01544360531598588,0.410082356569866,-0.024313473833843025,15.745975971221924,26.790817499160767,42.5367956161499,-1.5258788677030566e-09,-1.2207030941624453e-08
2.7071260509505928,15.675000000000002,1000.0,407,8140000,6,0.020298050716519356,4.340288162231445,5.579999999999994e-05,0.01511416489137406,1.6844572369981243,-0.012693656426958574,15.73249101638794,11.531615734100342,27.264108657836914,5.340575981449547e-09,9.155272984173735e-09
2.059587698243843,20.289,1000.0,408,8160000,7,0.020116746425628662,4.33828067779541,5.519999999999994e-05,0.015596222957925185,1.8832529491074603,-0.02501991130955711,15.835590839385986,13.428585529327393,29.26417827606201,-6.103515470812226e-09,1.0681151962899094e-08
2.0037344961104937,25.883,1000.0,409,8180000,16,0.02155693992972374,4.336544036865234,5.459999999999994e-05,0.01345539667748492,0.33336461507105314,-0.024601103211477838,15.690861940383911,30.565556526184082,46.256420373916626,3.051757735406113e-09,7.629394338515283e-10
2.2859507901590965,25.4,1000.0,410,8200000,11,0.02038555033504963,4.3350114822387695,5.3999999999999944e-05,0.01613631050637727,0.6665641623347642,-0.03540372072183182,15.707163333892822,20.788192749023438,36.49535846710205,-1.525878801089675e-08,-1.5258788677030566e-09
2.1850673196194963,22.371000000000002,1000.0,411,8220000,10,0.02024705894291401,4.333413124084473,5.339999999999995e-05,0.015512097434113963,0.9712377954595767,-0.03336683574278419,15.799708843231201,18.96539831161499,34.765108585357666,-1.0681151962899094e-08,0.0
1.90447126203158,21.202,1000.0,412,8240000,13,0.02011597901582718,4.331658840179443,5.279999999999995e-05,0.014156456432941798,0.3828034536548199,-0.023229330447901833,15.756112575531006,24.50237798690796,40.25849270820618,-1.3732909920349812e-08,7.629394338515283e-10
1.9130236624042958,27.534000000000002,1000.0,413,8260000,21,0.020706690847873688,4.330287456512451,5.219999999999995e-05,0.014321863749182815,0.47605094647554436,-0.04545681566004519,15.652953386306763,40.10334014892578,55.7562952041626,-1.2207030941624453e-08,-2.4414061883248905e-08
2.0589644996382637,25.873,1000.0,414,8280000,14,0.020004013553261757,4.329123497009277,5.1599999999999946e-05,0.014020619157103236,0.33635247904094917,-0.02376372361176748,15.77005410194397,26.872040271759033,42.642096519470215,1.0681151962899094e-08,6.866454960174906e-09
2.131892884565852,35.120000000000005,1000.0,415,8300000,20,0.02086770348250866,4.328914642333984,5.0999999999999945e-05,0.013144825658829401,0.7828932072574528,-0.046984969004215046,15.785749912261963,38.03072452545166,53.816476583480835,-7.629394338515283e-10,2.7465819840699623e-08
1.6879953201401094,28.828000000000003,1000.0,416,8320000,13,0.021254781633615494,4.329044342041016,5.039999999999995e-05,0.011575195290382635,0.785885636524212,-0.03762314737696383,15.698984861373901,24.465400218963623,40.16438698768616,3.051757735406113e-09,-9.155272984173735e-09
1.5983574676622463,26.095000000000006,1000.0,417,8340000,11,0.020303545519709587,4.32925271987915,4.979999999999996e-05,0.015693272950331676,0.6863339620163854,-0.03461832162245703,15.774978637695312,20.757943868637085,36.53292489051819,-1.5258788677030566e-09,-6.103515470812226e-09
2.130024861520783,16.846,1000.0,418,8360000,13,0.021450845524668694,4.328760623931885,4.9199999999999956e-05,0.014789459916071095,0.41015708267058865,-0.029211942422915315,15.72153091430664,24.838865280151367,40.56039786338806,6.866454960174906e-09,1.525878801089675e-08
2.7027836124288287,21.734,1000.0,419,8380000,11,0.02091323770582676,4.328044414520264,4.8599999999999955e-05,0.015158171243175773,1.6186307652153111,-0.04364864575083419,15.688049077987671,21.003227949142456,36.69127917289734,-1.1444091230217168e-09,6.103515470812226e-09
2.692332170060545,29.250999999999998,1000.0,420,8400000,15,0.020100822672247887,4.327754497528076,4.7999999999999954e-05,0.014706130547566029,1.0267517408369955,-0.033069938510910266,15.719631433486938,28.527450561523438,44.247084617614746,-1.3732909920349812e-08,-3.051757735406113e-09
2.2720262957117776,33.237,1000.0,421,8420000,12,0.020188255235552788,4.328182697296143,4.739999999999996e-05,0.01484292284565699,0.8554056781057479,-0.045689227949397455,15.68582272529602,22.898459672927856,38.58428430557251,-1.525878801089675e-08,1.2207030941624453e-08
1.797208735967331,23.916999999999994,1000.0,422,8440000,15,0.020360836759209633,4.32847785949707,4.6799999999999965e-05,0.011182011366069031,0.3633106045797864,-0.01866841753915,15.726690769195557,28.650120973587036,44.37681341171265,-8.392333938900265e-09,-2.9754637864698452e-08
1.5611482551312332,15.749999999999995,1000.0,423,8460000,14,0.021114375442266464,4.327967166900635,4.619999999999997e-05,0.013404843473525583,0.2803696530396293,-0.023502159090300352,15.711971521377563,26.870445013046265,42.58241844177246,7.629394338515283e-10,1.3732909920349812e-08
1.4061055302473167,9.758,1000.0,424,8480000,16,0.021252278238534927,4.326225757598877,4.559999999999997e-05,0.011252336607414325,0.9493097953123454,-0.019184042569272183,15.727478504180908,30.472450971603394,46.199931383132935,-2.2888182460434336e-09,1.3732909920349812e-08
1.634670138513778,15.587999999999997,1000.0,425,8500000,10,0.020034661516547203,4.323863983154297,4.499999999999997e-05,0.015717190762345023,0.6290211887214893,-0.03772101078491908,15.75804328918457,18.77240777015686,34.53045296669006,3.814697002724188e-09,-3.051757735406113e-09
1.9617068040349885,25.909999999999997,1000.0,426,8520000,10,0.02036157064139843,4.321812152862549,4.439999999999997e-05,0.012874080007747054,1.1818940881865856,-0.034402299658082926,15.725455045700073,19.14081382751465,34.866270780563354,5.7220459481754915e-09,-7.629394005448376e-09
2.3512924840562066,23.964000000000002,1000.0,427,8540000,15,0.020296121016144753,4.319875240325928,4.379999999999997e-05,0.011333779562105989,0.35246439975417587,-0.023956924611633134,15.757090330123901,28.681880235671997,44.43897271156311,1.2969969986897922e-08,6.103515470812226e-09
1.8877061984226173,18.113000000000003,1000.0,428,8560000,11,0.020352300256490707,4.31754732131958,4.3199999999999966e-05,0.015071194371435226,0.49520451874795984,-0.02646956537292165,15.702507495880127,20.989550828933716,36.692060232162476,-7.629394005448376e-09,-1.3351439953623867e-08
1.765922400126384,16.96999999999999,1000.0,429,8580000,8,0.020014088600873947,4.314769744873047,4.259999999999997e-05,0.015514245721327063,0.819787693385499,-0.03799592185328111,15.715245246887207,15.220956563949585,30.936203479766846,-3.051757735406113e-09,2.7465819840699623e-08
1.6949880432479518,19.118000000000002,1000.0,430,8600000,17,0.02083861269056797,4.311767578125,4.199999999999997e-05,0.012083250004028052,0.30402800133019503,-0.024002043937284445,15.738495111465454,32.52321147918701,48.2617084980011,1.1444091230217168e-09,-4.577636492086867e-09
1.304113246519155,17.345,1000.0,431,8620000,12,0.02030625008046627,4.308412075042725,4.1399999999999976e-05,0.01263753986169601,0.35412881148064607,-0.021128325216289653,15.778331995010376,22.945496797561646,38.72383117675781,-5.340575981449547e-09,-3.051757735406113e-09
1.075700458173508,12.205000000000002,1000.0,432,8640000,13,0.020559541881084442,4.304300785064697,4.0799999999999975e-05,0.014200213934716252,0.44895958591002627,-0.029409292472046236,15.716928958892822,24.60097360610962,40.31790471076965,2.6702879907247734e-09,-2.479553229406406e-09
1.2945004455204356,13.171000000000001,1000.0,433,8660000,13,0.020171551033854485,4.299588680267334,4.019999999999998e-05,0.012651503810502953,0.3146561466818449,-0.022717230740415505,15.808527946472168,24.465270519256592,40.27380084991455,6.103515470812226e-09,-4.577636492086867e-09
1.3591688174986885,15.578,1000.0,434,8680000,8,0.020590171217918396,4.294538974761963,3.959999999999998e-05,0.015088091820505219,1.5840532806472847,-0.023336873433296792,15.751744031906128,15.31346082687378,31.065207481384277,-7.629394005448376e-09,-3.051757735406113e-09
1.3046777419113038,15.223000000000004,1000.0,435,8700000,18,0.020358622074127197,4.289154052734375,3.899999999999998e-05,0.01204208813564383,0.24202503464431005,-0.015914050047575137,15.794865369796753,33.678240060806274,49.47310733795166,-3.814697002724188e-09,3.051757735406113e-09
1.5005933083804197,13.838999999999999,1000.0,436,8720000,11,0.020540578290820122,4.2833476066589355,3.8399999999999985e-05,0.015979965356717682,0.4638593410323811,-0.03877185787350987,15.7252357006073,20.933427810668945,36.65866565704346,7.629394005448376e-09,1.678466787780053e-08
1.6257809835068258,17.037,1000.0,437,8740000,13,0.02166273072361946,4.277432918548584,3.7799999999999984e-05,0.016046498054132673,0.5011571023322992,-0.027902634420932715,15.679239273071289,24.829546689987183,40.508788108825684,-1.5258788677030566e-09,6.103515470812226e-09
2.2648723865518323,21.012,1000.0,438,8760000,10,0.02030797302722931,4.271760940551758,3.719999999999999e-05,0.018199535855910363,0.7281419673428748,-0.02493333963070291,15.73504900932312,18.987502574920654,34.722553730010986,0.0,-1.2969969986897922e-08
2.315190606013849,14.379000000000001,1000.0,439,8780000,16,0.020714566111564636,4.265738010406494,3.659999999999999e-05,0.015580726818318446,0.3302300970037334,-0.021392091044902462,15.762759685516357,30.560245990753174,46.323007583618164,-1.5258788677030566e-09,1.5258788677030566e-09
1.9502030505517496,18.412999999999997,1000.0,440,8800000,12,0.02011253871023655,4.259743690490723,3.599999999999999e-05,0.01552101143728049,1.4761822619361364,-0.03848034180542087,15.736966848373413,22.9483745098114,38.68534326553345,-2.6702879907247734e-09,0.0
1.5295581643668856,22.306,1000.0,441,8820000,15,0.02056058682501316,4.254109859466553,3.5399999999999986e-05,0.014495302582629764,0.4447889510466776,-0.0252552780607384,15.720373153686523,28.734464406967163,44.45483994483948,3.051757735406113e-09,-6.103515470812226e-09
1.6757735322300502,19.647,1000.0,442,8840000,16,0.02091924473643303,4.248570919036865,3.4799999999999985e-05,0.015472992652314551,0.3074065519752689,-0.02638646227688106,15.805893898010254,30.605506896972656,46.41140270233154,-1.525878801089675e-08,1.3732909920349812e-08
1.8135117862474375,9.166000000000002,1000.0,443,8860000,14,0.021123746410012245,4.242214202880859,3.4199999999999984e-05,0.01582975019048347,0.49053742457053695,-0.03612804137398151,15.738252639770508,26.812206506729126,42.55046081542969,-7.629394338515283e-10,-1.678466787780053e-08
2.0723277672663114,11.453,1000.0,444,8880000,15,0.02029413729906082,4.235315799713135,3.359999999999998e-05,0.013586678752661768,0.25796883790193403,-0.0190146270510567,15.715867280960083,28.518868684768677,44.23473787307739,7.629394338515283e-10,9.155272984173735e-09
2.249418623765877,14.553000000000003,1000.0,445,8900000,13,0.021850524470210075,4.228195667266846,3.299999999999998e-05,0.01708466230218044,0.3987295806378632,-0.025671513856663972,15.737976551055908,24.676069021224976,40.414047718048096,-1.0681151962899094e-08,3.051757735406113e-09
1.985757764140958,15.469,1000.0,446,8920000,17,0.02009827457368374,4.220953941345215,3.239999999999998e-05,0.01517483883524575,0.33117252033784234,-0.03604586232958365,15.675002813339233,32.42873454093933,48.10373902320862,-7.629394338515283e-10,1.907348590179936e-08
1.9047875063520248,23.28,1000.0,447,8940000,14,0.020306268706917763,4.214278221130371,3.179999999999998e-05,0.015280300199591042,0.4537048064468115,-0.04368289839030026,15.788786888122559,26.37907385826111,42.1678626537323,4.577636492086867e-09,2.2888182460434336e-09
1.737942142475195,30.776999999999997,1000.0,448,8960000,21,0.020787891000509262,4.208763599395752,3.119999999999998e-05,0.013095899582108678,1.644993982709254,-0.04228337166898058,15.70629358291626,40.26017189025879,55.96646809577942,9.155272984173735e-09,-6.103515470812226e-09
1.9794286922751012,40.486999999999995,1000.0,449,8980000,23,0.020492522045969963,4.205141067504883,3.059999999999998e-05,0.014091530342055023,1.1565062128010517,-0.06124878478338568,15.72254228591919,44.10771441459656,59.83025860786438,-1.2207030941624453e-08,4.577636758540393e-08
1.7460026336912773,44.95,1000.0,450,9000000,19,0.02171332575380802,4.20361328125,2.9999999999999977e-05,0.01256082048465825,1.3881692638793313,-0.03804025077954002,15.703349113464355,36.03510808944702,51.73845887184143,-3.051757735406113e-09,-6.103515470812226e-09
1.7638822430790835,39.149,1000.0,451,9020000,16,0.020205896347761154,4.203469753265381,2.9399999999999976e-05,0.014174266442538986,0.64551349681692,-0.04121668568297926,15.743354558944702,30.420899868011475,46.16425633430481,-7.247924482811641e-09,9.155272984173735e-09
1.91760150191909,21.302,1000.0,452,9040000,12,0.020304037258028984,4.203017711639404,2.8799999999999975e-05,0.014064417288839991,0.7630804605242479,-0.03614893182690619,15.71026873588562,22.19568133354187,37.905951499938965,-9.155272984173735e-09,4.577636492086867e-09
2.354189740474466,19.49,1000.0,453,9060000,18,0.020898161455988884,4.202128887176514,2.8199999999999974e-05,0.012966936685106551,0.635351200983124,-0.03594153726183838,15.709258794784546,34.26959562301636,49.978856563568115,-7.629394338515283e-10,9.155272984173735e-09
2.423200006846389,19.771,1000.0,454,9080000,19,0.0201665498316288,4.200870513916016,2.7599999999999973e-05,0.017240466850515182,0.3707145322505739,-0.02889833403331556,15.749571561813354,36.064377784729004,51.81395125389099,0.0,-7.629394005448376e-09
2.4350078808840268,14.943999999999999,1000.0,455,9100000,19,0.020082689821720123,4.198855400085449,2.6999999999999975e-05,0.014000364256969806,0.28263867842774243,-0.027227534260663447,15.736772775650024,36.20278334617615,51.939558029174805,-5.340575981449547e-09,-1.3732909920349812e-08
2.302827235523191,12.336,1000.0,456,9120000,12,0.02027863822877407,4.195929050445557,2.6399999999999974e-05,0.014352304185765444,0.6582664227880799,-0.034866503426701986,15.735852479934692,22.754462003707886,38.49031639099121,0.0,-1.2207030941624453e-08
2.0768452525120167,18.569000000000003,1000.0,457,9140000,14,0.02026989310979843,4.192727088928223,2.5799999999999977e-05,0.01531876499680883,1.0582056784095257,-0.03974054589938153,15.743915796279907,26.823209524154663,42.5671272277832,6.866454960174906e-09,2.2888183792701966e-08
2.2318608353334572,26.289000000000005,1000.0,458,9160000,19,0.021075459197163582,4.18995475769043,2.5199999999999976e-05,0.014804815430941453,0.46359984638341356,-0.03960018608204197,15.770551919937134,36.239749908447266,52.01030397415161,-8.392333938900265e-09,0.0
1.7916583874008414,22.256,1000.0,459,9180000,21,0.020606890320777893,4.187214374542236,2.4599999999999975e-05,0.014647890105486488,0.45330782514193024,-0.02890820779345865,15.651514053344727,40.059261322021484,55.710777282714844,1.525878801089675e-08,9.155272984173735e-09
1.4203280462697463,13.588,1000.0,460,9200000,19,0.020379342138767242,4.183738708496094,2.3999999999999974e-05,0.01320060985534005,0.7138919127584806,-0.027951661043555957,15.651383399963379,36.06577014923096,51.71715521812439,-1.1444091896350983e-08,3.051757735406113e-09
1.048201405669814,12.885,1000.0,461,9220000,20,0.020097462460398674,4.179537296295166,2.3399999999999972e-05,0.011550739496803512,0.44553333101466824,-0.039569187201946354,15.719135284423828,38.12564253807068,53.84477972984314,-4.2724607851596375e-08,0.0
0.9802749385521097,16.848,1000.0,462,9240000,18,0.020229239016771317,4.175030708312988,2.279999999999997e-05,0.01275638517826785,0.7645844294139794,-0.03701975956816394,15.66072678565979,34.38447642326355,50.04520559310913,-1.2207030941624453e-08,-1.2207030941624453e-08
1.6346597151951698,19.803999999999995,1000.0,463,9260000,20,0.021148286759853363,4.170509338378906,2.2199999999999974e-05,0.013857714678443517,0.4594029608887796,-0.03448445410058557,15.729597091674805,38.17394518852234,53.903544664382935,-9.155272984173735e-09,-1.2207030941624453e-08
2.4922718439526426,20.445,1000.0,464,9280000,21,0.02113472856581211,4.1660308837890625,2.1599999999999976e-05,0.01202545914846866,0.31321257084639814,-0.03653065143508711,15.765952110290527,39.888941526412964,55.65489602088928,-3.051757735406113e-09,-1.2207030941624453e-08
2.307445638664267,14.966000000000003,1000.0,465,9300000,26,0.020976178348064423,4.161105155944824,2.0999999999999975e-05,0.010241718138067995,0.22781820477527318,-0.026069944939818932,15.676846981048584,49.46365523338318,65.14050388336182,-3.9672851670502496e-08,-1.754760781125242e-08
1.3632642182500947,7.574,1000.0,466,9320000,23,0.02015550248324871,4.155118942260742,2.0399999999999974e-05,0.012080428440986425,0.2132609018949622,-0.028304830500445945,15.712131023406982,43.56721472740173,59.27934789657593,-6.103515470812226e-09,1.0681151962899094e-08
1.6589557130480572,12.518,1000.0,467,9340000,24,0.021494384855031967,4.148614883422852,1.9799999999999973e-05,0.014532668319534753,0.4858982025985869,-0.03618721782499617,15.73787546157837,45.75487279891968,61.49275040626526,0.0,-6.103515470812226e-09
2.361323292282551,15.342999999999998,1000.0,468,9360000,19,0.020347468554973602,4.1418938636779785,1.9199999999999975e-05,0.01328699287964864,0.3584706793242149,-0.029868741847011878,15.75296664237976,36.31449317932129,52.06746196746826,-1.2207030941624453e-08,3.051757735406113e-09
2.3170899897105777,14.942000000000004,1000.0,469,9380000,24,0.02109113708138466,4.1349406242370605,1.8599999999999978e-05,0.012267752179042342,0.3883216577136732,-0.024858193131553255,15.703514575958252,45.94781136512756,61.65132784843445,8.964538444899972e-09,-1.525878801089675e-08
1.717929471806352,12.204,1000.0,470,9400000,29,0.020318884402513504,4.127532482147217,1.799999999999998e-05,0.012751908237404914,0.24565097607874958,-0.03662923937549547,15.707976341247559,55.49488425254822,71.20286273956299,1.5258788677030566e-09,1.8119811207029102e-09
1.9063871099835719,11.903000000000002,1000.0,471,9420000,18,0.021570473909378052,4.119687080383301,1.7399999999999982e-05,0.016129731577363183,0.607771287454351,-0.03832125983802343,15.66319990158081,34.38884520530701,50.05204772949219,-7.247924482811641e-09,-3.051757735406113e-09
2.0302699344135013,17.348999999999997,1000.0,472,9440000,23,0.020503543317317963,4.111932277679443,1.6799999999999985e-05,0.01319920728175876,0.4580747723591826,-0.03690512511521632,15.69473671913147,43.85329341888428,59.5480318069458,-1.2969969986897922e-08,9.155272984173735e-09
2.08932458315472,18.714000000000002,1000.0,473,9460000,24,0.020256295800209045,4.1043806076049805,1.6199999999999987e-05,0.0129188112228964,0.27208016649745526,-0.03429565379788843,15.70929741859436,45.70503282546997,61.41433238983154,-6.103515470812226e-09,-1.2207030941624453e-08
2.243376192716979,19.259999999999998,1000.0,474,9480000,25,0.020120372995734215,4.097060203552246,1.559999999999999e-05,0.014702100353166698,0.43287730282487963,-0.04659750964046239,15.679274797439575,47.781240701675415,63.4605176448822,-3.051757735406113e-09,3.051757735406113e-09
2.6690301949616795,17.14,1000.0,475,9500000,24,0.020001089200377464,4.089757442474365,1.499999999999999e-05,0.012531838808516169,0.2833202707405669,-0.034839106586112625,15.786266803741455,45.92883801460266,61.71510672569275,-6.484984993448961e-09,-1.831054596834747e-08
2.202408063003865,16.417,1000.0,476,9520000,28,0.020334413275122643,4.082404613494873,1.4399999999999991e-05,0.012301254199795672,0.4114175818551082,-0.028567111241462884,15.698903799057007,53.327879667282104,69.02678561210632,-7.629394005448376e-09,0.0
1.1779927798932155,13.210999999999999,1000.0,477,9540000,37,0.02038816548883915,4.0747175216674805,1.3799999999999992e-05,0.01072407461476527,0.7172682671676223,-0.04829478602375176,15.782408475875854,70.33759427070618,86.12000489234924,3.204345588869728e-08,1.525878801089675e-08
0.9168695864774632,32.047000000000004,1000.0,478,9560000,31,0.02098650112748146,4.06842565536499,1.3199999999999992e-05,0.012256808993902345,0.7936436485598581,-0.07356264233941621,15.853292226791382,58.874290466308594,74.72758483886719,-1.4495848965623281e-08,0.0
1.4623141075794641,33.196999999999996,1000.0,479,9580000,36,0.02039431594312191,4.063496112823486,1.2599999999999993e-05,0.012006080208981345,0.33286894104494075,-0.031954022251983016,15.740254878997803,68.68419933319092,84.42445707321167,6.103515470812226e-09,-5.340575981449547e-09
2.046606607122842,26.287,1000.0,480,9600000,31,0.020301131531596184,4.059169769287109,1.1999999999999992e-05,0.0113109278033927,0.3259145088979882,-0.04613133403431809,15.746478080749512,59.30791139602661,75.05439162254333,7.629394005448376e-09,-1.3732909920349812e-08
2.248620513154741,12.117,1000.0,481,9620000,40,0.01835383102297783,4.054105758666992,1.1399999999999992e-05,0.009641236139791676,0.21282075521961663,-0.02132582945218042,15.695678234100342,75.68731760978699,91.38299822807312,-8.77380390562621e-09,-2.2888182460434336e-09
1.69761669866872,11.046,1000.0,482,9640000,38,0.020208690315485,4.048278331756592,1.0799999999999993e-05,0.010155183718879135,0.17022894559907617,-0.02976930190450292,15.677980661392212,72.2745304107666,87.95251297950745,-3.051757735406113e-09,-9.155272984173735e-09
1.1613127193374542,13.104999999999999,1000.0,483,9660000,40,0.020098527893424034,4.041948318481445,1.0199999999999994e-05,0.011762968296841227,0.2546234081186854,-0.04593983215935225,15.613594770431519,75.8070011138916,91.42059779167175,-1.4495848965623281e-08,-1.525878801089675e-08
1.4862126613755542,15.354,1000.0,484,9680000,38,0.020164409652352333,4.035367965698242,9.599999999999994e-06,0.012603789897754911,0.15597337294305416,-0.031184056155979935,15.676647901535034,72.75564408302307,88.43229460716248,9.155272984173735e-09,1.3732909920349812e-08
2.144832408899082,17.169,1000.0,485,9700000,40,0.01868266798555851,4.028726100921631,8.999999999999995e-06,0.013254876837235528,0.5447771616845418,-0.04811601498091338,15.765254497528076,76.04852843284607,91.81378507614136,3.051757735406113e-09,1.5258788677030566e-09
2.3767869765489285,16.150000000000002,1000.0,486,9720000,40,0.01939244568347931,4.02193546295166,8.399999999999996e-06,0.010457698215534108,0.2594293787956428,-0.022752189639689453,15.70037579536438,75.0387213230133,90.73909902572632,-1.4495848965623281e-08,-6.103515470812226e-09
2.4913037415993657,16.395,1000.0,487,9740000,40,0.0205372404307127,4.015031814575195,7.799999999999996e-06,0.013556553584526475,0.3136288849702373,-0.04731129024184484,15.672044038772583,76.06286716461182,91.73491311073303,-8.392333938900265e-09,-1.3732909920349812e-08
2.615713891925472,15.689000000000004,1000.0,488,9760000,40,0.017721157521009445,4.007960796356201,7.199999999999997e-06,0.011806190536675839,0.4938723944924986,-0.033626122502148886,15.768858432769775,76.2102038860321,91.97906446456909,4.577636492086867e-09,-6.103515470812226e-09
2.3548601138608403,15.431000000000001,1000.0,489,9780000,40,0.015854354947805405,4.0007147789001465,6.599999999999997e-06,0.01124515952892042,0.3451748238251613,-0.03521436238750673,15.758245468139648,76.04926085472107,91.80750846862793,-5.340575981449547e-09,8.01086397217432e-09
1.8056715769660374,12.689000000000002,1000.0,490,9800000,40,0.016285797581076622,3.9930593967437744,5.999999999999997e-06,0.01253983453064919,0.23180971806125042,-0.031094268487971692,15.796828746795654,75.7943115234375,91.59114241600037,-5.340575981449547e-09,0.0
1.6906080764881302,11.922,1000.0,491,9820000,40,0.014201021753251553,3.9849636554718018,5.3999999999999974e-06,0.012409119103728725,0.21928497562393212,-0.03050494620609231,15.70841383934021,76.98874974250793,92.69716596603394,-1.506805347162299e-08,-3.051757735406113e-09
1.801755194692315,12.157000000000002,1000.0,492,9840000,40,0.013204163871705532,3.9764912128448486,4.799999999999997e-06,0.010781599675043347,0.19645102624469005,-0.025762302383554342,16.530110836029053,78.00108027458191,94.53119373321533,-3.204345588869728e-08,-1.2207030941624453e-08
1.5994868538274292,11.474,1000.0,493,9860000,40,0.013501841574907303,3.9676156044006348,4.199999999999998e-06,0.010963050734784346,0.4585860771576341,-0.028462309463000962,15.68271803855896,75.94579029083252,91.62851023674011,-7.629394005448376e-09,-1.907348590179936e-08
1.6224910034495204,12.535,1000.0,494,9880000,40,0.011767103336751461,3.958472728729248,3.5999999999999986e-06,0.010205075659115201,0.252880256997344,-0.026397125733556587,15.720849752426147,75.76962804794312,91.49047946929932,1.5258788677030566e-09,3.814697002724188e-09
1.7658847937143585,18.571000000000005,1000.0,495,9900000,40,0.010500345379114151,3.9496421813964844,2.999999999999999e-06,0.01022146325316667,0.8901062914095939,-0.03944748105665746,15.742069482803345,76.13299894332886,91.87507033348083,1.2207030941624453e-08,8.392333938900265e-09
1.7013999393746686,18.705000000000005,1000.0,496,9920000,40,0.009492477402091026,3.9411048889160156,2.399999999999999e-06,0.011982753612071323,0.29748154640340574,-0.027614298001892818,15.753008842468262,76.37601709365845,92.12902784347534,1.5258788677030566e-09,-3.356933575560106e-08
1.5943262812525545,17.113,1000.0,497,9940000,40,0.00897965393960476,3.9326841831207275,1.7999999999999993e-06,0.01007552735430126,0.3056679411532399,-0.022928455053232075,15.69955587387085,76.14949250221252,91.84905052185059,0.0,-2.6702879907247734e-09
1.992791382145231,16.659,1000.0,498,9960000,40,0.006592657417058945,3.924325942993164,1.1999999999999997e-06,0.011628981492483613,0.3972116340332614,-0.03427093495308353,15.695618629455566,75.72913098335266,91.42475152015686,-1.5258788677030566e-09,7.629394338515283e-10
2.159042303836923,17.340999999999998,1000.0,499,9980000,40,0.005976598244160414,3.916085958480835,5.999999999999999e-07,0.012798815542614807,0.3486472807241419,-0.018190304335011852,15.702623128890991,76.1990065574646,91.9016318321228,-2.2888182460434336e-09,1.0681151962899094e-08
2.1892344769295935,14.509,1000.0,500,10000000,40,0.003595980815589428,3.9076898097991943,0.0,0.010773883586393865,0.3015631935550287,-0.011154239846746059,15.785109996795654,76.42691135406494,92.21202373504639,0.0,3.051757735406113e-09
