Metrics/EpRet,Metrics/EpCost,Metrics/EpLen,Train/Epoch,Train/TotalSteps,Train/StopIter,Train/KL,Train/LagragianMultiplier,Train/LR,Loss/Loss_reward_critic,Loss/Loss_cost_critic,Loss/Loss_actor,Time/Rollout,Time/Update,Time/Total,Value/RewardAdv,Value/CostAdv
-0.08912845391777188,176.8764915985717,1000.0,1,20000,40,0.012478498741984367,0.0,0.00029939999999999996,0.003317886828177106,5.498851917841183,-0.01643136417595134,15.936119318008423,76.36108016967773,92.29720139503479,4.1961669694501325e-09,4.882812376649781e-08
0.7014577707773181,148.12501005299947,1000.0,2,40000,33,0.020404279232025146,0.02086009457707405,0.00029879999999999994,0.0026851186473304867,3.64199822140474,-0.01841182607031406,15.806699514389038,62.48603343963623,78.29273509979248,7.629394338515283e-10,8.544921570319275e-08
1.022996677680357,161.94941482641556,1000.0,3,60000,25,0.020251085981726646,0.048237286508083344,0.00029819999999999993,0.004368690903203342,4.660719666260119,-0.014942463407525048,15.790706634521484,47.209452390670776,63.000160932540894,1.0681151962899094e-08,1.2893676171188417e-07
1.7360916183205237,165.843,1000.0,4,80000,38,0.020457301288843155,0.07839620858430862,0.0002975999999999999,0.008017080235089846,2.9089018078998534,-0.016996272005377566,15.754361152648926,71.97258734703064,87.72694993019104,6.103515470812226e-09,3.662109193669494e-08
2.470210008403127,146.03,1000.0,5,100000,39,0.02080688066780567,0.10981866717338562,0.0002969999999999999,0.010742073801970285,2.4440099004641733,-0.021987510988269218,15.832236528396606,73.94725322723389,89.77949118614197,-2.5177001816700795e-08,4.882812376649781e-08
3.3496493436282355,124.64299999999999,1000.0,6,120000,21,0.020011479035019875,0.14162419736385345,0.0002963999999999999,0.013295227714224677,3.5733346710933427,-0.0202661016248943,15.801199913024902,39.770363330841064,55.57156538963318,1.9836425835251248e-08,-6.1035152043587e-08
4.173320587911155,137.028,1000.0,7,140000,25,0.020981835201382637,0.17399218678474426,0.00029579999999999987,0.011943677151010345,3.2558733140165432,-0.025162182298128884,15.81308126449585,47.40489625930786,63.217979431152344,2.2125243859250077e-08,-2.4414061883248905e-08
5.016613640115369,152.454,1000.0,8,160000,23,0.02157316729426384,0.20702826976776123,0.0002951999999999999,0.012190635073508285,3.1090207257640414,-0.02789477489836662,15.785399913787842,43.57970714569092,59.36510944366455,-4.577636492086867e-09,0.0
5.653545713107779,147.72299999999998,1000.0,9,180000,22,0.02258671261370182,0.2404930293560028,0.0002945999999999999,0.0125333064351655,3.291189506784138,-0.029801130999175054,15.792783260345459,41.56808280944824,57.360867738723755,-7.629394005448376e-09,3.05175760217935e-08
6.453076696317633,165.21800000000002,1000.0,10,200000,17,0.020058507099747658,0.2745245099067688,0.0002939999999999999,0.016689039472479347,4.433758015550632,-0.032080599746224556,15.830374956130981,32.12075853347778,47.95113563537598,3.7002561015242463e-08,1.5716553036781988e-07
6.952309932515567,174.68599999999998,1000.0,11,220000,18,0.02144094742834568,0.3090996742248535,0.00029339999999999987,0.014031753770099211,3.670539704628519,-0.03351135993258016,15.884689807891846,34.3308322429657,50.21552395820618,-6.103515470812226e-09,0.0
7.170738106480448,171.444,1000.0,12,240000,21,0.022313116118311882,0.34406477212905884,0.0002927999999999999,0.014025260354837843,3.770796608329998,-0.03378838359704305,15.800582647323608,39.989830017089844,55.79041504859924,3.051757735406113e-09,-1.5258788677030566e-09
6.975052087921606,156.89299999999997,1000.0,13,260000,17,0.020443186163902283,0.37914523482322693,0.0002921999999999999,0.016200136426738936,4.264115354594062,-0.03589882492319693,15.796575546264648,32.21653699874878,48.01311492919922,1.2207030941624453e-08,3.9672851670502496e-08
7.669014191151957,148.224,1000.0,14,280000,18,0.020175572484731674,0.4141826331615448,0.0002915999999999999,0.018255615638311785,3.638454830663442,-0.03852944365558094,15.80049443244934,33.93972826004028,49.740225076675415,2.632141082870021e-08,3.05175760217935e-08
8.042454384042491,156.613,1000.0,15,300000,17,0.022390129044651985,0.4493192136287689,0.00029099999999999986,0.017882858769360105,5.0753772599516545,-0.04262425813924054,15.808415651321411,32.07113814353943,47.87955570220947,6.103515470812226e-09,4.2724607851596375e-08
7.6234010426930565,155.702,1000.0,16,320000,14,0.020484987646341324,0.48452287912368774,0.00029039999999999985,0.020438725755744222,3.7582727463916794,-0.034629470971593614,15.803779602050781,26.379957914352417,42.18373918533325,4.577636492086867e-09,-2.4414061883248905e-08
7.957722715079553,143.83499999999998,1000.0,17,340000,13,0.020208941772580147,0.5195804834365845,0.00028979999999999983,0.022393014615469834,4.399374806623138,-0.03984299149848548,15.831180810928345,24.680099964141846,40.511282444000244,9.53674295089968e-09,-1.831054596834747e-08
9.18590855211194,134.42200000000003,1000.0,18,360000,13,0.021002747118473053,0.5543386936187744,0.0002891999999999998,0.020666641857027348,4.356617992092451,-0.04058911620061794,15.723127365112305,24.598021507263184,40.32115077972412,2.2888182460434336e-09,-4.2724607851596375e-08
9.330985810663684,155.51500000000001,1000.0,19,380000,13,0.020503517240285873,0.5892267227172852,0.0002885999999999998,0.024526548003111815,4.1103911831678355,-0.0383587423375558,15.82555627822876,24.376763820648193,40.202322006225586,1.907348501362094e-09,4.882812376649781e-08
8.609787969124449,152.62399999999997,1000.0,20,400000,13,0.022495858371257782,0.6241748929023743,0.00028799999999999984,0.019101807224601104,3.4295178912845516,-0.03976085925606142,15.793520212173462,24.610851526260376,40.40437340736389,7.629394005448376e-09,6.713867151120212e-08
7.982936165830958,140.966,1000.0,21,420000,12,0.021632488816976547,0.6589602828025818,0.00028739999999999983,0.020371705679226908,4.597064184875915,-0.04331054353860382,15.89386534690857,22.748440742492676,38.64230823516846,7.629394005448376e-09,-2.4414061883248905e-08
8.310057272974445,147.58599999999998,1000.0,22,440000,13,0.020322509109973907,0.693731427192688,0.0002867999999999998,0.02343500948871096,4.035249596264357,-0.04445560791356451,15.872743129730225,24.61349081993103,40.48623609542847,1.2969969986897922e-08,5.493163968139925e-08
8.732034710815991,140.92199999999997,1000.0,23,460000,13,0.02006196603178978,0.7283634543418884,0.0002861999999999998,0.02351227700966645,2.959803862107653,-0.04326975509857598,15.836072206497192,24.657504081726074,40.4935781955719,7.629394338515283e-10,-8.392333938900265e-08
8.917260897193605,127.13799999999996,1000.0,24,480000,13,0.020930225029587746,0.7625943422317505,0.0002855999999999998,0.025030145012382415,3.601919544624972,-0.04830604104627758,15.769619464874268,24.638440370559692,40.40806198120117,-4.577636492086867e-09,3.662109193669494e-08
8.797590530960829,129.363,1000.0,25,500000,12,0.020219141617417336,0.7965235710144043,0.00028499999999999977,0.02406592140568339,4.573935644282574,-0.049565741978784085,15.821748971939087,22.71837592124939,38.54012680053711,-1.0681151962899094e-08,2.7465819840699623e-08
9.405381771180664,168.62399999999997,1000.0,26,520000,12,0.020014798268675804,0.8309595584869385,0.00028439999999999976,0.024636358984015064,4.971945545829523,-0.05304028737905244,15.885626792907715,22.711539268493652,38.59716820716858,1.9073485846288207e-10,3.662109193669494e-08
8.919719147807005,181.793,1000.0,27,540000,13,0.020459476858377457,0.8660563230514526,0.00028379999999999974,0.02165914923236466,3.7960382913541197,-0.044945408132602,15.8178231716156,24.76072382926941,40.57854890823364,3.051757735406113e-09,-3.356933575560106e-08
8.242463664437464,169.842,1000.0,28,560000,11,0.021762629970908165,0.901511549949646,0.00028319999999999973,0.025666667168758185,4.5705439688471765,-0.04793721949018921,15.80329966545105,20.940048456192017,36.7433500289917,-6.103515470812226e-09,1.2207030941624453e-08
7.687572918674891,151.572,1000.0,29,580000,10,0.021631913259625435,0.9369359016418457,0.0002825999999999997,0.024139824093649752,5.478186788193334,-0.04500656437973816,15.898364067077637,18.793515920639038,34.69188165664673,0.0,-3.662109193669494e-08
8.235342155319001,149.377,1000.0,30,600000,11,0.020324813202023506,0.9722893834114075,0.0002819999999999997,0.023600186528045616,5.6003128265593585,-0.05775806305520485,15.877792119979858,20.858149766921997,36.73594355583191,7.629394005448376e-09,6.103515470812226e-09
8.418486625819051,160.171,1000.0,31,620000,12,0.02148170955479145,1.0077898502349854,0.00028139999999999974,0.022176103137782652,4.68770192676205,-0.06238002846259485,15.80343246459961,22.863210439682007,38.66664481163025,9.918212917625624e-09,-1.831054596834747e-08
8.754072609595813,170.64299999999997,1000.0,32,640000,12,0.023095598444342613,1.0436128377914429,0.0002807999999999997,0.024415971209911017,4.43111499074422,-0.0598407328481904,15.780843734741211,22.72200298309326,38.502849102020264,-8.392333938900265e-09,-1.907348590179936e-08
8.489657121037855,159.283,1000.0,33,660000,10,0.020511755719780922,1.0794994831085205,0.0002801999999999997,0.022755207754850102,4.09011743396235,-0.05646996175864349,15.846294641494751,18.912729263305664,34.759026288986206,1.5258788677030566e-09,-1.831054596834747e-08
9.347398973831009,147.836,1000.0,34,680000,10,0.020148837938904762,1.1152130365371704,0.0002795999999999997,0.026253411418404253,4.565135663347884,-0.04918486911196488,15.816747426986694,19.008957147598267,34.82570672035217,-1.2207030941624453e-08,9.155272984173735e-09
10.748710869421057,139.363,1000.0,35,700000,9,0.02022559382021427,1.150597333908081,0.0002789999999999997,0.02388276961983509,5.421690987618121,-0.05408918632099846,15.740546226501465,17.052327871322632,32.79287624359131,3.051757735406113e-09,-4.425048771850015e-08
10.696547790629463,140.766,1000.0,36,720000,10,0.02161262370646,1.1857202053070068,0.00027839999999999967,0.024738540647688288,4.792452603673783,-0.05112827642442891,15.772501468658447,19.031362295150757,34.80386567115784,7.247924482811641e-09,-7.324218387338988e-08
10.05530620399584,145.23600000000002,1000.0,37,740000,10,0.0218722615391016,1.2207069396972656,0.00027779999999999965,0.026158252996972765,4.955695725820316,-0.05874071548434016,15.823026180267334,18.968075275421143,34.79110288619995,-9.155272984173735e-09,4.882812376649781e-08
10.188200608212385,147.78399999999996,1000.0,38,760000,8,0.020178940147161484,1.2556275129318237,0.00027719999999999964,0.02572922772257782,4.801794302206451,-0.05339242884898172,15.84572720527649,15.22140121459961,31.06713080406189,-8.01086397217432e-09,0.0
11.038774803119894,144.91799999999998,1000.0,39,780000,9,0.021329572424292564,1.290428876876831,0.0002765999999999996,0.025835899499938933,4.451512070805797,-0.05049615780888062,15.823826551437378,17.16908049583435,32.99290919303894,-9.918212917625624e-09,-3.662109193669494e-08
10.951434094851377,135.90200000000002,1000.0,40,800000,9,0.02064472995698452,1.3249285221099854,0.0002759999999999996,0.025973177202545796,5.695717226456021,-0.062459293507597616,15.91447138786316,17.136884212493896,33.05135774612427,-6.484984993448961e-09,-6.103515470812226e-09
10.494305330385222,137.17,1000.0,41,820000,10,0.020792491734027863,1.359189748764038,0.0002753999999999996,0.027591213101324754,4.208430795928541,-0.05975315157211008,15.828687906265259,18.967477083206177,34.79616737365723,-7.629394005448376e-09,-9.155272984173735e-09
10.158725706865301,147.54700000000003,1000.0,42,840000,8,0.02189025469124317,1.3934704065322876,0.0002747999999999996,0.02900136154801094,5.123262220916276,-0.056088521816253,15.77156949043274,15.234849691390991,31.006421089172363,4.1961669694501325e-09,-2.4414061883248905e-08
9.806769155771256,139.098,1000.0,43,860000,9,0.021273650228977203,1.4275821447372437,0.0002741999999999996,0.025538898986275944,4.591257865648131,-0.049657434644954486,15.772491931915283,17.06849193572998,32.8409857749939,-2.1362303925798187e-08,2.4414061883248905e-08
8.91223989228131,145.43599999999998,1000.0,44,880000,10,0.022152259945869446,1.4616875648498535,0.0002735999999999996,0.026863789162077843,4.8165588386523455,-0.06187825051847452,15.79808783531189,19.023605585098267,34.82169508934021,-9.918212917625624e-09,7.324218387338988e-08
7.904125178988123,149.49300000000002,1000.0,45,900000,10,0.02198498137295246,1.4958789348602295,0.00027299999999999964,0.027579004411546947,4.453066344116443,-0.0626274774071222,15.863925457000732,18.96191096305847,34.82583832740784,-6.103515470812226e-09,-7.629394005448376e-09
8.393833224084158,149.903,1000.0,46,920000,8,0.02103235200047493,1.5301567316055298,0.00027239999999999963,0.028369806305960584,5.158382276900279,-0.05915105984599803,15.755730390548706,15.086036443710327,30.841769218444824,1.5258788677030566e-09,1.2207030941624453e-08
8.86571092949768,136.117,1000.0,47,940000,7,0.02105863206088543,1.5641999244689941,0.0002717999999999996,0.029433648368502686,5.015301390414584,-0.047127801729412944,15.748584747314453,13.311222791671753,29.05980944633484,-1.5258788677030566e-09,2.1362303925798187e-08
9.224762526439038,131.724,1000.0,48,960000,7,0.021172353997826576,1.5979338884353638,0.0002711999999999996,0.03213217987970966,5.524369626053932,-0.049060349519709265,15.816955327987671,13.389492750167847,29.20645022392273,0.0,-1.831054596834747e-08
9.26176483331035,128.857,1000.0,49,980000,9,0.020007643848657608,1.6313265562057495,0.00027059999999999964,0.026518542146958864,4.32298612429565,-0.055451035659587,15.857018232345581,17.04614520072937,32.90316557884216,-1.0681151962899094e-08,-4.882812376649781e-08
9.106317287532514,123.56499999999998,1000.0,50,1000000,8,0.02067536674439907,1.6642900705337524,0.0002699999999999996,0.024890748267701733,4.620028160679074,-0.05258568821582027,15.874882221221924,15.353951215744019,31.228835821151733,7.629394005448376e-09,-3.662109193669494e-08
8.749346478862972,120.37299999999998,1000.0,51,1020000,8,0.02054409496486187,1.696795105934143,0.0002693999999999996,0.022863227593230482,5.655438738889968,-0.06042683496848106,15.848158597946167,15.292653560638428,31.14081382751465,6.103515470812226e-09,-1.5258788677030566e-09
9.078276774452213,126.94300000000001,1000.0,52,1040000,8,0.024086272343993187,1.729054570198059,0.0002687999999999996,0.02367275083674112,5.74563834737665,-0.05915382942452598,15.85635256767273,15.053718566894531,30.910073280334473,-8.296966669263384e-09,-6.1035152043587e-08
8.611768777923562,130.412,1000.0,53,1060000,8,0.020091291517019272,1.7611833810806274,0.0002681999999999996,0.02505560836846979,4.630931680432905,-0.05188651659790748,15.832068920135498,15.18815016746521,31.02022123336792,9.155272984173735e-09,-2.7465819840699623e-08
8.403636438291835,119.32699999999997,1000.0,54,1080000,7,0.020490452647209167,1.7929248809814453,0.00026759999999999957,0.02488844811921452,4.881530906717726,-0.04876845526211015,15.864278078079224,13.192692518234253,29.05697274208069,6.103515470812226e-09,1.525878801089675e-08
8.104557160263251,109.08300000000001,1000.0,55,1100000,8,0.02122536115348339,1.8240628242492676,0.00026699999999999955,0.024104833932810675,5.2621996515094285,-0.062136214277067316,15.822293519973755,15.208550691604614,31.030845880508423,-2.2888182460434336e-09,4.577636492086867e-09
7.947165175040166,125.12600000000002,1000.0,56,1120000,8,0.02091817930340767,1.8550732135772705,0.00026639999999999954,0.027374086270373636,5.054763410466547,-0.05720359203331291,15.737031698226929,15.005974769592285,30.74300789833069,2.3651121949797016e-08,7.934570334100499e-08
7.850818042391646,130.138,1000.0,57,1140000,10,0.02123824693262577,1.8861005306243896,0.0002657999999999995,0.025219445165020588,4.156962900192212,-0.06399865984714355,15.738470554351807,19.014196634292603,34.75266909599304,-1.2207030941624453e-08,-6.103515470812226e-09
8.21374249290847,118.60299999999998,1000.0,58,1160000,6,0.020216716453433037,1.9168543815612793,0.0002651999999999995,0.02724784081682753,4.715364953389945,-0.04412063432478518,15.76315975189209,11.440990209579468,27.20415210723877,3.814697002724188e-09,-3.204345588869728e-08
8.144880794236851,100.70299999999999,1000.0,59,1180000,9,0.021141720935702324,1.9468984603881836,0.0002645999999999995,0.026218505589807862,3.564754570634982,-0.04538824485087907,15.813601970672607,17.19445776939392,33.00806188583374,7.629394338515283e-10,-5.493163968139925e-08
7.886243765072999,100.745,1000.0,60,1200000,9,0.022817621007561684,1.976309895515442,0.0002639999999999995,0.02790745655435078,4.081797781039689,-0.059119090221010286,15.806885004043579,17.217417240142822,33.024304151535034,0.0,3.9672851670502496e-08
6.752233217858199,90.33500000000001,1000.0,61,1220000,10,0.020833615213632584,2.004873752593994,0.00026339999999999946,0.023096123319000197,2.8687004480879907,-0.04955216566987407,15.821146249771118,19.108222484588623,34.929370641708374,-3.814697002724188e-09,-3.356933575560106e-08
6.198453109289012,82.025,1000.0,62,1240000,6,0.020263826474547386,2.032447338104248,0.00026279999999999945,0.025719307788525717,5.384426219966084,-0.03757990216211484,15.812978982925415,11.483715295791626,27.296696662902832,2.6702879907247734e-09,2.7465819840699623e-08
5.797093156154903,89.785,1000.0,63,1260000,7,0.021326616406440735,2.0593502521514893,0.00026219999999999943,0.028917761002244306,4.789140092896741,-0.05050023883200301,15.895313501358032,13.226207971572876,29.12152338027954,-5.340575981449547e-09,9.155272984173735e-09
6.564291373967224,98.58800000000001,1000.0,64,1280000,8,0.024833040311932564,2.0859007835388184,0.0002615999999999994,0.02998165654824874,3.3354653189547907,-0.04960932235676831,15.71749758720398,15.019942998886108,30.73744249343872,-1.602172794434864e-08,-2.7465819840699623e-08
7.3727130910256635,97.134,1000.0,65,1300000,5,0.02010202966630459,2.112100124359131,0.0002609999999999994,0.02667376440696823,5.302827731260477,-0.03628721781455861,15.819011449813843,9.395788431167603,25.214801788330078,-9.155272984173735e-09,-4.882812376649781e-08
7.6284642650353,99.19200000000002,1000.0,66,1320000,6,0.02050752379000187,2.1380481719970703,0.0002603999999999994,0.02828150278223129,4.079290535693732,-0.030580129277028533,15.831148624420166,11.42992615699768,27.26107668876648,0.0,-6.103515470812226e-09
7.484284663241873,112.51500000000001,1000.0,67,1340000,7,0.020342137664556503,2.164151906967163,0.0002597999999999994,0.027462152450926525,4.626499552043374,-0.056658227187090404,15.769459247589111,13.267913579940796,29.03737473487854,-2.0217894913798773e-08,2.4414061883248905e-08
6.931035384599897,111.89099999999999,1000.0,68,1360000,8,0.02130778133869171,2.190385580062866,0.00025919999999999936,0.025055635843973478,3.5243440375160486,-0.057529126572907686,15.789125442504883,15.271549463272095,31.06067705154419,4.577636492086867e-09,6.103515470812226e-09
6.326530928487287,108.46600000000004,1000.0,69,1380000,9,0.02067880891263485,2.216646671295166,0.0002585999999999994,0.025025619874963913,3.3892164628980512,-0.05890022245932332,15.858850955963135,17.105955839157104,32.964808225631714,-6.103515470812226e-09,0.0
6.091878372339794,99.761,1000.0,70,1400000,6,0.022191200405359268,2.2426912784576416,0.0002579999999999994,0.02638647663164031,4.965859793055172,-0.044226317054515706,15.762545347213745,11.424066543579102,27.18661403656006,3.814697002724188e-09,2.5177001816700795e-08
6.708800225149408,99.98100000000001,1000.0,71,1420000,7,0.022547665983438492,2.2685539722442627,0.00025739999999999937,0.03076970734599925,4.883619862351446,-0.054178901020112726,15.767781972885132,13.392546653747559,29.16033124923706,-6.866454960174906e-09,0.0
7.022113156470143,89.157,1000.0,72,1440000,8,0.02023577131330967,2.2939443588256836,0.00025679999999999936,0.026930141095711756,3.640392370831471,-0.05194679645117753,15.77442216873169,15.294851541519165,31.069276332855225,-5.340575981449547e-09,6.103515470812226e-09
6.294891458099639,76.29299999999999,1000.0,73,1460000,1,0.0217121671885252,2.318532943725586,0.00025619999999999934,0.031553493800778355,8.8077293775333,0.02946731325584098,15.841009140014648,1.9201302528381348,17.761141300201416,1.678466787780053e-08,-1.831054596834747e-08
6.0319954954296175,76.677,1000.0,74,1480000,8,0.02001875638961792,2.342414379119873,0.00025559999999999933,0.03276577590854642,3.2574544235730705,-0.04946368316727015,15.690146207809448,15.347345113754272,31.037493228912354,1.0681151962899094e-08,1.525878801089675e-08
6.605983295547459,81.43500000000002,1000.0,75,1500000,7,0.021854890510439873,2.365807056427002,0.0002549999999999993,0.02654999593890853,3.2760200942830373,-0.050160800596926104,15.90163540840149,13.408583641052246,29.310220956802368,-5.7220459481754915e-09,1.2207030941624453e-08
6.435881659717194,81.268,1000.0,76,1520000,8,0.022070778533816338,2.3887596130371094,0.0002543999999999993,0.02651717084141585,2.9582594745932296,-0.04970216778696131,15.824205875396729,14.73603367805481,30.56024193763733,-7.629394338515283e-10,4.2724607851596375e-08
5.665189246714222,78.84299999999999,1000.0,77,1540000,7,0.02159224823117256,2.4112472534179688,0.0002537999999999993,0.025745900519981144,2.980427813551732,-0.05063241248289808,15.837134838104248,13.300573110580444,29.137710094451904,-4.577636492086867e-09,-3.662109193669494e-08
5.228117519071978,66.535,1000.0,78,1560000,8,0.02063061110675335,2.4329397678375244,0.00025319999999999927,0.02933508681338697,2.210666576513467,-0.038051555116553774,15.750132083892822,15.253029346466064,31.00316333770752,-8.392333938900265e-09,9.918212917625624e-09
5.866156808367986,64.25399999999999,1000.0,79,1580000,7,0.020606694743037224,2.4538466930389404,0.00025259999999999926,0.028484008950404465,3.2529652178532347,-0.04694839870486628,15.751412153244019,13.353470087051392,29.104883909225464,-1.602172794434864e-08,-1.2207030941624453e-08
6.044898354438547,61.111000000000004,1000.0,80,1600000,6,0.023952996358275414,2.4739487171173096,0.00025199999999999924,0.027917388089683554,3.1366131094317087,-0.034720163404568634,15.758470296859741,11.414064407348633,27.172536849975586,-9.53674295089968e-09,1.9836425835251248e-08
6.330806237523887,68.306,1000.0,81,1620000,6,0.021380536258220673,2.4935567378997803,0.0002513999999999992,0.03270572918458297,3.655122175955544,-0.038356251791476635,15.702815532684326,10.984100580215454,26.686917781829834,-3.814697002724188e-09,1.2207030941624453e-08
6.77804235943807,61.28400000000001,1000.0,82,1640000,9,0.021561285480856895,2.5124988555908203,0.0002507999999999992,0.02881843254649876,2.019558015257321,-0.04044919406461576,15.79672122001648,16.921489715576172,32.71821331977844,-4.959106458812812e-09,1.2207030941624453e-08
6.5817623481769045,57.772000000000006,1000.0,83,1660000,3,0.020832134410738945,2.5307297706604004,0.00025019999999999925,0.03487311715024094,3.830119131472164,-0.013798893561251501,15.721123456954956,5.682846784591675,21.403971910476685,-6.103515470812226e-09,1.2207030941624453e-08
6.279157351073486,52.676,1000.0,84,1680000,6,0.020148470997810364,2.5481553077697754,0.00024959999999999924,0.03264357161701233,3.0407925672805347,-0.03611800840761239,15.798731565475464,11.440373182296753,27.23910665512085,0.0,2.8991697931246563e-08
6.137158285499391,54.74400000000001,1000.0,85,1700000,9,0.02243458293378353,2.5649240016937256,0.0002489999999999992,0.02808492035427477,2.283606926198119,-0.047109896682115536,15.794103384017944,17.157759428024292,32.95186495780945,6.866454960174906e-09,0.0
6.66622714693991,55.160000000000004,1000.0,86,1720000,5,0.021603433415293694,2.5811166763305664,0.0002483999999999992,0.03587706879543039,3.117674615969673,-0.0330225842888839,15.837761878967285,9.555810451507568,25.393574476242065,2.8610229740877458e-09,-2.8991697931246563e-08
7.90026389165885,58.92700000000001,1000.0,87,1740000,6,0.02155449241399765,2.5969181060791016,0.0002477999999999992,0.03649876973392388,2.897376915263419,-0.040276843292739825,15.78160834312439,11.406227588653564,27.187837600708008,3.051757735406113e-09,-3.051757735406113e-09
8.52493463815957,68.488,1000.0,88,1760000,7,0.020907491445541382,2.612689733505249,0.0002471999999999992,0.03337008989786296,3.2299807271365433,-0.05221717583210242,15.87897276878357,13.359499454498291,29.238474369049072,3.051757735406113e-09,1.831054596834747e-08
8.324034138095161,85.39000000000001,1000.0,89,1780000,7,0.020398519933223724,2.6290030479431152,0.00024659999999999916,0.03260191474390432,3.40417752321427,-0.05669379235589167,15.753089427947998,13.355997323989868,29.109088897705078,0.0,9.155272984173735e-09
7.992302274025152,94.74499999999999,1000.0,90,1800000,8,0.02127034030854702,2.6461222171783447,0.00024599999999999915,0.03090324637125999,4.484554351042635,-0.04864058150060344,15.803078889846802,15.113619327545166,30.9167001247406,3.051757735406113e-09,0.0
7.756113063704717,88.708,1000.0,91,1820000,10,0.022509383037686348,2.6637754440307617,0.00024539999999999913,0.030908460267030965,3.0446274716633197,-0.060645629642025446,15.84243893623352,18.97830367088318,34.82074499130249,-1.5258788677030566e-09,6.103515470812226e-09
7.419325214703275,73.699,1000.0,92,1840000,8,0.02129015512764454,2.6814162731170654,0.0002447999999999992,0.032578486797456355,2.593028379610171,-0.04477089737354519,15.750295400619507,14.960054159164429,30.71035146713257,6.866454960174906e-09,-6.713867151120212e-08
7.021395216036355,73.036,1000.0,93,1860000,7,0.020123077556490898,2.6990299224853516,0.00024419999999999916,0.027599783125025316,2.592222885882022,-0.050044471851967885,15.797996282577515,13.272166967391968,29.070165634155273,-4.577636492086867e-09,0.0
6.959973625694651,63.058000000000014,1000.0,94,1880000,8,0.021042387932538986,2.7162857055664062,0.00024359999999999917,0.032998073680219224,3.2824472351767384,-0.0459624719121657,15.706649780273438,15.031703472137451,30.73835563659668,4.577636492086867e-09,1.525878801089675e-08
7.464549472326607,71.93800000000002,1000.0,95,1900000,8,0.02043759636580944,2.733527183532715,0.00024299999999999916,0.03717738293489209,2.4466792329574547,-0.04504898292631411,15.772634029388428,15.174304485321045,30.946940183639526,1.1444091896350983e-08,-6.103515470812226e-09
8.076682011552098,73.627,1000.0,96,1920000,9,0.020596664398908615,2.7508199214935303,0.00024239999999999917,0.03565490887396865,2.348921699180305,-0.05125572985612758,15.86165165901184,16.88601040840149,32.74766445159912,2.6702879907247734e-09,-6.103515470812226e-09
7.718621134982092,62.696000000000005,1000.0,97,1940000,6,0.020268423482775688,2.7677879333496094,0.00024179999999999918,0.03593051758881448,2.5780780674994817,-0.036898793197406556,15.775176525115967,11.20270299911499,26.97788166999817,-3.051757735406113e-09,-4.882812376649781e-08
6.50752328936922,59.323,1000.0,98,1960000,8,0.02296375297009945,2.7843503952026367,0.00024119999999999917,0.031760571563925845,2.517021130330075,-0.046845722808904304,15.782739877700806,15.31125020980835,31.093992233276367,7.629394338515283e-10,0.0
5.8806040111819735,56.67,1000.0,99,1980000,8,0.02211778610944748,2.800457715988159,0.00024059999999999915,0.034470432934860074,2.7026536435174484,-0.044751113344254655,15.808090448379517,14.897353172302246,30.705445289611816,-7.629394005448376e-09,-8.392333938900265e-09
6.058897838742725,56.02,1000.0,100,2000000,8,0.02059973031282425,2.8161351680755615,0.00023999999999999917,0.03133127548785422,2.264609408764222,-0.031734809770394626,15.761904954910278,14.837757349014282,30.599664211273193,-6.103515470812226e-09,0.0
5.840937609048837,52.375,1000.0,101,2020000,4,0.020660704001784325,2.831298828125,0.00023939999999999918,0.03393717876787241,3.4265914581263788,-0.019042575319770712,15.813987493515015,7.635493040084839,23.449482917785645,7.629394338515283e-10,-2.4414061883248905e-08
5.549003011488232,53.218,1000.0,102,2040000,6,0.020194770768284798,2.84603214263916,0.0002387999999999992,0.03680685484986177,2.951554446809462,-0.041284074094364694,15.791693449020386,11.288376808166504,27.080072164535522,1.2207030941624453e-08,1.2207030941624453e-08
6.068984311597486,57.968,1000.0,103,2060000,7,0.02230137772858143,2.860550880432129,0.0002381999999999992,0.03359081657345792,2.8116164021653054,-0.042000330406500835,15.781527519226074,13.106738567352295,28.888267517089844,-9.918212917625624e-09,-8.392333938900265e-09
6.816615224266881,58.504999999999995,1000.0,104,2080000,8,0.020460251718759537,2.8748996257781982,0.00023759999999999922,0.02972473510237524,1.9804576207130862,-0.034286793572426484,15.7234468460083,15.198113679885864,30.92156219482422,-1.0681151962899094e-08,2.70843507621521e-08
6.25203710653319,54.404999999999994,1000.0,105,2100000,5,0.02011987939476967,2.888951301574707,0.00023699999999999923,0.037016894952795754,2.969584068665489,-0.026476542858746104,15.797967672348022,9.511918783187866,25.30988883972168,6.866454960174906e-09,1.754760781125242e-08
5.544647228816503,46.7,1000.0,106,2120000,6,0.02281651645898819,2.9024574756622314,0.00023639999999999921,0.034751118318980145,3.5425566436129765,-0.03196478963763125,15.787559986114502,11.397417545318604,27.184979677200317,-4.577636492086867e-09,-3.051757735406113e-09
6.019064993428361,55.937,1000.0,107,2140000,5,0.020759493112564087,2.9158122539520264,0.00023579999999999923,0.03208516737856804,3.4522768644479136,-0.042642431144421095,15.73938250541687,9.509104490280151,25.248488903045654,-3.2424924967244806e-09,-6.103515470812226e-09
7.136032344430381,61.784000000000006,1000.0,108,2160000,7,0.020174145698547363,2.9292490482330322,0.00023519999999999924,0.033578899798261036,2.420110539506419,-0.04426151775299741,15.774321794509888,13.247002363204956,29.021326780319214,1.831054596834747e-08,-3.05175760217935e-08
7.884731612647461,66.701,1000.0,109,2180000,6,0.022598445415496826,2.942945718765259,0.00023459999999999925,0.031530264596414136,2.520530131583016,-0.04421218624189734,15.763098001480103,11.348397731781006,27.11149764060974,-1.678466787780053e-08,6.103515470812226e-09
7.33674584678386,56.698,1000.0,110,2200000,7,0.02108485996723175,2.9565134048461914,0.00023399999999999924,0.03201796082904735,2.459236350466486,-0.03344066690998717,15.748179197311401,13.369397401809692,29.117578506469727,-1.1825560974898508e-08,-2.8419494313425275e-08
6.75280964594034,62.25300000000001,1000.0,111,2220000,7,0.021232496947050095,2.970175266265869,0.00023339999999999925,0.029566546116536037,3.237304656269451,-0.04355815063867869,15.809737205505371,13.251970529556274,29.06170964241028,-2.4414061883248905e-08,0.0
6.485055772649417,63.55500000000001,1000.0,112,2240000,6,0.022927196696400642,2.983975887298584,0.00023279999999999923,0.030838407860737577,3.6994903789668547,-0.046955611974326246,15.775447130203247,11.47450876235962,27.249958038330078,0.0,1.2207030941624453e-08
6.956229420333737,67.93699999999998,1000.0,113,2260000,7,0.022048531100153923,2.998070240020752,0.00023219999999999925,0.035237001616461865,3.024810728772162,-0.05086788118127028,15.779222011566162,13.364670276641846,29.14389443397522,4.577636492086867e-09,-3.05175760217935e-08
7.3761613998538,65.506,1000.0,114,2280000,8,0.022336445748806,3.0123445987701416,0.00023159999999999926,0.030240239936281173,2.5298028051757964,-0.04523862469398354,15.761115550994873,15.279260635375977,31.040377855300903,1.831054596834747e-08,1.2207030941624453e-08
7.470023342116896,60.18499999999999,1000.0,115,2300000,7,0.02072184532880783,3.0265867710113525,0.00023099999999999927,0.03747209163050247,2.4369130032838395,-0.0448141666915606,15.81902265548706,13.356987476348877,29.17601203918457,3.051757735406113e-09,-1.2207030941624453e-08
6.805554185550378,54.08700000000001,1000.0,116,2320000,7,0.020611010491847992,3.0405735969543457,0.00023039999999999928,0.03335871839991909,2.3357840770730576,-0.04139819655725532,15.774738073348999,13.337115287780762,29.111855030059814,1.1444091230217168e-09,-2.8991697931246563e-08
6.7483595629437945,58.995000000000005,1000.0,117,2340000,4,0.020789382979273796,3.054520606994629,0.0002297999999999993,0.036411586061369974,4.241339973557872,-0.022155445720702886,15.757700204849243,7.63620662689209,23.393909215927124,3.814697002724188e-09,-1.2207030941624453e-08
6.311589348584687,60.919000000000004,1000.0,118,2360000,7,0.020870443433523178,3.068509578704834,0.00022919999999999928,0.03359010645933534,3.0219360787756417,-0.041913927099588855,15.765014171600342,13.216111183166504,28.981127738952637,-9.53674295089968e-09,3.662109193669494e-08
6.6536674880020925,58.866,1000.0,119,2380000,7,0.022198311984539032,3.0824625492095947,0.0002285999999999993,0.03621323101923026,2.277182514375881,-0.03372679809588702,15.720752000808716,13.296295404434204,29.017049074172974,-1.2588500908350397e-08,-2.5939939973795845e-08
6.363609462518275,52.325,1000.0,120,2400000,3,0.022466033697128296,3.0961358547210693,0.0002279999999999993,0.034484941262406664,4.628467625576341,-0.018026503394095027,15.763651371002197,5.72954249382019,21.493196487426758,-7.629394005448376e-09,9.155272984173735e-09
6.259407447381404,61.81400000000001,1000.0,121,2420000,7,0.021428842097520828,3.10992693901062,0.00022739999999999932,0.028166854896062805,2.979060745032505,-0.03803455865070979,15.743515729904175,13.389264822006226,29.13278293609619,0.0,6.103515470812226e-09
6.2858659846964775,63.989,1000.0,122,2440000,6,0.020680183544754982,3.123913288116455,0.0002267999999999993,0.035376518193128516,2.746512484817078,-0.041649302033284985,15.792740821838379,11.422962188720703,27.215705156326294,3.051757735406113e-09,6.103515470812226e-09
6.923304548454539,55.663,1000.0,123,2460000,8,0.022085091099143028,3.1377575397491455,0.0002261999999999993,0.029143144006873616,2.3869965943141866,-0.042766355649053386,15.78749942779541,15.331786870956421,31.119288206100464,-7.629394005448376e-09,-2.4414061883248905e-08
6.30466338726006,48.492000000000004,1000.0,124,2480000,8,0.02021237649023533,3.1511964797973633,0.00022559999999999928,0.02842081423265675,1.6575234997481965,-0.033867132199850804,15.76987075805664,15.257435321807861,31.027308225631714,-2.1362303925798187e-08,-2.1362303925798187e-08
4.94109274658008,45.592,1000.0,125,2500000,4,0.02013017237186432,3.164158582687378,0.0002249999999999993,0.03712813064051322,2.8011586279057847,-0.022091891701383808,15.788272619247437,7.4130377769470215,23.20131278038025,-1.5258788677030566e-09,2.7465819840699623e-08
3.8314701244872134,48.556,1000.0,126,2520000,8,0.022021789103746414,3.176809787750244,0.00022439999999999927,0.03339780080533875,2.1236739160534674,-0.04847940528235687,15.739922046661377,15.069955348968506,30.809879302978516,0.0,3.051757735406113e-09
3.910835137320602,53.94199999999999,1000.0,127,2540000,6,0.021078279241919518,3.189397096633911,0.0002237999999999993,0.029465183826942985,2.5976360465010133,-0.035445030135944626,15.767483234405518,11.122480154037476,26.889965534210205,2.2888182460434336e-09,-3.051757735406113e-09
4.520735480314433,56.386,1000.0,128,2560000,8,0.0219105277210474,3.2020277976989746,0.0002231999999999993,0.030608703956579247,2.1698951443639425,-0.04340186252960929,15.79288911819458,15.095193147659302,30.888084411621094,1.0681151962899094e-08,-2.4414061883248905e-08
5.0249315491416215,53.05499999999999,1000.0,129,2580000,8,0.020530138164758682,3.214569091796875,0.0002225999999999993,0.02806245878088874,1.7408044850245452,-0.03481933503625944,15.773722648620605,15.259613990783691,31.03333830833435,1.5258788677030566e-09,-3.356933575560106e-08
5.185823446808812,51.798,1000.0,130,2600000,7,0.022663142532110214,3.226982831954956,0.0002219999999999993,0.027879405350159533,3.040688346722854,-0.0444708531480138,15.738276481628418,13.37898325920105,29.11726188659668,-1.525878801089675e-08,0.0
4.534565640993191,51.720000000000006,1000.0,131,2620000,9,0.021626876667141914,3.2392821311950684,0.0002213999999999993,0.025984883179804154,1.8223996263765723,-0.03635253368509569,15.757004976272583,17.080454349517822,32.83746123313904,-1.831054596834747e-08,-3.05175760217935e-08
4.0212964539102956,56.934000000000005,1000.0,132,2640000,7,0.022453587502241135,3.251692056655884,0.0002207999999999993,0.029105905723974403,3.0138321746326047,-0.04008784590927448,15.714276790618896,13.123660802841187,28.837939262390137,-6.103515470812226e-09,-2.2125243859250077e-08
4.67358564461789,47.684,1000.0,133,2660000,7,0.020301073789596558,3.26383113861084,0.0002201999999999993,0.028277083768903366,1.8651257651356028,-0.035076405586090764,15.688408136367798,13.368998765945435,29.057409048080444,-8.392333938900265e-09,-7.629394338515283e-10
5.568731680960953,54.083000000000006,1000.0,134,2680000,5,0.022199613973498344,3.275989294052124,0.0002195999999999993,0.03545665601238656,2.6593222041480455,-0.03765190253242517,15.823678493499756,9.562771558761597,25.386451482772827,4.577636492086867e-09,0.0
5.979208361570168,52.426,1000.0,135,2700000,8,0.020551251247525215,3.2881007194519043,0.0002189999999999993,0.030915648461105272,1.7587758347915765,-0.040194984273270916,15.780200004577637,15.12465238571167,30.904854774475098,-1.678466787780053e-08,-1.2207030941624453e-08
6.112757290992284,53.70700000000001,1000.0,136,2720000,7,0.020480932667851448,3.3002264499664307,0.00021839999999999932,0.0305537013273256,2.1075598111385516,-0.03800119143974041,15.791316747665405,13.343718767166138,29.135037660598755,7.629394005448376e-09,-2.1362303925798187e-08
5.710927123646703,47.17,1000.0,137,2740000,5,0.020281042903661728,3.3120996952056885,0.00021779999999999933,0.029570772452428697,2.373529268110903,-0.030173961358805432,15.791579723358154,9.545553922653198,25.337135791778564,-7.629394005448376e-09,-3.05175760217935e-08
5.649943674150714,46.494,1000.0,138,2760000,6,0.020665481686592102,3.3237197399139404,0.00021719999999999932,0.028629749195096782,2.2701640122106914,-0.042338164673009306,15.760185241699219,11.462576389312744,27.222763776779175,8.01086397217432e-09,-1.2207030941624453e-08
6.470133671197675,53.080999999999996,1000.0,139,2780000,6,0.020857034251093864,3.335387706756592,0.0002165999999999993,0.029491561756065637,2.2630648278771117,-0.038293380830813836,15.744932174682617,11.37874436378479,27.12367820739746,-4.577636492086867e-09,1.3732909920349812e-08
6.9225985854463135,54.831,1000.0,140,2800000,6,0.02202293835580349,3.347175121307373,0.00021599999999999931,0.030701393421235495,2.6712115071198177,-0.0426111736010534,15.725937366485596,11.427354335784912,27.15329337120056,-5.912780487449254e-09,3.05175760217935e-08
7.19133257283749,61.230000000000004,1000.0,141,2820000,7,0.020256228744983673,3.3593409061431885,0.00021539999999999933,0.03123316572769109,2.030480225899077,-0.04078664913406278,15.789605140686035,13.332653999328613,29.12226152420044,-6.103515470812226e-09,-3.051757735406113e-09
6.120638591505916,50.870999999999995,1000.0,142,2840000,9,0.027473699301481247,3.371419668197632,0.00021479999999999934,0.02741509663350391,1.3058527491174778,-0.034959328883877344,15.663240909576416,17.061470985412598,32.724714279174805,-4.1961669694501325e-09,1.2207030941624453e-08
4.844846166271015,38.197,1000.0,143,2860000,1,0.022712433710694313,3.382889747619629,0.00021419999999999932,0.03144147515463563,3.989354240246855,0.015767370276272105,15.7438485622406,1.9088523387908936,17.652702808380127,-9.918212917625624e-09,3.051757735406113e-09
4.218426197439642,38.684000000000005,1000.0,144,2880000,8,0.021944528445601463,3.393832206726074,0.00021359999999999934,0.025884353521892937,2.277434004286227,-0.0491662016934373,15.751147985458374,15.03030014038086,30.781450748443604,-6.866454960174906e-09,9.155272984173735e-09
3.9993243623630916,50.615,1000.0,145,2900000,7,0.020965324714779854,3.404806613922119,0.00021299999999999935,0.030189824565592174,1.6145403070680522,-0.0369029867482792,15.724632740020752,13.313445091247559,29.0380802154541,3.051757735406113e-09,0.0
3.9648015164819634,43.991,1000.0,146,2920000,8,0.020454704761505127,3.4155311584472656,0.00021239999999999936,0.02911605729465596,1.3402362650813766,-0.03160820895368561,15.740626096725464,14.958323240280151,30.698951244354248,0.0,-3.662109193669494e-08
4.86585990512497,38.043,1000.0,147,2940000,3,0.020032044500112534,3.425778388977051,0.00021179999999999935,0.035387039248047036,2.6294047595086063,-0.01794431041192196,15.767767429351807,5.6422460079193115,21.41001582145691,-6.484984993448961e-09,-1.678466787780053e-08
5.388975020117586,31.107999999999997,1000.0,148,2960000,7,0.020099256187677383,3.435297727584839,0.00021119999999999933,0.02746204121802589,1.5581093839399893,-0.026704677968489587,15.722394943237305,13.101783275604248,28.824180603027344,-1.2969969986897922e-08,-6.103515470812226e-09
4.888823400600547,31.892000000000003,1000.0,149,2980000,6,0.020139696076512337,3.4441943168640137,0.00021059999999999935,0.029320683968040193,1.491726920405389,-0.026658167696584717,15.764289140701294,11.50565767288208,27.269948720932007,3.051757735406113e-09,-1.0681151962899094e-08
3.8399582750239523,34.232000000000006,1000.0,150,3000000,7,0.020979180932044983,3.4526307582855225,0.00020999999999999936,0.030006557837339472,1.8883049901301108,-0.04210610441491178,15.739261865615845,13.19833779335022,28.937601327896118,-1.2207030941624453e-08,-1.2207030941624453e-08
4.192061313070728,39.517,1000.0,151,3020000,7,0.020559828728437424,3.4608826637268066,0.00020939999999999934,0.030046209011997116,1.5841610668076602,-0.035729488173847405,15.740779638290405,13.319018363952637,29.059800148010254,6.103515470812226e-09,-2.2888182460434336e-09
4.344518333752857,40.486000000000004,1000.0,152,3040000,7,0.02213030867278576,3.4690120220184326,0.00020879999999999936,0.029221774514174553,1.5137600156337037,-0.03223052539274824,15.802201986312866,13.357692956924438,29.159897089004517,0.0,-1.678466787780053e-08
3.859676811042365,42.324,1000.0,153,3060000,8,0.022078737616539,3.4771134853363037,0.00020819999999999934,0.027287155059136498,1.5406238190567911,-0.03327106860445473,15.741473913192749,15.24405026435852,30.985525846481323,-3.2424924967244806e-09,3.9672851670502496e-08
3.1056456997480875,38.550999999999995,1000.0,154,3080000,7,0.022740798071026802,3.4850263595581055,0.00020759999999999933,0.024096063602186947,1.4795821291406859,-0.02818169705365712,15.674291849136353,13.23825192451477,28.912545680999756,-1.3732909920349812e-08,0.0
2.3892486940363393,33.111,1000.0,155,3100000,8,0.021442288532853127,3.4925310611724854,0.0002069999999999993,0.02226685074354394,1.2449275210928232,-0.029462251660842508,15.720447778701782,15.206437349319458,30.926887273788452,-1.831054596834747e-08,-4.882812376649781e-08
2.7241080534478352,36.42700000000001,1000.0,156,3120000,6,0.02130308747291565,3.499814748764038,0.00020639999999999932,0.02810116440377122,2.277707021679487,-0.0392637640194168,15.706758260726929,11.339155673980713,27.045916318893433,1.907348501362094e-09,1.2207030941624453e-08
3.2629191795992254,39.09599999999999,1000.0,157,3140000,7,0.02190476283431053,3.50701904296875,0.00020579999999999934,0.027670260346637013,1.8546791856879787,-0.034232215299549465,15.778196811676025,13.311378002166748,29.089576959609985,-1.525878801089675e-08,-3.051757735406113e-09
4.107552847654844,50.717999999999996,1000.0,158,3160000,5,0.02007904089987278,3.5146703720092773,0.00020519999999999935,0.029670982437726028,2.9489956553751666,-0.031076845058951134,15.769154787063599,9.451326131820679,25.22048306465149,-2.1362303925798187e-08,1.2207030941624453e-08
4.130685427547273,59.507000000000005,1000.0,159,3180000,8,0.020950783044099808,3.5231194496154785,0.00020459999999999936,0.02803494086743484,2.0899230177743364,-0.036537894219630204,15.79098916053772,14.803709030151367,30.59469985961914,9.155272984173735e-09,-2.4414061883248905e-08
4.408883712808722,57.589,1000.0,160,3200000,6,0.02031206712126732,3.5322072505950928,0.00020399999999999937,0.030627321828795444,2.132026406871879,-0.03668156409630189,15.732958316802979,11.356236934661865,27.089197158813477,3.814697002724188e-09,-2.7465819840699623e-08
4.5969736785447095,43.944,1000.0,161,3220000,9,0.024858513846993446,3.5412650108337402,0.0002033999999999994,0.025219280646309218,1.5176108323347073,-0.03494545256201261,15.686522006988525,17.214559316635132,32.90108323097229,6.866454960174906e-09,-1.2207030941624453e-08
4.206855209069824,32.769999999999996,1000.0,162,3240000,9,0.02086341753602028,3.549794912338257,0.00020279999999999937,0.025742723509989334,1.0131672254724202,-0.026910921353430223,15.774033784866333,17.24094247817993,33.0149781703949,-4.577636492086867e-09,6.103515470812226e-09
3.3732406269278847,26.901999999999997,1000.0,163,3260000,6,0.022333739325404167,3.5575835704803467,0.00020219999999999936,0.02840719447759822,1.1926435438779215,-0.028079495116120106,15.714072942733765,11.036033868789673,26.75010895729065,2.2888183792701966e-08,-3.814697002724188e-09
3.7906611468565736,30.621,1000.0,164,3280000,6,0.02070125937461853,3.5648720264434814,0.00020159999999999937,0.02713260468129263,1.6674791072059871,-0.0356057712151664,15.74261212348938,11.370356798171997,27.11297082901001,-1.5258788677030566e-09,9.155272984173735e-09
3.929483902500587,40.523,1000.0,165,3300000,7,0.024051908403635025,3.572160482406616,0.00020099999999999938,0.024834334053309988,1.699619327218279,-0.039264375063374345,15.793723821640015,13.1832754611969,28.977001428604126,7.629394005448376e-09,0.0
3.510269255260635,50.254,1000.0,166,3320000,6,0.020005133002996445,3.5798943042755127,0.00020039999999999937,0.02487121936909783,2.0319409864271285,-0.027649515179502634,15.830468893051147,11.282519102096558,27.112989902496338,-2.1743773004345712e-08,3.05175760217935e-08
2.960011198494481,50.201,1000.0,167,3340000,7,0.020666176453232765,3.588031053543091,0.00019979999999999938,0.025641113736877996,1.7249166927398585,-0.02260473620406654,15.649458646774292,13.191124439239502,28.840584993362427,-1.831054596834747e-08,1.831054596834747e-08
3.4274939906234962,44.071,1000.0,168,3360000,6,0.02000458352267742,3.5962538719177246,0.00019919999999999937,0.027106499633155725,1.7074535791866314,-0.037515524424676,15.814973592758179,11.407888174057007,27.222864151000977,6.866454960174906e-09,1.525878801089675e-08
3.58742767371198,31.944,1000.0,169,3380000,8,0.020238149911165237,3.6039986610412598,0.00019859999999999935,0.02404851771440333,0.9393953705271973,-0.022628907466674755,15.670371055603027,15.138169527053833,30.808542728424072,-7.629394005448376e-09,-1.9836425835251248e-08
3.633203601670373,27.049,1000.0,170,3400000,7,0.021060770377516747,3.611086130142212,0.00019799999999999936,0.02404391927162584,0.8856380123463138,-0.023864640437307995,15.729549884796143,13.181371688842773,28.910923719406128,6.103515470812226e-09,6.103515470812226e-09
3.481296520785621,18.016000000000002,1000.0,171,3420000,8,0.020701998844742775,3.6171607971191406,0.00019739999999999935,0.023628773914944654,1.3980345641271756,-0.01163575777891107,15.697805643081665,15.2506103515625,30.948418378829956,8.392333938900265e-09,1.525878801089675e-08
3.4279799158912567,34.47100000000001,1000.0,172,3440000,6,0.020919013768434525,3.623086452484131,0.00019679999999999936,0.027562418296988717,1.3593333252131368,-0.025734849546910032,15.748020648956299,11.445785522460938,27.193808555603027,-7.629394005448376e-09,-1.5258788677030566e-09
2.913603268359644,37.93,1000.0,173,3460000,8,0.0207594633102417,3.629040241241455,0.00019619999999999938,0.025388334627105547,1.3218866464095755,-0.032599180210054444,15.816895723342896,15.333423614501953,31.15032148361206,-6.484984993448961e-09,-6.103515470812226e-09
3.3197536459055543,35.831999999999994,1000.0,174,3480000,5,0.022379860281944275,3.634922981262207,0.00019559999999999936,0.024163154719141534,1.9862403597694616,-0.01688869569938594,15.766292333602905,9.326211214065552,25.09250569343567,-3.814697002724188e-09,6.103515470812226e-09
4.099110923399727,33.620000000000005,1000.0,175,3500000,5,0.021166937425732613,3.640639066696167,0.00019499999999999937,0.03233641185842383,1.7038303495976872,-0.034017804862496955,15.802585124969482,9.58819842338562,25.390785217285156,6.103515470812226e-09,0.0
4.332655348539541,33.117000000000004,1000.0,176,3520000,8,0.020128866657614708,3.6461822986602783,0.00019439999999999939,0.025947532684991535,1.2127351516875595,-0.03061509165301407,15.775990962982178,14.999608516693115,30.775601863861084,1.5258788677030566e-09,-1.0681151962899094e-08
4.985993970435573,36.303,1000.0,177,3540000,1,0.0249534510076046,3.651721239089966,0.0001937999999999994,0.034388410546385445,3.502416816001502,0.02846789250549036,15.737192392349243,1.8266820907592773,17.563876390457153,-3.051757735406113e-09,-3.051757735406113e-09
4.668544217739623,35.782000000000004,1000.0,178,3560000,6,0.02087511494755745,3.6572329998016357,0.00019319999999999938,0.02635276101180476,2.012997451935586,-0.03313678358031855,15.91041088104248,11.448734283447266,27.35914635658264,3.8146971692576415e-10,0.0
4.273644345016041,39.88700000000001,1000.0,179,3580000,7,0.021316073834896088,3.662916660308838,0.0001925999999999994,0.021583362414477378,1.304300061674871,-0.031446177882640966,15.834531784057617,13.35177206993103,29.18630576133728,2.0980834847250662e-09,0.0
3.4941169957086884,35.132999999999996,1000.0,180,3600000,7,0.021545831114053726,3.6685311794281006,0.0001919999999999994,0.02604669908513045,1.2949272246188848,-0.0367543758656141,15.803288221359253,13.240312576293945,29.04360294342041,1.5258788677030566e-09,-9.155272984173735e-09
3.015138413933031,32.49100000000001,1000.0,181,3620000,8,0.021187087520956993,3.6739580631256104,0.0001913999999999994,0.02369801027621455,1.014609032521804,-0.028318859685135013,15.703448057174683,15.244673013687134,30.948123455047607,-1.2207030941624453e-08,-1.0681151962899094e-08
3.334621454602072,33.028,1000.0,182,3640000,4,0.0202346034348011,3.6792423725128174,0.00019079999999999938,0.028888741027587615,1.7302729695464094,-0.02360493445489258,15.782543420791626,7.4714014530181885,23.253947257995605,1.525878801089675e-08,-1.0681151962899094e-08
3.415943344805939,33.36900000000001,1000.0,183,3660000,8,0.020135272294282913,3.684415578842163,0.0001901999999999994,0.025984775781937943,1.7713978937544381,-0.02812161086909711,15.709995985031128,15.107342958450317,30.8173406124115,-1.4305114870438729e-09,1.831054596834747e-08
3.9838147805657433,44.66700000000001,1000.0,184,3680000,6,0.02029254660010338,3.6900341510772705,0.0001895999999999994,0.029143002688591154,1.8255594077899941,-0.030221016241953617,15.70995306968689,11.39708685874939,27.10704207420349,-1.1444091230217168e-09,-1.831054596834747e-08
4.118773577655867,45.102000000000004,1000.0,185,3700000,5,0.020373249426484108,3.6960785388946533,0.0001889999999999994,0.028256541554824995,1.6099681065486262,-0.023001939110077037,15.816744804382324,9.563298225402832,25.380045175552368,3.051757735406113e-09,4.959106458812812e-09
3.997895197241975,36.446999999999996,1000.0,186,3720000,5,0.021084170788526535,3.702090263366699,0.0001883999999999994,0.03175262677998017,2.07578650385427,-0.030273631355537775,15.85031533241272,9.566156148910522,25.416473388671875,1.5258788677030566e-09,-1.525878801089675e-08
4.667281324074207,41.208,1000.0,187,3740000,6,0.021602164953947067,3.7083053588867188,0.00018779999999999941,0.02943129344477345,1.9975433027782379,-0.036431283429185675,15.825597286224365,11.504647970199585,27.330246925354004,3.051757735406113e-09,6.103515470812226e-09
4.229340399382284,43.993,1000.0,188,3760000,5,0.020794767886400223,3.714841842651367,0.0001871999999999994,0.025378498124976317,1.6855522090634598,-0.029879416386111857,15.777698755264282,9.561692237854004,25.339393138885498,2.0980834847250662e-09,3.051757735406113e-09
4.396614436165972,43.154999999999994,1000.0,189,3780000,6,0.020179620012640953,3.7216298580169678,0.0001865999999999994,0.02600721161390027,1.8983168645153918,-0.03721369225115251,15.825428009033203,11.499411582946777,27.32484197616577,9.155272984173735e-09,0.0
4.328323915182223,50.718,1000.0,190,3800000,8,0.02050263248383999,3.7290172576904297,0.00018599999999999943,0.02543961910044435,1.786881403943982,-0.027125559076994134,15.803471565246582,15.277122735977173,31.080596446990967,-5.1498409980865745e-09,0.0
4.477853550727721,51.79,1000.0,191,3820000,9,0.02079375647008419,3.7370011806488037,0.00018539999999999944,0.024205590129813742,2.3785662730831096,-0.03468242608457751,15.793829441070557,17.206303596496582,33.00013494491577,-6.866454960174906e-09,1.831054596834747e-08
3.6810623786831207,46.754999999999995,1000.0,192,3840000,10,0.021143577992916107,3.74527907371521,0.00018479999999999945,0.02384123273711568,1.023299325845493,-0.02977774650358354,15.733938932418823,19.036179304122925,34.77012014389038,-1.525878801089675e-08,-1.831054596834747e-08
3.8149453870769845,37.773999999999994,1000.0,193,3860000,1,0.023330019786953926,3.7533817291259766,0.00018419999999999944,0.03509205064406029,3.6482047749022706,0.0318115804725276,15.813034534454346,1.913214921951294,17.726251363754272,3.814697002724188e-09,1.2207030941624453e-08
3.816910996531797,44.313,1000.0,194,3880000,7,0.021339314058423042,3.7616517543792725,0.00018359999999999945,0.02776578655666219,1.6154325788067878,-0.047266750788594124,15.735048770904541,13.188510417938232,28.923561096191406,-4.577636492086867e-09,-4.577636492086867e-09
4.494545593900733,52.89699999999999,1000.0,195,3900000,6,0.020977089181542397,3.7704999446868896,0.00018299999999999946,0.027944276555162618,2.0560510854878493,-0.03224378379896934,15.807504415512085,11.427737951278687,27.235244512557983,-1.2207030941624453e-08,2.4414061883248905e-08
4.595061870833716,49.334999999999994,1000.0,196,3920000,9,0.02042156644165516,3.779696464538574,0.00018239999999999947,0.028989184161474255,1.5044751074198166,-0.036100576877697146,15.810900688171387,16.97213912010193,32.78304195404053,-9.918212917625624e-09,0.0
4.1841539191158486,40.57300000000001,1000.0,197,3940000,5,0.020124733448028564,3.788774013519287,0.00018179999999999949,0.026225090037567168,1.8480271318850046,-0.02549965618826901,15.733081817626953,9.50936484336853,25.242448568344116,-6.103515470812226e-09,-1.2207030941624453e-08
3.4369584469344283,30.845999999999997,1000.0,198,3960000,6,0.024067888036370277,3.7972593307495117,0.00018119999999999947,0.0281072196355278,1.7751827828419475,-0.028642472446548006,15.748794317245483,11.439547538757324,27.18834400177002,3.051757735406113e-09,-1.2207030941624453e-08
3.2939044761446823,31.674000000000007,1000.0,199,3980000,8,0.021738585084676743,3.80525279045105,0.00018059999999999946,0.026665220840851933,1.3487771600008773,-0.033062584373873834,15.839205980300903,15.300161123275757,31.139368534088135,-7.629394338515283e-10,-1.2207030941624453e-08
3.475881175638704,25.889,1000.0,200,4000000,7,0.021086350083351135,3.812511682510376,0.00017999999999999944,0.022058732762579122,0.9212683798895749,-0.0207144365973672,15.842066526412964,13.115498542785645,28.95756721496582,-3.814697002724188e-09,-8.77380390562621e-09
3.77597081547365,22.829,1000.0,201,4020000,1,0.020931625738739967,3.818952798843384,0.00017939999999999945,0.03677411980855579,2.521072317617008,0.024581111598605165,15.841506004333496,1.928070068359375,17.76957869529724,-7.438659466174613e-09,-7.629394005448376e-09
3.8440285408332855,30.163,1000.0,202,4040000,4,0.020858807489275932,3.8250274658203125,0.00017879999999999947,0.028747711491327696,2.125264297944669,-0.0183849475620249,15.765184879302979,7.6592888832092285,23.42447590827942,-3.051757735406113e-09,-9.155272984173735e-09
4.345346810115019,35.814,1000.0,203,4060000,9,0.021715672686696053,3.8310587406158447,0.00017819999999999945,0.024118370512407172,1.034182772839116,-0.028439224842621062,15.787891387939453,17.190105438232422,32.977999448776245,-7.629394005448376e-09,-3.051757735406113e-09
4.0830224301070945,28.209000000000003,1000.0,204,4080000,6,0.020358964800834656,3.836665153503418,0.00017759999999999947,0.021082520277137223,1.3643493724072449,-0.027519214205062998,15.725542306900024,11.108126878738403,26.83367109298706,-2.2888183792701966e-08,6.103515470812226e-09
4.049810602093044,27.329,1000.0,205,4100000,6,0.022681988775730133,3.841843605041504,0.00017699999999999945,0.025920223336095533,1.4826861328591172,-0.030881450468866718,15.773710250854492,11.141196966171265,26.91490936279297,-1.2207030941624453e-08,-2.4414061883248905e-08
4.2137371017356475,34.101,1000.0,206,4120000,4,0.021022198721766472,3.846982717514038,0.00017639999999999946,0.028721658935466896,1.78858124557585,-0.020509509758773845,15.822499513626099,7.628545045852661,23.451046228408813,4.577636492086867e-09,-2.4414061883248905e-08
4.149757934542003,35.643,1000.0,207,4140000,8,0.020024392753839493,3.8521666526794434,0.00017579999999999948,0.02414821618357108,1.6807569256082129,-0.028403876652084173,15.773858308792114,15.228615760803223,31.00247597694397,-3.433227480087453e-09,3.051757735406113e-09
3.6088674209189158,35.16199999999999,1000.0,208,4160000,7,0.023962480947375298,3.857367753982544,0.00017519999999999946,0.023151788771720385,1.7789832635700622,-0.036585253464004486,15.724816083908081,13.38982081413269,29.114639282226562,-1.678466787780053e-08,3.051757735406113e-09
3.54780925243816,37.932,1000.0,209,4180000,1,0.02141503617167473,3.8627283573150635,0.00017459999999999947,0.030637785762596053,2.9869803868162745,0.02423623266121069,15.794718027114868,1.901292324066162,17.696012020111084,1.5258788677030566e-09,1.0681151962899094e-08
3.342273169374802,35.718,1000.0,210,4200000,9,0.022287294268608093,3.8681201934814453,0.00017399999999999949,0.0244452743217439,0.9765010040238854,-0.025414754781722598,15.873225688934326,16.991753578186035,32.864981174468994,-2.2125243859250077e-08,6.103515470812226e-09
3.352628453147856,26.948,1000.0,211,4220000,5,0.02002261020243168,3.873086929321289,0.0001733999999999995,0.02457238396230978,1.122788020082937,-0.023243997937526566,15.783369302749634,9.54109811782837,25.324469327926636,3.051757735406113e-09,1.2207030941624453e-08
3.116773793426554,18.565000000000005,1000.0,212,4240000,6,0.020354123786091805,3.8772337436676025,0.00017279999999999948,0.02583118095890846,1.012581180443906,-0.02002962643361955,15.755260467529297,11.47594952583313,27.23121213912964,1.5258788677030566e-09,-1.678466787780053e-08
3.006882631190118,20.134000000000004,1000.0,213,4260000,5,0.02083962969481945,3.8807215690612793,0.0001721999999999995,0.02778454349456599,1.239286606380353,-0.025129580512619057,15.838424682617188,9.572131872177124,25.410558700561523,-6.866454960174906e-09,1.0681151962899094e-08
4.069426708779895,23.434999999999995,1000.0,214,4280000,8,0.020813463255763054,3.883786916732788,0.0001715999999999995,0.028060943297015282,1.2203401193117942,-0.03474736904755931,15.77122187614441,15.205631732940674,30.976855754852295,7.629394338515283e-10,-2.4414061883248905e-08
5.206126480038251,27.982999999999997,1000.0,215,4300000,7,0.021715816110372543,3.886709451675415,0.0001709999999999995,0.027547245272632904,1.261571561226503,-0.03141535355933504,15.718709468841553,13.312958240509033,29.03166937828064,0.0,-9.155272984173735e-09
5.221661463144988,30.169999999999998,1000.0,216,4320000,4,0.020572304725646973,3.889618158340454,0.0001703999999999995,0.02762498300352964,1.5241344573017888,-0.020458003656325725,15.649391651153564,7.654351472854614,23.30374550819397,-9.155272984173735e-09,0.0
4.208948713817205,32.17100000000001,1000.0,217,4340000,6,0.02124759927392006,3.892620801925659,0.00016979999999999952,0.02637405690010062,1.4063134094079335,-0.030226302916368547,15.790277481079102,11.452831745147705,27.24311137199402,-4.959106458812812e-09,3.051757735406113e-09
3.9172667926871005,31.167,1000.0,218,4360000,9,0.020349059253931046,3.895655870437622,0.0001691999999999995,0.022694120656025826,0.7414606489058627,-0.025538366942881037,15.759633302688599,17.179469108581543,32.939104318618774,-1.678466787780053e-08,9.155272984173735e-09
4.244289926799253,32.041999999999994,1000.0,219,4380000,7,0.02058270387351513,3.8987674713134766,0.00016859999999999952,0.025765486588656548,1.1717686059267105,-0.027771634200612523,15.751269340515137,13.313999891281128,29.065271615982056,-7.247924482811641e-09,-9.155272984173735e-09
3.7992729177261055,34.611000000000004,1000.0,220,4400000,6,0.020977336913347244,3.902085304260254,0.00016799999999999953,0.02455674642220901,1.836941774311665,-0.026338237207839156,15.727458953857422,11.42162823677063,27.149088859558105,-7.629394005448376e-09,-1.2207030941624453e-08
3.762216624269353,35.51,1000.0,221,4420000,8,0.020537681877613068,3.9056382179260254,0.00016739999999999954,0.025931097215975817,1.1290738428243623,-0.029090502370221795,15.790270328521729,15.210378408432007,31.000650644302368,-1.7738342350526182e-08,5.340575981449547e-09
3.56690759471365,30.173999999999996,1000.0,222,4440000,4,0.020090356469154358,3.9091200828552246,0.00016679999999999953,0.02455224140068165,1.5165686627832085,-0.009541979964120319,15.745948553085327,7.475560903549194,23.221511602401733,-2.1362303925798187e-08,6.103515470812226e-09
3.4864647068052497,26.485999999999997,1000.0,223,4460000,6,0.02136857993900776,3.9123411178588867,0.00016619999999999954,0.02568455927988417,0.9508727490108488,-0.01943176203576949,15.75724196434021,11.269201278686523,27.026445627212524,-3.051757735406113e-09,-2.7465819840699623e-08
3.7608002675791496,23.844,1000.0,224,4480000,6,0.02093483693897724,3.9151852130889893,0.00016559999999999953,0.028830436888499,1.0261268850903922,-0.029823102199058895,15.75930118560791,11.157166957855225,26.916470289230347,-3.051757735406113e-09,1.5258788677030566e-09
4.203583659861105,22.759999999999998,1000.0,225,4500000,8,0.02396303042769432,3.917630910873413,0.00016499999999999954,0.025875425770337256,1.0312554879000964,-0.0317403894362632,15.740890502929688,15.223756313323975,30.964648723602295,-6.103515470812226e-09,-6.103515470812226e-09
4.186383824901293,27.387999999999995,1000.0,226,4520000,7,0.02112640254199505,3.919966220855713,0.00016439999999999952,0.023857477975865578,0.8070049060909023,-0.02601567877091838,15.772561073303223,13.319307804107666,29.09187126159668,-1.5258788677030566e-09,3.051757735406113e-09
4.266144648467256,26.810000000000002,1000.0,227,4540000,5,0.022025924175977707,3.922170877456665,0.0001637999999999995,0.027986855255053067,1.3949596863966018,-0.026296671729880018,15.734374284744263,9.594750165939331,25.329126119613647,3.051757735406113e-09,-1.831054596834747e-08
4.8074527210338545,32.30800000000001,1000.0,228,4560000,4,0.02456938661634922,3.924555778503418,0.00016319999999999952,0.031235099515725916,1.5915095730901907,-0.02534127168464489,15.819422006607056,7.646152496337891,23.46557641029358,-1.5258788677030566e-09,5.340575981449547e-09
4.911086270739763,41.224000000000004,1000.0,229,4580000,6,0.02128584310412407,3.9275879859924316,0.00016259999999999953,0.029104944863540136,2.2036493837642976,-0.02962046248205522,15.844087839126587,11.472715854644775,27.316805124282837,6.103515470812226e-09,1.525878801089675e-08
4.228114552717048,40.027,1000.0,230,4600000,8,0.02288496308028698,3.9311411380767822,0.00016199999999999955,0.02184976349412181,1.2500768273402327,-0.028022309489988576,15.75955581665039,15.160329341888428,30.919886827468872,1.907348501362094e-09,0.0
3.8611957004047097,27.758999999999997,1000.0,231,4620000,8,0.02031697705388069,3.934497356414795,0.00016139999999999956,0.02618896477698042,0.9250891118313367,-0.026855658950691762,15.82222604751587,15.12015175819397,30.94238018989563,-8.392333938900265e-09,-1.1444091896350983e-08
3.7292898428389973,24.921,1000.0,232,4640000,5,0.02115464210510254,3.937520980834961,0.00016079999999999957,0.029084483267495426,1.410067203193427,-0.02145429381821007,15.722671747207642,9.5217866897583,25.244460105895996,1.3732909920349812e-08,-1.2207030941624453e-08
3.994966736649123,21.932000000000002,1000.0,233,4660000,9,0.021117232739925385,3.940080404281616,0.00016019999999999958,0.026544673336596408,0.6448822932904351,-0.024211474550827772,15.702978134155273,17.121853828430176,32.82483386993408,-1.2207030941624453e-08,-6.103515470812226e-09
3.9437406637077808,19.404000000000003,1000.0,234,4680000,6,0.024354776367545128,3.942081928253174,0.0001595999999999996,0.027116649187069793,0.7865541091424842,-0.01771100397897176,15.794808149337769,11.350618839263916,27.145429134368896,-8.77380390562621e-09,1.7166137400437265e-09
3.5230114467561413,15.562999999999999,1000.0,235,4700000,7,0.02117261290550232,3.9433677196502686,0.00015899999999999958,0.024077841216746748,0.5832832481343144,-0.018757289000083353,15.757554531097412,13.304058313369751,29.061614751815796,0.0,6.103515470812226e-09
3.058526035737643,15.233,1000.0,236,4720000,4,0.02158508636057377,3.943988561630249,0.0001583999999999996,0.024563798176559112,1.035099052654478,-0.0174499701681776,15.741710662841797,7.628077745437622,23.369790077209473,-1.0681151962899094e-08,7.629394005448376e-09
3.0563544542113386,25.133999999999997,1000.0,237,4740000,8,0.021206963807344437,3.9445559978485107,0.0001577999999999996,0.022215447503145035,1.5203915722430132,-0.01756505103716359,15.776044607162476,15.255837202072144,31.031883239746094,-3.051757735406113e-09,6.103515470812226e-09
2.6304562108184806,26.769,1000.0,238,4760000,10,0.021200720220804214,3.9451661109924316,0.0001571999999999996,0.020841448811796337,0.6405668565450005,-0.018358476803944514,15.829666137695312,19.00004482269287,34.82971262931824,1.1444091230217168e-09,-6.103515470812226e-09
3.009706409167301,19.973000000000003,1000.0,239,4780000,6,0.020786447450518608,3.945436954498291,0.0001565999999999996,0.030200564357054375,0.8158030101317313,-0.020983000111362487,15.723198890686035,11.22069239616394,26.94389295578003,9.918212917625624e-09,-1.678466787780053e-08
3.648269792111731,18.773999999999997,1000.0,240,4800000,9,0.02298230491578579,3.9453341960906982,0.0001559999999999996,0.023352801342543385,0.7641937131042975,-0.03294003984461418,15.806125402450562,17.14660096168518,32.95272874832153,3.051757735406113e-09,3.051757735406113e-09
3.7118398026240342,21.81,1000.0,241,4820000,6,0.020403267815709114,3.945063352584839,0.0001553999999999996,0.025416357644076862,1.0193523295041218,-0.028306612277778382,15.803760528564453,11.451108694076538,27.254870891571045,-1.3732909920349812e-08,-6.866454960174906e-09
3.1194215106007777,25.304,1000.0,242,4840000,4,0.020443784072995186,3.944836139678955,0.00015479999999999962,0.027124592171499904,1.83457500487566,-0.009068314079790356,15.795906782150269,7.643056631088257,23.438965559005737,-8.392333938900265e-09,1.5258788677030566e-09
3.0423066167593027,36.75599999999999,1000.0,243,4860000,8,0.02074526436626911,3.9452908039093018,0.00015419999999999963,0.025031674389962476,1.2923292671672453,-0.03230192175859544,15.80374526977539,15.2029869556427,31.006734371185303,-3.8146971692576415e-10,7.629394005448376e-09
3.132657014605139,32.219,1000.0,244,4880000,9,0.020720455795526505,3.9461069107055664,0.00015359999999999964,0.023316017525283145,1.0437256553556464,-0.025733369764272502,15.744838953018188,17.097243309020996,32.8420844078064,3.8146971692576415e-10,-3.814697002724188e-09
2.9846073992567326,26.651,1000.0,245,4900000,7,0.02164335921406746,3.9469361305236816,0.00015299999999999965,0.025152162477860354,0.894968667418268,-0.020818673515890434,15.704043626785278,13.312546968460083,29.016592502593994,-3.051757735406113e-09,8.01086397217432e-09
3.0103569792411555,21.426,1000.0,246,4920000,8,0.02053033374249935,3.9474823474884033,0.00015239999999999967,0.024043758734153174,0.6604961360843418,-0.02079450207116743,15.651085615158081,15.200843095779419,30.851930856704712,-7.629394338515283e-10,5.340575981449547e-09
2.8505635843874955,20.692,1000.0,247,4940000,4,0.021591121330857277,3.9477310180664062,0.00015179999999999968,0.026730689005896497,1.4600446402502898,-0.007696380594763131,15.741321563720703,7.625861167907715,23.36718463897705,-7.629394005448376e-09,-6.103515470812226e-09
2.9991796887118527,18.246,1000.0,248,4960000,9,0.02048817276954651,3.9475719928741455,0.0001511999999999997,0.02451803125798131,0.658517495934998,-0.027743594911720446,15.77557921409607,17.031540632247925,32.807122468948364,-8.77380390562621e-09,7.629394338515283e-10
3.4800803678038776,18.851,1000.0,249,4980000,7,0.020089197903871536,3.9470787048339844,0.0001505999999999997,0.02522833520756539,0.752047046250483,-0.03223269474949809,15.761599779129028,13.296880006790161,29.0584819316864,9.155272984173735e-09,1.2207030941624453e-08
4.198966961763592,20.308,1000.0,250,5000000,6,0.022874362766742706,3.946366310119629,0.00014999999999999972,0.029141732972587386,0.8021175309587211,-0.016748105216209994,15.78441834449768,11.471282005310059,27.255702018737793,1.1062621929625038e-08,0.0
4.072929796075183,19.942,1000.0,251,5020000,6,0.02061956748366356,3.945434808731079,0.00014939999999999973,0.02491050883800315,0.7405117770163016,-0.0223893296009245,15.773550987243652,11.497560501098633,27.271113395690918,-3.051757735406113e-09,3.051757735406113e-09
3.76456967612354,20.726000000000003,1000.0,252,5040000,6,0.021448500454425812,3.944349765777588,0.00014879999999999971,0.024282412994772004,1.2646672554766407,-0.022028407251563506,15.764723777770996,11.292199850082397,27.056925296783447,-6.103515470812226e-09,6.103515470812226e-09
3.6833985662157906,29.683000000000003,1000.0,253,5060000,5,0.020555438473820686,3.9436397552490234,0.00014819999999999973,0.025942739088552446,1.576915653064228,-0.02029454202685779,15.794873714447021,9.636479377746582,25.431354761123657,-3.051757735406113e-09,-4.577636492086867e-09
3.34154620809003,27.051,1000.0,254,5080000,8,0.022073427215218544,3.943117380142212,0.0001475999999999997,0.02118805472585804,0.7954973123086908,-0.025082315528057158,15.838497400283813,15.28320598602295,31.121704816818237,-1.1444091896350983e-08,6.103515470812226e-09
2.814095470237638,20.935000000000002,1000.0,255,5100000,7,0.020329812541604042,3.9424118995666504,0.00014699999999999972,0.023522923405089644,0.701767898174466,-0.022828152883136478,15.792614936828613,13.24902868270874,29.041645765304565,-3.051757735406113e-09,-5.340575981449547e-09
2.506600221912321,18.887999999999998,1000.0,256,5120000,7,0.020211469382047653,3.9414222240448,0.0001463999999999997,0.02424371296761788,0.9653245975768822,-0.026669189868650443,15.737704753875732,13.1207435131073,28.858450412750244,-8.392333938900265e-09,-8.392333938900265e-09
2.883830232423619,28.452000000000005,1000.0,257,5140000,5,0.02043798752129078,3.9407296180725098,0.00014579999999999972,0.02494375520942215,1.6200762961428767,-0.026266395533903718,15.755451202392578,9.589784145355225,25.345237493515015,-2.2888182460434336e-09,4.577636492086867e-09
2.9510728400680275,31.073999999999995,1000.0,258,5160000,9,0.02306261472404003,3.940457344055176,0.00014519999999999973,0.02144918327058117,0.6870503383703506,-0.023293597792315913,15.77938461303711,16.743650436401367,32.52303743362427,1.1444091896350983e-08,1.525878801089675e-08
2.78682869248867,24.323,1000.0,259,5180000,8,0.021080076694488525,3.9401724338531494,0.00014459999999999975,0.02103128947708875,0.6703194495135794,-0.02399980672374784,15.727194547653198,15.206620216369629,30.93381643295288,-2.1934509319976314e-08,1.525878801089675e-08
2.900785534838443,14.774000000000001,1000.0,260,5200000,8,0.020724626258015633,3.939319372177124,0.00014399999999999976,0.02586883582589856,0.6884921388313793,-0.02101835927452904,15.797901153564453,15.138022184371948,30.935925483703613,-9.155272984173735e-09,-3.662109193669494e-08
3.1603472088758275,15.809000000000001,1000.0,261,5220000,5,0.023145068436861038,3.9380130767822266,0.00014339999999999977,0.024702112942624588,1.008668659194209,-0.016702381190590965,15.838416337966919,9.466043949127197,25.30446219444275,1.5258788677030566e-09,3.814697002724188e-09
3.4423278924185645,18.433999999999997,1000.0,262,5240000,8,0.02058456838130951,3.936450719833374,0.00014279999999999978,0.019833637864147418,0.9504835903406524,-0.021239327130684504,15.78784990310669,15.240844011306763,31.028695821762085,-1.2207030941624453e-08,-1.2207030941624453e-08
3.1314040321370675,19.053,1000.0,263,5260000,1,0.020645001903176308,3.934692621231079,0.0001421999999999998,0.027291442901372146,1.6653195576736342,0.015368889856595581,15.738862752914429,1.9351215362548828,17.673986196517944,-3.051757735406113e-09,9.155272984173735e-09
3.17030635592588,19.528,1000.0,264,5280000,6,0.0205210093408823,3.9327852725982666,0.0001415999999999998,0.025803828090766527,1.004081712014124,-0.02044071221879869,15.784881114959717,11.48401665687561,27.26889967918396,-2.2888182460434336e-09,-1.2207030941624453e-08
3.041387622095067,20.33,1000.0,265,5300000,9,0.02340698055922985,3.9307899475097656,0.00014099999999999982,0.021570764814282314,0.8373408903138706,-0.02404791075652971,15.779079675674438,17.22533345222473,33.0044150352478,2.0599363992346298e-08,1.1444091896350983e-08
3.268913749837611,19.008,1000.0,266,5320000,7,0.022261327132582664,3.9286365509033203,0.00014039999999999983,0.028274758448990064,1.1074831084484709,-0.02482638224816551,15.79885721206665,13.358663558959961,29.157522678375244,8.392333938900265e-09,0.0
3.1955952618952255,24.163000000000004,1000.0,267,5340000,1,0.026562126353383064,3.926644802093506,0.00013979999999999985,0.025796924054194183,2.357069129380174,0.03373221361551422,15.771384954452515,1.917536973953247,17.688923358917236,-1.0299681996173149e-08,3.05175760217935e-08
3.1687582567743857,26.709000000000003,1000.0,268,5360000,8,0.02090342715382576,3.9249496459960938,0.00013919999999999986,0.022446665419682193,0.8990369315345448,-0.026934373719519535,15.765482425689697,15.104100227355957,30.869584798812866,-1.5258788677030566e-09,7.629394338515283e-10
2.6899211503431433,22.502999999999993,1000.0,269,5380000,8,0.020550930872559547,3.9232726097106934,0.00013859999999999987,0.023261081259593534,0.6664385408305893,-0.0215322399350514,15.723100185394287,14.859622478485107,30.582725048065186,0.0,4.959106458812812e-09
2.4789070357818153,18.135999999999996,1000.0,270,5400000,5,0.02088828571140766,3.921351432800293,0.00013799999999999988,0.022377037353361377,1.4524657918051027,-0.016738351435659413,15.69282078742981,9.479173183441162,25.171995878219604,-8.392333938900265e-09,3.814697002724188e-09
2.543302637327309,21.972,1000.0,271,5420000,6,0.020787926390767097,3.919437885284424,0.0001373999999999999,0.023875539789136986,1.3976819848322386,-0.022754785784295066,15.791942119598389,11.166118860244751,26.95806336402893,-3.8146971692576415e-10,-1.5258788677030566e-09
3.041760472388268,30.297000000000004,1000.0,272,5440000,5,0.023073114454746246,3.9180288314819336,0.0001367999999999999,0.02466806003960748,2.317546735689663,-0.029566554565684865,15.756595134735107,9.541050672531128,25.29764747619629,7.629394338515283e-10,-6.103515470812226e-09
3.1766304472890874,29.744,1000.0,273,5460000,11,0.020503798499703407,3.9170422554016113,0.0001361999999999999,0.02257034296914827,0.949512013923696,-0.03125717271997932,15.799850463867188,20.72672390937805,36.52657628059387,-7.629394005448376e-09,-1.3732909920349812e-08
2.897267135062473,26.77,1000.0,274,5480000,7,0.020092589780688286,3.9162588119506836,0.00013559999999999988,0.022978746658254844,0.8232299567139458,-0.021358371438098954,15.749421119689941,13.180044889450073,28.929468154907227,-4.577636492086867e-09,-1.5258788677030566e-09
2.6556042876505215,18.909,1000.0,275,5500000,8,0.024180380627512932,3.9151856899261475,0.0001349999999999999,0.023677003997625016,0.6673362296991074,-0.02145322723263583,15.74035120010376,15.253705501556396,30.99405860900879,3.051757735406113e-09,-1.678466787780053e-08
2.8219688739425735,15.913,1000.0,276,5520000,7,0.02025769278407097,3.913670301437378,0.00013439999999999988,0.02392067893402713,0.7915480900632361,-0.019058628869381113,15.794530868530273,13.366455793380737,29.1609890460968,-6.103515470812226e-09,-2.651214536797397e-08
3.218762666237488,16.220000000000002,1000.0,277,5540000,6,0.02109312079846859,3.911773204803467,0.0001337999999999999,0.027350522601070463,0.9397029151170018,-0.02153881120220763,15.738531351089478,11.477466106414795,27.215999364852905,7.629394338515283e-10,-5.340575981449547e-09
3.318775110160062,18.199,1000.0,278,5560000,5,0.0207984521985054,3.9096508026123047,0.00013319999999999988,0.024630667519764587,0.8390386569614228,-0.020443869128930398,15.687862634658813,9.552909851074219,25.240774154663086,-8.01086397217432e-09,6.103515470812226e-09
3.0285317667385705,18.445999999999998,1000.0,279,5580000,7,0.02031286433339119,3.907339096069336,0.0001325999999999999,0.02409482228479147,0.9392496706524269,-0.023968391899157202,15.747944355010986,13.383117198944092,29.13106369972229,9.155272984173735e-09,-8.392333938900265e-09
2.8081632960858864,16.451999999999998,1000.0,280,5600000,10,0.022171907126903534,3.9047348499298096,0.0001319999999999999,0.01775014394382461,0.5247029547112437,-0.01817530336501166,15.777544021606445,18.96516227722168,34.74270796775818,-1.907348590179936e-08,-6.103515470812226e-09
2.8204782286722065,16.27,1000.0,281,5620000,6,0.021630916744470596,3.9018547534942627,0.00013139999999999991,0.02736874507875028,0.7117951470442092,-0.021702783568578757,15.767396926879883,11.453105211257935,27.22050404548645,4.577636492086867e-09,-3.051757735406113e-09
2.967422986755879,15.771,1000.0,282,5640000,9,0.024218391627073288,3.8986945152282715,0.00013079999999999993,0.021860558225551437,0.47965400101320094,-0.01986260047327247,15.820789337158203,17.07913637161255,32.899927854537964,-6.103515470812226e-09,0.0
3.169556773761083,16.720999999999997,1000.0,283,5660000,6,0.020185168832540512,3.895338296890259,0.00013019999999999994,0.026795180286831272,0.6345204290744468,-0.023543081008774627,15.764081954956055,11.426093101501465,27.19017767906189,-3.814697002724188e-09,-3.051757735406113e-09
3.0051756448084523,21.576,1000.0,284,5680000,1,0.2435847520828247,3.892102003097534,0.00012959999999999995,0.029122325865486368,1.8463664935610165,0.1829863171131847,15.762977838516235,1.8257384300231934,17.58871841430664,4.959106458812812e-09,3.204345588869728e-08
2.8343461341602816,20.583000000000002,1000.0,285,5700000,12,0.020773649215698242,3.8889122009277344,0.00012899999999999994,0.022206622882050893,0.37763020896111815,-0.014551765472143175,15.801947832107544,22.804414987564087,38.60636496543884,0.0,2.6702879907247734e-09
2.662004288535847,16.835,1000.0,286,5720000,5,0.021963825449347496,3.885533571243286,0.00012839999999999995,0.023210929206813485,0.6889534412481534,-0.014640135216279724,15.869654178619385,9.545299053192139,25.414955139160156,-3.051757735406113e-09,-3.051757735406113e-09
2.506415304147122,16.333000000000002,1000.0,287,5740000,8,0.022290093824267387,3.8819527626037598,0.00012779999999999996,0.020266901939354553,0.9272527806817914,-0.027421392505235686,15.827059984207153,15.136839151382446,30.96390128135681,-7.629394005448376e-09,1.1444091896350983e-08
2.577060916683367,20.779,1000.0,288,5760000,10,0.02056850679218769,3.87846302986145,0.00012719999999999997,0.02276700566591213,0.5690052613758813,-0.020244592374946458,15.713135480880737,19.049260139465332,34.76239728927612,0.0,1.525878801089675e-08
2.96568853484749,16.153,1000.0,289,5780000,6,0.020677193999290466,3.8747687339782715,0.00012659999999999996,0.025021354723880434,0.5942001035070013,-0.016948575348344347,15.80603575706482,11.062829494476318,26.86886739730835,-8.392333938900265e-09,-8.01086397217432e-09
3.344362626502126,10.788999999999998,1000.0,290,5800000,7,0.02020631916821003,3.8705568313598633,0.00012599999999999995,0.023846858767227242,0.6262344209258821,-0.01861244735203,15.737900257110596,13.388391494750977,29.126293659210205,-7.629394005448376e-09,-1.525878801089675e-08
3.3955927761180638,12.940999999999999,1000.0,291,5820000,8,0.020333746448159218,3.8660099506378174,0.00012539999999999996,0.028134533730796732,0.4618299317221862,-0.018370446921980824,15.799798965454102,15.297245264053345,31.09704613685608,9.155272984173735e-09,0.0
3.1852635777258036,14.493,1000.0,292,5840000,8,0.02091008797287941,3.8612561225891113,0.00012479999999999994,0.02300680241400239,0.4267180166698207,-0.009308054699181629,15.8395516872406,15.353991746902466,31.1935453414917,6.103515470812226e-09,-1.1444091896350983e-08
2.816673378962249,9.718,1000.0,293,5860000,8,0.020788514986634254,3.8560173511505127,0.00012419999999999996,0.020973400906853068,0.39741250326315436,-0.01391094861947857,15.728780031204224,15.265634059906006,30.994415760040283,1.5258788677030566e-09,-9.155272984173735e-09
2.6638056846684237,11.213000000000003,1000.0,294,5880000,1,0.24576865136623383,3.8504326343536377,0.00012359999999999994,0.028017315043570898,0.5705015812152491,0.038056479987149804,15.761376142501831,1.922654390335083,17.684033155441284,-7.629394005448376e-09,-9.155272984173735e-09
2.6773398635682657,11.320000000000002,1000.0,295,5900000,10,0.021729562431573868,3.844541311264038,0.00012299999999999995,0.02248586805108875,0.3560616381061725,-0.015454227391767283,15.780702590942383,18.951110124588013,34.73181414604187,9.155272984173735e-09,-1.0681151962899094e-08
2.7193760241580245,14.564000000000002,1000.0,296,5920000,1,0.027187395840883255,3.8385748863220215,0.00012239999999999997,0.030609932124091032,1.7683583865531336,0.026668787585755888,15.785237550735474,1.9167921543121338,17.70203137397766,5.340575981449547e-09,9.155272984173735e-09
2.987549564949817,17.381000000000007,1000.0,297,5940000,7,0.02206805907189846,3.832716226577759,0.00012179999999999997,0.02695023070889921,0.5823286386629263,-0.021599275933936516,15.724155902862549,13.266709566116333,28.990867614746094,1.5258788677030566e-09,9.155272984173735e-09
3.562588147885144,18.29,1000.0,298,5960000,1,0.026570649817585945,3.8270111083984375,0.00012119999999999996,0.028212708543045834,1.1934505749624758,0.00275457921190955,15.728585243225098,1.9099435806274414,17.638530731201172,-8.392333938900265e-09,3.051757735406113e-09
3.2482212263721606,16.274,1000.0,299,5980000,7,0.02036934345960617,3.821316719055176,0.00012059999999999996,0.024043281359444165,0.7707750971379317,-0.024015638856145004,15.713257789611816,13.25594186782837,28.96920132637024,-6.484984993448961e-09,6.103515470812226e-09
3.191526032264221,17.588,1000.0,300,6000000,5,0.022881539538502693,3.815713882446289,0.00011999999999999996,0.02508165928097769,0.707730496977084,-0.019426624612591138,15.730907678604126,9.439912557601929,25.170822381973267,9.155272984173735e-09,-4.577636492086867e-09
3.180251355213805,17.759,1000.0,301,6020000,9,0.02007105201482773,3.8102035522460938,0.00011939999999999996,0.02114081606143252,0.6065492811019344,-0.020160600480454604,15.741750001907349,17.184799671173096,32.926552295684814,-9.155272984173735e-09,-1.2969969986897922e-08
3.03248798606787,14.259,1000.0,302,6040000,5,0.020298300310969353,3.804553985595703,0.00011879999999999996,0.026042117967535132,0.6765306376420652,-0.014209404113455512,15.768828392028809,9.516366720199585,25.285196781158447,-7.247924482811641e-09,7.629394338515283e-10
2.729577097330441,15.809000000000001,1000.0,303,6060000,6,0.02112032100558281,3.7988762855529785,0.00011819999999999996,0.02565665893837873,0.6768556768679644,-0.017739853892114344,15.793991804122925,11.508110523223877,27.302104234695435,3.051757735406113e-09,4.577636492086867e-09
3.4084062886489463,18.171999999999997,1000.0,304,6080000,8,0.02108617313206196,3.7933220863342285,0.00011759999999999996,0.024656436899260354,0.6154349815850251,-0.017297211304729502,15.806397199630737,15.343373775482178,31.14977264404297,-1.1825560974898508e-08,-1.2207030941624453e-08
3.604984846513721,16.835999999999995,1000.0,305,6100000,6,0.020285751670598984,3.7877936363220215,0.00011699999999999997,0.02343805639977796,0.6863521945536835,-0.019915113985812225,15.743315935134888,11.158856391906738,26.90217423439026,-1.5258788677030566e-09,9.155272984173735e-09
3.2229412294705417,12.350000000000001,1000.0,306,6120000,8,0.02104830928146839,3.78200101852417,0.00011639999999999997,0.023607976607808744,0.5549558381707714,-0.019816533255483063,15.823263883590698,15.23079228401184,31.05405855178833,3.051757735406113e-09,-1.754760781125242e-08
2.8137811774931887,13.551999999999998,1000.0,307,6140000,1,0.02311909943819046,3.776045799255371,0.00011579999999999997,0.03284994121819449,1.3556796849345247,0.01583400075011455,15.748893737792969,1.9189064502716064,17.66780185699463,-7.629394005448376e-09,3.051757735406113e-09
3.17966786951149,15.915000000000001,1000.0,308,6160000,9,0.02102178893983364,3.7700936794281006,0.00011519999999999997,0.023180830360508935,0.8503515820449068,-0.02609146449531081,15.768690586090088,17.181052446365356,32.949745178222656,7.629394005448376e-09,-9.155272984173735e-09
3.514819618369929,23.615000000000002,1000.0,309,6180000,4,0.02088310569524765,3.7646377086639404,0.00011459999999999997,0.02835671667652294,0.9109927615085349,-0.004884890474069614,15.743226051330566,7.624852895736694,23.368080377578735,-7.629394005448376e-09,1.5258788677030566e-09
3.5896131090095222,21.87,1000.0,310,6200000,8,0.021843936294317245,3.759516716003418,0.00011399999999999998,0.030653756335764504,1.1754737432343891,-0.026876358373742252,15.663969278335571,14.911171674728394,30.57514262199402,-1.4495848965623281e-08,3.051757735406113e-09
3.6964067806518783,22.824000000000005,1000.0,311,6220000,7,0.02195078693330288,3.7547590732574463,0.00011339999999999998,0.02697138779803886,0.8991235837796027,-0.027948886833214448,15.767910957336426,13.381529092788696,29.149441719055176,-1.1062621929625038e-08,0.0
3.5935422643624486,21.263,1000.0,312,6240000,9,0.021779531612992287,3.750227689743042,0.00011279999999999998,0.029938877190909235,0.5181635514954366,-0.02379220213680232,15.768579721450806,17.092628240585327,32.86120939254761,8.77380390562621e-09,3.814697002724188e-09
3.697881699590816,23.131,1000.0,313,6260000,8,0.02173605188727379,3.746021032333374,0.00011219999999999998,0.023627633934828658,0.8158543488254753,-0.027099818919231883,15.802989482879639,15.088521480560303,30.891513109207153,-1.831054596834747e-08,-3.051757735406113e-09
3.366652163425743,16.281,1000.0,314,6280000,9,0.020008450374007225,3.7416629791259766,0.00011159999999999998,0.022704896802081997,0.4714647785522094,-0.014796885447133628,15.749687194824219,17.182710886001587,32.93240022659302,5.340575981449547e-09,-3.051757735406113e-09
2.8814170103243653,14.220000000000002,1000.0,315,6300000,1,0.022141240537166595,3.7370336055755615,0.00011099999999999997,0.0323211641226428,1.6279574246071398,0.01800573854067455,15.829791784286499,1.8894426822662354,17.719236373901367,3.8146971692576415e-10,1.2207030941624453e-08
3.030223884482325,12.89,1000.0,316,6320000,10,0.022644484415650368,3.732072114944458,0.00011039999999999999,0.02302713054753007,0.4507432569663365,-0.015992829357735074,15.833173513412476,19.17456603050232,35.00774121284485,-4.577636492086867e-09,-3.051757735406113e-09
3.307778838466349,12.35,1000.0,317,6340000,8,0.022242607548832893,3.7267746925354004,0.00010979999999999999,0.02476911480127932,0.4382166988528765,-0.01886059876535826,15.793590307235718,15.325214862823486,31.118807315826416,-3.6239622414058204e-09,1.5258788677030566e-09
3.377785446277449,8.577,1000.0,318,6360000,7,0.02008252590894699,3.7209270000457764,0.00010919999999999998,0.02944470487623414,0.41792836864889077,-0.01467341737246157,15.772780656814575,13.061994791030884,28.83477759361267,-1.5258788677030566e-09,-6.103515470812226e-09
3.4512503359412188,10.898,1000.0,319,6380000,6,0.022282445803284645,3.714733123779297,0.00010859999999999998,0.028448446605679866,0.5900512336335751,-0.02031837564251357,15.814176797866821,11.313013553619385,27.12719225883484,-4.577636492086867e-09,1.831054596834747e-08
3.50804814782867,13.247,1000.0,320,6400000,10,0.02078556828200817,3.708379030227661,0.00010799999999999998,0.025651802147884435,0.30306477623816114,-0.013758897056100896,15.856564283370972,18.99216866493225,34.848734855651855,0.0,-3.051757735406113e-09
3.472603907706489,14.151000000000002,1000.0,321,6420000,2,0.020025212317705154,3.7019383907318115,0.00010739999999999998,0.032617327974389154,0.8613673465701338,0.004316941934664505,15.82536005973816,3.82497239112854,19.65033459663391,0.0,3.814697002724188e-09
3.965039027605195,12.863999999999999,1000.0,322,6440000,8,0.020593587309122086,3.6953341960906982,0.00010679999999999998,0.026589788204526153,0.47169468540567366,-0.020972280145679322,15.776115655899048,15.297755002975464,31.073872804641724,7.629394005448376e-09,6.103515470812226e-09
4.153577660208738,14.588000000000003,1000.0,323,6460000,1,0.04116711765527725,3.688694477081299,0.00010619999999999998,0.028272926587218673,1.3753910649317902,0.011489926066737587,15.773107290267944,1.890972375869751,17.664081811904907,3.433227480087453e-09,1.2207030941624453e-08
3.3554247335260596,16.455000000000002,1000.0,324,6480000,7,0.02190476842224598,3.6821446418762207,0.00010559999999999998,0.022445407962160453,1.2884752119528764,-0.0250234515183031,15.629615068435669,13.085665225982666,28.715282440185547,-1.5258788677030566e-09,0.0
2.7492092584556858,18.188000000000002,1000.0,325,6500000,10,0.02132214978337288,3.6757891178131104,0.00010499999999999998,0.021101668332450498,0.4078006842932381,-0.016943410454918973,15.656091928482056,19.048311710357666,34.704405546188354,-1.5258788677030566e-09,-1.2207030941624453e-08
2.793794743305492,15.117,1000.0,326,6520000,5,0.021334446966648102,3.669404983520508,0.00010439999999999998,0.02516119944842193,0.6345268971432512,-0.013196351252401027,15.784159421920776,9.56161093711853,25.345772743225098,-1.4495848965623281e-08,9.155272984173735e-09
3.0058556406391337,12.913999999999998,1000.0,327,6540000,1,0.023332560434937477,3.6628482341766357,0.00010379999999999998,0.02810756756236759,1.4219593792296827,0.018745913479727108,15.814844608306885,1.916520118713379,17.731366395950317,-3.051757735406113e-09,-3.8146971692576415e-10
2.691447070184591,13.423000000000002,1000.0,328,6560000,9,0.0200135949999094,3.656168222427368,0.00010319999999999997,0.022352116848621484,0.3538080063173438,-0.01434639025675275,15.760493755340576,17.229076623916626,32.989572048187256,-4.959106458812812e-09,-1.0681151962899094e-08
3.02845656723382,13.734999999999996,1000.0,329,6580000,6,0.021435022354125977,3.6493964195251465,0.00010259999999999997,0.026111047640065953,0.5311673403230592,-0.015835584080316864,15.773937225341797,11.484150648117065,27.258089542388916,3.051757735406113e-09,2.2888182460434336e-09
3.4216540347177826,10.818000000000001,1000.0,330,6600000,1,0.022475041449069977,3.6423466205596924,0.00010199999999999999,0.03189117018692791,0.9668859602353824,0.013932591274428292,15.795895338058472,1.937988042831421,17.733885049819946,-7.629394005448376e-09,-7.629394338515283e-10
3.800463492945957,14.186999999999998,1000.0,331,6620000,7,0.020276052877306938,3.6352691650390625,0.00010139999999999998,0.02289224948499408,0.9628581984749889,-0.0175316942365188,15.73654580116272,13.447484016418457,29.18403172492981,1.5258788677030566e-09,3.280639404579233e-08
3.492685327644115,31.242,1000.0,332,6640000,11,0.020106041803956032,3.629305839538574,0.00010079999999999998,0.022519464843676267,0.5067647704976331,-0.02413838228504026,15.845637798309326,20.486923694610596,36.332563161849976,6.103515470812226e-09,6.103515470812226e-09
3.185387477108663,32.647999999999996,1000.0,333,6660000,6,0.020092269405722618,3.6244418621063232,0.00010019999999999998,0.024353411137914886,0.9796729305634102,-0.021995679766963275,15.854835510253906,11.476131439208984,27.33096933364868,0.0,-3.051757735406113e-09
3.401239133311349,25.380000000000003,1000.0,334,6680000,9,0.02024214342236519,3.620081901550293,9.959999999999998e-05,0.025411060436327574,0.8247051994809877,-0.024418672670722324,15.784065961837769,17.18706512451172,32.9711332321167,-1.0681151962899094e-08,-3.6239622414058204e-09
4.000796196694997,21.875,1000.0,335,6700000,7,0.020012805238366127,3.615941047668457,9.899999999999998e-05,0.02662354956382298,0.7586750535592811,-0.02619676116984873,15.732581853866577,13.360352039337158,29.092936038970947,-3.814697002724188e-09,-1.1444091896350983e-08
3.922111102848927,23.046,1000.0,336,6720000,3,0.020447663962841034,3.6120762825012207,9.839999999999998e-05,0.02729660992166454,1.423140660039406,0.004249225135523671,15.723701000213623,5.72850775718689,21.452210664749146,-9.155272984173735e-09,-6.103515470812226e-09
3.593679480952261,23.735000000000003,1000.0,337,6740000,8,0.022112028673291206,3.608506441116333,9.779999999999998e-05,0.023051395130822785,0.8406149793309144,-0.022084334238131824,15.777655363082886,15.249893188476562,31.02755069732666,-6.866454960174906e-09,1.831054596834747e-08
3.2476487073534464,18.749999999999996,1000.0,338,6760000,7,0.02008473500609398,3.604865789413452,9.719999999999998e-05,0.02434065809030475,0.5467443495227126,-0.01620556582539036,15.758587837219238,13.32621455192566,29.08480453491211,-1.2969969986897922e-08,-6.103515470812226e-09
3.4434361503384054,18.988999999999997,1000.0,339,6780000,9,0.024146495386958122,3.6011767387390137,9.659999999999998e-05,0.02830521191411146,1.002767072027145,-0.017299298431101444,15.704052448272705,17.170087575912476,32.87414288520813,-1.0681151962899094e-08,1.0681151962899094e-08
3.1098623996906873,25.028,1000.0,340,6800000,11,0.020396258682012558,3.5978527069091797,9.599999999999998e-05,0.026358729798856374,0.6969623458167339,-0.017497256544810585,15.780308485031128,20.954206705093384,36.734517097473145,-8.392333938900265e-09,1.602172794434864e-08
3.1113876114936145,29.285000000000004,1000.0,341,6820000,12,0.02257894165813923,3.595146894454956,9.539999999999997e-05,0.024092811289718484,0.3720614671889649,-0.01743760551100337,15.79548716545105,22.89208173751831,38.687570333480835,-1.2207030941624453e-08,-6.866454960174906e-09
2.696957552547333,19.909,1000.0,342,6840000,5,0.020352007821202278,3.5923612117767334,9.479999999999997e-05,0.028526814466419692,1.0136084520588287,-0.0216658198539489,15.79784345626831,9.53712511062622,25.334970712661743,2.2888182460434336e-09,0.0
2.9048707618381813,18.779000000000003,1000.0,343,6860000,8,0.021311581134796143,3.589425802230835,9.419999999999997e-05,0.024294677714909466,0.9649286199622927,-0.021966452262150094,15.83764386177063,15.337762355804443,31.175407886505127,0.0,3.2424924967244806e-09
3.165580830234685,23.235,1000.0,344,6880000,10,0.021531209349632263,3.5866587162017822,9.359999999999997e-05,0.026015504316602368,0.7957965636500917,-0.030877823908381855,15.811768770217896,19.16427183151245,34.97604298591614,0.0,0.0
3.2973525042340706,21.304,1000.0,345,6900000,9,0.02040926367044449,3.583911418914795,9.299999999999997e-05,0.02272332680302867,0.5675990099459622,-0.02528350551956177,15.831100463867188,17.183807611465454,33.01491045951843,-3.051757735406113e-09,-3.051757735406113e-09
2.798023132726026,21.815,1000.0,346,6920000,6,0.021751340478658676,3.581216335296631,9.239999999999997e-05,0.023840889953080806,0.9100080960538314,-0.01867211155922681,15.790020227432251,11.373574018478394,27.163596391677856,-3.051757735406113e-09,6.103515470812226e-09
2.9508918438454645,21.050000000000004,1000.0,347,6940000,8,0.020105617120862007,3.5785157680511475,9.179999999999997e-05,0.02622533716728536,0.9736036061526487,-0.02825004825652681,15.85481572151184,15.291441440582275,31.146259546279907,-6.866454960174906e-09,7.629394005448376e-09
3.373646841258272,22.392000000000003,1000.0,348,6960000,9,0.021776191890239716,3.575901746749878,9.119999999999997e-05,0.0275713755548487,0.5521829922517902,-0.02708936809011023,15.742966175079346,16.799574613571167,32.542542695999146,-1.5258788677030566e-09,-9.155272984173735e-09
3.6605697854664534,19.740000000000002,1000.0,349,6980000,8,0.020999934524297714,3.573183059692383,9.059999999999997e-05,0.02679246759857423,0.6550334662960741,-0.02036840840430258,15.782081127166748,15.034928321838379,30.81701135635376,-6.103515470812226e-09,6.103515470812226e-09
3.646582388461062,15.573999999999998,1000.0,350,7000000,7,0.02038743533194065,3.570082187652588,8.999999999999997e-05,0.025561767477679884,0.5607954404061377,-0.01794500526555974,15.741604566574097,13.322204828262329,29.063811540603638,-2.2888182460434336e-09,-3.051757735406113e-09
3.513830445004724,16.653,1000.0,351,7020000,7,0.02152293547987938,3.5667099952697754,8.939999999999996e-05,0.028107302019815504,0.7495562714944959,-0.027973548581867062,15.716330766677856,13.376070976257324,29.092403888702393,7.629394338515283e-10,9.155272984173735e-09
3.425636359135891,19.706,1000.0,352,7040000,8,0.02013394795358181,3.5633037090301514,8.879999999999996e-05,0.02355808732263482,0.8175439958017283,-0.022897601727182016,15.76493501663208,15.313206911087036,31.078144073486328,7.629394338515283e-10,0.0
2.9992398654148653,21.848000000000003,1000.0,353,7060000,7,0.022601688280701637,3.560014486312866,8.819999999999996e-05,0.020184043263536185,1.355120434221314,-0.014042098329341722,15.795312643051147,13.364603996276855,29.159918308258057,-1.831054596834747e-08,6.103515470812226e-09
2.578402133327338,18.591,1000.0,354,7080000,9,0.02159171923995018,3.5566041469573975,8.759999999999996e-05,0.026040320061834876,0.9218296211981206,-0.027367988988138234,15.837460041046143,17.27007222175598,33.107534646987915,-1.3732909920349812e-08,3.051757735406113e-09
2.7394999593103746,20.759999999999998,1000.0,355,7100000,12,0.02008918672800064,3.5532350540161133,8.699999999999996e-05,0.023548362742419154,0.4646544593393295,-0.017591207781761955,15.759917736053467,22.810084342956543,38.5700044631958,-7.629394005448376e-09,-1.5258788677030566e-09
2.944938012496179,19.42,1000.0,356,7120000,9,0.020045818760991096,3.549808979034424,8.639999999999996e-05,0.024874720208010945,0.44648028595950273,-0.027553293802588648,15.738442659378052,17.16762638092041,32.906070947647095,1.602172794434864e-08,3.051757735406113e-09
2.94406377340376,22.686999999999998,1000.0,357,7140000,8,0.0269023347645998,3.5465590953826904,8.579999999999996e-05,0.025083225506459014,1.264305105962502,-0.03854337552139839,15.85456132888794,15.127681255340576,30.982244729995728,4.577636492086867e-09,6.866454960174906e-09
2.955238710606372,22.758,1000.0,358,7160000,10,0.02104395441710949,3.5434725284576416,8.519999999999996e-05,0.025543425165819,0.48168461449896566,-0.025217641861484456,15.770108938217163,18.97171425819397,34.741825342178345,-7.629394005448376e-09,-6.103515470812226e-09
2.9467900750221228,18.850000000000005,1000.0,359,7180000,8,0.020015422254800797,3.540259599685669,8.459999999999996e-05,0.024257525464686486,0.5091496165068196,-0.02355146335330777,15.705768346786499,15.253377676010132,30.959148406982422,-9.918212917625624e-09,-7.629394005448376e-09
2.9621344090253134,15.132,1000.0,360,7200000,7,0.02017601951956749,3.5366714000701904,8.399999999999995e-05,0.025186788259284075,0.9068088945135685,-0.028755160117677456,15.696816682815552,13.193777322769165,28.89059567451477,-4.577636492086867e-09,9.155272984173735e-09
3.100816430124142,16.238999999999997,1000.0,361,7220000,9,0.020590201020240784,3.5328216552734375,8.339999999999995e-05,0.02249983454537722,0.5378621522156025,-0.020189521188081042,15.6895272731781,16.84158968925476,32.531118869781494,9.155272984173735e-09,0.0
2.8810539089738727,17.157000000000004,1000.0,362,7240000,9,0.020289549604058266,3.528799533843994,8.279999999999995e-05,0.02313122684932798,0.4513160412642479,-0.021418096256807028,15.735914707183838,17.18463397026062,32.92055058479309,2.2888182460434336e-09,-7.629394005448376e-09
2.750410016722774,18.217999999999996,1000.0,363,7260000,1,0.02296035923063755,3.524696111679077,8.219999999999995e-05,0.030573020085168722,2.564217290367943,0.05319421289685054,15.747933864593506,1.9196176528930664,17.667553663253784,-1.2207030941624453e-08,-2.1362303925798187e-08
3.1240100071171666,27.639999999999997,1000.0,364,7280000,5,0.020461780950427055,3.5211832523345947,8.159999999999995e-05,0.025088485197042123,1.0765173873581444,-0.01647257343910563,15.822490453720093,9.594966888427734,25.41745948791504,-6.103515470812226e-09,3.051757735406113e-09
3.456642914237608,36.456,1000.0,365,7300000,10,0.020105769857764244,3.518826484680176,8.099999999999995e-05,0.027734627393178474,0.6413540228201559,-0.03871207612361342,15.712302923202515,18.98326301574707,34.695568323135376,-1.525878801089675e-08,-3.051757735406113e-09
3.519476702856875,30.957,1000.0,366,7320000,9,0.020545898005366325,3.5171236991882324,8.039999999999995e-05,0.03016337165182518,0.7881037818441842,-0.03217450917503715,15.761893033981323,17.100576162338257,32.86247110366821,8.392333938900265e-09,-3.051757735406113e-09
3.46797796129716,23.787,1000.0,367,7340000,9,0.02017785795032978,3.515502691268921,7.979999999999995e-05,0.025821029582848713,0.42994114473583767,-0.01706249284302438,15.776094913482666,16.837991952896118,32.614089012145996,3.051757735406113e-09,2.4414061883248905e-08
3.369189151559012,12.558000000000002,1000.0,368,7360000,11,0.02142784558236599,3.513157844543457,7.919999999999995e-05,0.02263041976525527,0.30367592306909885,-0.014340309972593232,15.758952617645264,21.00053095817566,36.759485483169556,6.103515470812226e-09,1.2207030941624453e-08
2.5195982263097902,14.181999999999999,1000.0,369,7380000,1,0.026668347418308258,3.510274887084961,7.859999999999995e-05,0.029096581505986447,3.0484827463619246,0.03820012458644736,15.802231311798096,1.9364356994628906,17.738669395446777,9.155272984173735e-09,3.051757735406113e-09
2.2009743300460265,20.689999999999998,1000.0,370,7400000,10,0.020353350788354874,3.507369041442871,7.799999999999994e-05,0.02354806551602654,0.4491177002271524,-0.021173909873948595,15.825878381729126,18.936372756958008,34.762253284454346,1.506805347162299e-08,-6.103515470812226e-09
2.342425281508311,26.787000000000006,1000.0,371,7420000,9,0.02120448462665081,3.5048770904541016,7.739999999999994e-05,0.021681485910538582,0.8684800497798747,-0.03377212423673855,15.793225526809692,16.833353519439697,32.62658143043518,2.8610229740877458e-09,1.0681151962899094e-08
2.3985712150816987,24.692999999999994,1000.0,372,7440000,10,0.02227824740111828,3.5026087760925293,7.679999999999994e-05,0.02157420682759521,0.6651013407225426,-0.032724433470243654,15.748752117156982,18.73395013809204,34.482704639434814,-7.629394005448376e-09,-3.051757735406113e-09
2.6558627164859354,25.225,1000.0,373,7460000,7,0.02125576138496399,3.500580072402954,7.619999999999994e-05,0.02465503778017884,0.8309047148957855,-0.026195499688958207,15.785054445266724,13.300231456756592,29.08528780937195,0.0,3.051757735406113e-09
2.781624246448653,21.428000000000004,1000.0,374,7480000,8,0.020068185403943062,3.498495101928711,7.559999999999994e-05,0.02450531310574434,0.5900585648779291,-0.02827631267785919,15.848906993865967,15.20655870437622,31.05546760559082,-6.103515470812226e-09,-6.103515470812226e-09
3.1242090330009264,23.544999999999995,1000.0,375,7500000,4,0.02023938111960888,3.496511220932007,7.499999999999994e-05,0.026566669889413322,1.5421028235040533,-0.011175200553646627,15.82749056816101,7.670767068862915,23.49825954437256,7.629394338515283e-10,-4.577636492086867e-09
3.597058076883979,20.127000000000002,1000.0,376,7520000,10,0.020268969237804413,3.4943723678588867,7.439999999999994e-05,0.024972879988090776,0.5525815279815144,-0.02172069863606685,15.72626519203186,19.088745832443237,34.81501317024231,4.76837147544984e-09,-9.155272984173735e-09
3.516856686627173,15.455000000000002,1000.0,377,7540000,12,0.022060200572013855,3.4917569160461426,7.379999999999994e-05,0.02603346534882681,0.3834438609024778,-0.024161971233318005,15.793666362762451,22.99479579925537,38.788464307785034,6.103515470812226e-09,3.051757735406113e-09
3.2355468260927167,16.657,1000.0,378,7560000,6,0.020007876679301262,3.488797426223755,7.319999999999994e-05,0.02853730460876823,0.963527034662656,-0.020934691283697137,15.810044050216675,11.285729169845581,27.095775842666626,-7.629394338515283e-10,-4.577636492086867e-09
3.063329116584401,17.340999999999998,1000.0,379,7580000,11,0.02096978761255741,3.4855761528015137,7.259999999999994e-05,0.02530414668852347,0.5738812591139397,-0.02382158458943206,15.73662519454956,21.04113483428955,36.7777624130249,-3.051757735406113e-09,-6.103515470812226e-09
3.4391682031050808,17.762,1000.0,380,7600000,8,0.020653890445828438,3.4821486473083496,7.199999999999993e-05,0.03095829985089624,0.7737180270409336,-0.03011792804990053,15.746899127960205,15.158697366714478,30.905597925186157,-5.340575981449547e-09,-1.3732909920349812e-08
3.809608137972692,17.886000000000003,1000.0,381,7620000,10,0.020945154130458832,3.478543519973755,7.139999999999993e-05,0.023920103872772127,0.42787969906013995,-0.019072601622857226,15.738674879074097,19.031816482543945,34.770493507385254,-1.3732909920349812e-08,-6.103515470812226e-09
3.644198353714723,16.031,1000.0,382,7640000,8,0.023421304300427437,3.474642753601074,7.079999999999993e-05,0.025610230274694844,0.6981091305565911,-0.01771858064182543,15.715217590332031,14.573333501815796,30.28855323791504,9.918212917625624e-09,-1.2207030941624453e-08
3.8570490329905818,11.398,1000.0,383,7660000,9,0.020312048494815826,3.4701380729675293,7.019999999999993e-05,0.028730756514909042,0.5463727963099803,-0.01982850285381195,15.775425434112549,17.12309241294861,32.89851999282837,-1.0681151962899094e-08,-3.051757735406113e-09
4.501615904588238,14.202000000000002,1000.0,384,7680000,7,0.020252158865332603,3.465291738510132,6.959999999999993e-05,0.030497336144665776,0.7905319488549113,-0.02087280020969595,15.763675212860107,13.213632583618164,28.977309226989746,-7.629394338515283e-10,3.051757735406113e-09
4.147418275854966,15.998999999999999,1000.0,385,7700000,11,0.020106002688407898,3.4602670669555664,6.899999999999993e-05,0.02591752917095997,0.48871122275955486,-0.027266585057362753,15.728588104248047,20.613253116607666,36.341843128204346,1.5258788677030566e-09,-1.525878801089675e-08
3.063325986210745,16.060000000000002,1000.0,386,7720000,10,0.022977957502007484,3.455085039138794,6.839999999999993e-05,0.0225593335429629,0.3200134391744678,-0.016132870351615997,15.719541311264038,19.063475131988525,34.78301811218262,-7.247924482811641e-09,-9.918212917625624e-09
2.84472751328948,15.962,1000.0,387,7740000,9,0.021516164764761925,3.4497532844543457,6.779999999999993e-05,0.02719365822446867,0.6269230718281745,-0.02894761817586662,15.71435809135437,17.23146414756775,32.94582414627075,-7.629394005448376e-09,-3.051757735406113e-09
3.1789191197332984,22.112000000000002,1000.0,388,7760000,10,0.021878737956285477,3.444735527038574,6.719999999999993e-05,0.026380287376515116,1.2266418087501496,-0.0375042695888339,15.765219449996948,19.1169753074646,34.88219618797302,3.051757735406113e-09,7.629394005448376e-09
3.4392154399824286,24.224,1000.0,389,7780000,11,0.020397955551743507,3.4401557445526123,6.659999999999992e-05,0.024274953681301524,0.48673889775401524,-0.02460096212200801,15.81424331665039,21.060236930847168,36.87448239326477,-1.525878801089675e-08,-2.4414061883248905e-08
3.3276151986153506,18.352,1000.0,390,7800000,9,0.020719317719340324,3.4355390071868896,6.599999999999992e-05,0.026009834868410905,0.5661619207327527,-0.026558466092344503,15.822171926498413,17.243536472320557,33.06571054458618,-1.5258788677030566e-09,-3.05175760217935e-08
3.03505184734814,14.841,1000.0,391,7820000,11,0.02015550807118416,3.4306302070617676,6.539999999999992e-05,0.025266163434693713,0.43642776923196247,-0.026229543140200796,15.738680124282837,20.836495637893677,36.57517766952515,3.814697002724188e-09,-6.103515470812226e-09
2.8062243473938855,18.310000000000006,1000.0,392,7840000,9,0.020180601626634598,3.4257125854492188,6.479999999999992e-05,0.023855760989774828,0.7782269123496001,-0.02555616204830182,15.758898258209229,16.83853006362915,32.59743022918701,4.577636492086867e-09,6.103515470812226e-09
2.846684386015009,17.775,1000.0,393,7860000,12,0.02097303792834282,3.4207468032836914,6.419999999999992e-05,0.02525782110630728,0.78480149966618,-0.025594234461097702,15.656551599502563,22.659592628479004,38.31614637374878,1.2207030941624453e-08,7.629394005448376e-09
3.363575842082503,19.589000000000002,1000.0,394,7880000,8,0.020223217085003853,3.4158709049224854,6.359999999999992e-05,0.023704449940746584,0.5235729560958216,-0.020034244859787508,15.804193258285522,15.226608276367188,31.030803442001343,3.051757735406113e-09,0.0
3.7265116393939435,16.511000000000003,1000.0,395,7900000,8,0.020665938034653664,3.4108474254608154,6.299999999999992e-05,0.027284480577792983,0.6326798581705687,-0.02674832782141281,15.723374128341675,15.257071495056152,30.98044776916504,0.0,7.629394005448376e-09
3.6835247029057365,21.93,1000.0,396,7920000,9,0.020542874932289124,3.4060919284820557,6.239999999999992e-05,0.02421478950211902,1.3406177452895334,-0.022294911834978975,15.74432110786438,17.118484020233154,32.86280703544617,1.907348501362094e-09,-6.103515470812226e-09
3.5114471828477276,21.878000000000004,1000.0,397,7940000,11,0.02049737609922886,3.401573657989502,6.179999999999992e-05,0.025371165474108007,0.8372870498000623,-0.032838267689820184,15.806349039077759,21.06344699859619,36.86979818344116,-1.5258788677030566e-09,3.051757735406113e-09
3.1628032365782337,18.082999999999995,1000.0,398,7960000,13,0.020418666303157806,3.396986722946167,6.119999999999992e-05,0.02019960870776343,0.39342338204178773,-0.021871430690073686,15.787838220596313,24.763760089874268,40.551600217819214,-3.051757735406113e-09,0.0
3.1690356743813646,11.760000000000002,1000.0,399,7980000,12,0.02093510702252388,3.391866683959961,6.059999999999992e-05,0.02647228340699642,0.376935661688082,-0.02273563684583706,15.776127815246582,22.967853307724,38.743982791900635,-3.8146971692576415e-10,1.5258788677030566e-09
3.4078941966887584,7.662999999999999,1000.0,400,8000000,7,0.02287973277270794,3.3859596252441406,5.999999999999992e-05,0.02669298191716795,0.6033006344264308,-0.008492126364417337,15.77123498916626,13.305741310119629,29.07697868347168,-1.5258788677030566e-09,0.0
3.7795423221757347,8.019,1000.0,401,8020000,10,0.020908400416374207,3.379368305206299,5.939999999999992e-05,0.025982976237091775,0.3575829656122211,-0.019724460732423888,15.796825885772705,19.07907724380493,34.87590551376343,5.912780487449254e-09,1.444816533080484e-08
3.8797372753674564,11.725999999999997,1000.0,402,8040000,11,0.020736724138259888,3.3724353313446045,5.8799999999999925e-05,0.02728403479076171,0.42020175576365826,-0.023033149540694846,15.849007606506348,20.889718770980835,36.738728046417236,-5.7220459481754915e-09,3.051757735406113e-09
3.9042539251547126,11.857,1000.0,403,8060000,10,0.020299578085541725,3.3652029037475586,5.8199999999999924e-05,0.02791222049036441,0.33618427888749125,-0.022538372461264507,15.75804328918457,19.07964038848877,34.83768630027771,5.340575981449547e-09,-1.5258788677030566e-09
3.814177675446404,14.100999999999999,1000.0,404,8080000,10,0.020759623497724533,3.3578672409057617,5.759999999999993e-05,0.024538601982517363,0.4886524005724599,-0.019059176678016498,15.762548685073853,18.767810821533203,34.53036165237427,-3.051757735406113e-09,6.103515470812226e-09
3.5737707129937477,16.379000000000005,1000.0,405,8100000,10,0.02002541720867157,3.3506081104278564,5.6999999999999935e-05,0.024314924004002692,0.4695849016451607,-0.02906735166937065,15.705768585205078,19.042083263397217,34.74785351753235,-1.5258788677030566e-09,-3.051757735406113e-09
3.404536679297576,17.33,1000.0,406,8120000,12,0.020687155425548553,3.3434884548187256,5.6399999999999934e-05,0.024425958931402435,0.3712689790585107,-0.02374558132431937,15.80356740951538,22.742554664611816,38.54612398147583,-6.103515470812226e-09,-3.814697002724188e-09
3.2716675580124117,17.223000000000003,1000.0,407,8140000,7,0.020915145054459572,3.3364858627319336,5.579999999999994e-05,0.025695090639072975,1.0118086056274564,-0.02780184755335587,15.729002714157104,13.248374462127686,28.977379322052002,-3.051757735406113e-09,9.155272984173735e-09
3.6663552522278464,16.258000000000003,1000.0,408,8160000,12,0.020204797387123108,3.329514980316162,5.519999999999994e-05,0.02099437196937383,0.5419695238375499,-0.023308485112484262,15.766488075256348,22.961780071258545,38.728270530700684,5.340575981449547e-09,1.5258788677030566e-09
3.5295754127180623,17.485000000000003,1000.0,409,8180000,7,0.021229419857263565,3.322664499282837,5.459999999999994e-05,0.025607536509054972,1.117168329951971,-0.026925386333033027,15.752133131027222,13.3467378616333,29.098873615264893,4.1961669694501325e-09,-9.155272984173735e-09
3.5257455193270295,18.711000000000002,1000.0,410,8200000,11,0.020724840462207794,3.316014289855957,5.3999999999999944e-05,0.028227666594713468,0.5678650629821642,-0.027191392502431265,15.753834962844849,20.744137048721313,36.497973918914795,6.103515470812226e-09,0.0
3.5839674832399266,20.018000000000004,1000.0,411,8220000,12,0.02133115567266941,3.309643030166626,5.339999999999995e-05,0.021021810478279893,0.49080485569688076,-0.03155327665582855,15.750983476638794,22.985246419906616,38.73623180389404,-3.051757735406113e-09,1.5258788677030566e-09
3.2396648285079435,20.497,1000.0,412,8240000,9,0.021382149308919907,3.303558826446533,5.279999999999995e-05,0.026864715657776494,0.7310233243262044,-0.025274786494148615,15.761022329330444,17.150718450546265,32.91174244880676,-1.5258788677030566e-09,-6.103515470812226e-09
3.147626407848262,17.487,1000.0,413,8260000,12,0.02127181924879551,3.297504425048828,5.219999999999995e-05,0.024927710314133503,0.5199346406716572,-0.030132551911223535,15.707802295684814,22.655858993530273,38.36366319656372,-1.1444091896350983e-08,1.5258788677030566e-09
3.2487308626824385,14.445999999999994,1000.0,414,8280000,10,0.02045230008661747,3.2912447452545166,5.1599999999999946e-05,0.025273647651183433,0.28989761424616883,-0.014698150031679211,15.696900129318237,18.967422246932983,34.66432428359985,9.155272984173735e-09,-2.2888182460434336e-09
3.213452002099148,17.281999999999996,1000.0,415,8300000,9,0.020255975425243378,3.285015106201172,5.0999999999999945e-05,0.024444680683775005,0.6658824593050919,-0.03891772337265797,15.749459981918335,16.97956395149231,32.729026317596436,6.866454960174906e-09,-1.5258788677030566e-09
3.34625347527867,18.148999999999994,1000.0,416,8320000,14,0.021518679335713387,3.2788774967193604,5.039999999999995e-05,0.024375125365599562,0.2643051724396357,-0.017721099799094253,15.784014701843262,26.16133213043213,41.945348501205444,-9.918212917625624e-09,9.918212917625624e-09
3.418712016887208,17.148999999999997,1000.0,417,8340000,14,0.021865999326109886,3.2727458477020264,4.979999999999996e-05,0.023294211606933325,0.481476112526881,-0.02428044476097901,15.740440368652344,26.56281280517578,42.303255558013916,6.103515470812226e-09,6.103515470812226e-09
2.6893944850130787,14.751,1000.0,418,8360000,12,0.020482519641518593,3.2664356231689453,4.9199999999999956e-05,0.022794896900887908,2.15427202361619,-0.027222708953917422,15.834805965423584,22.575100898742676,38.40990900993347,6.103515470812226e-09,-6.103515470812226e-09
3.051667704972627,20.776999999999994,1000.0,419,8380000,13,0.02123355306684971,3.2604246139526367,4.8599999999999955e-05,0.025868648402237224,0.5422956566496837,-0.025272381482460474,15.804340124130249,24.775750160217285,40.58009219169617,-4.577636492086867e-09,-1.0681151962899094e-08
3.094009748875898,29.736999999999995,1000.0,420,8400000,10,0.02316794916987419,3.2553703784942627,4.7999999999999954e-05,0.02417034112666838,0.9257344978162275,-0.04321983107856621,15.763749837875366,19.113240718841553,34.876991987228394,5.054473728449693e-09,2.1362303925798187e-08
3.058791174217107,35.293000000000006,1000.0,421,8420000,11,0.020552581176161766,3.2516062259674072,4.739999999999996e-05,0.02389749122127315,1.7143766740502018,-0.04474296074738224,15.748136281967163,20.925652980804443,36.67379140853882,3.051757735406113e-09,1.2207030941624453e-08
2.7769482993875494,33.665,1000.0,422,8440000,13,0.020954271778464317,3.248880386352539,4.6799999999999965e-05,0.023223337302390467,0.5087041440746011,-0.022602610874959534,15.754195213317871,24.761006355285645,40.51520347595215,-7.629394005448376e-09,-1.2207030941624453e-08
3.0373308701762065,21.709999999999994,1000.0,423,8460000,12,0.020093606784939766,3.2461700439453125,4.619999999999997e-05,0.023919913159034693,0.8604707569875719,-0.03768470876996978,15.773772716522217,22.86603856086731,38.63981342315674,-1.5258788677030566e-09,-1.2207030941624453e-08
3.636411085930507,21.657999999999998,1000.0,424,8480000,11,0.020147567614912987,3.243469476699829,4.559999999999997e-05,0.02167837194164643,1.0650179753322917,-0.03580268581497645,15.749516010284424,20.904327630996704,36.65384602546692,3.051757735406113e-09,-9.155272984173735e-09
4.039676302877756,23.127000000000002,1000.0,425,8500000,15,0.022400708869099617,3.2408905029296875,4.499999999999997e-05,0.024286587989796847,0.4754216744591253,-0.02213762338313892,15.815139532089233,28.440353393554688,44.25549530982971,6.484984993448961e-09,7.629394338515283e-10
3.5636253800024162,15.782999999999998,1000.0,426,8520000,10,0.020929411053657532,3.2378530502319336,4.439999999999997e-05,0.022565404997287562,0.4106803449102865,-0.019799959887646306,15.815978527069092,19.10073494911194,34.91671562194824,3.051757735406113e-09,-3.051757735406113e-09
3.2762701872927567,9.04,1000.0,427,8540000,10,0.020782317966222763,3.2338790893554688,4.379999999999997e-05,0.02054891106003104,0.39904077963326307,-0.020341956392138864,15.757068157196045,19.162046909332275,34.91911745071411,-4.577636492086867e-09,-3.814697002724188e-09
3.3358879612062475,10.330000000000002,1000.0,428,8560000,14,0.020826339721679688,3.2291598320007324,4.3199999999999966e-05,0.022066692578542973,0.3663676489826372,-0.025721681014380052,15.798006534576416,26.74547266960144,42.54348182678223,5.340575981449547e-09,-9.155272984173735e-09
3.513732824274521,12.540999999999999,1000.0,429,8580000,13,0.02087051421403885,3.2239389419555664,4.259999999999997e-05,0.027377786773535508,0.43734932212036814,-0.03173962044585693,15.798032283782959,24.84397029876709,40.64200496673584,-6.103515470812226e-09,2.2888182460434336e-09
3.4246500331754435,15.673999999999996,1000.0,430,8600000,12,0.020815158262848854,3.218508243560791,4.199999999999997e-05,0.0232276230196531,0.5856417158065131,-0.032905996402951714,15.785820722579956,22.852040767669678,38.637863874435425,-1.5258788677030566e-09,-1.831054596834747e-08
2.7589480443787555,20.433999999999997,1000.0,431,8620000,13,0.02054530754685402,3.2132577896118164,4.1399999999999976e-05,0.022812591798825093,0.4968098745896266,-0.027300419529195454,15.740610599517822,24.745957136154175,40.48656988143921,-6.103515470812226e-09,-9.155272984173735e-09
2.6239568835319362,25.328,1000.0,432,8640000,10,0.02140144258737564,3.2085514068603516,4.0799999999999975e-05,0.023408165664528125,0.5432682368606805,-0.03372153623130756,15.757927656173706,18.609298706054688,34.367228507995605,-7.629394338515283e-10,-9.155272984173735e-09
2.64364662560161,22.616,1000.0,433,8660000,14,0.020616551861166954,3.2041232585906982,4.019999999999998e-05,0.02126795235963471,0.5190743165866853,-0.02724031353760842,15.772629976272583,26.594219207763672,42.36685109138489,-4.577636492086867e-09,2.2888182460434336e-09
2.8317070661688777,20.624,1000.0,434,8680000,16,0.020824206992983818,3.1997900009155273,3.959999999999998e-05,0.02208238019654081,0.39273077539932993,-0.03550661359087954,15.777873277664185,30.056915521621704,45.83479070663452,-3.433227480087453e-09,-6.103515470812226e-09
3.1172054523333856,20.421,1000.0,435,8700000,13,0.020395003259181976,3.195525884628296,3.899999999999998e-05,0.023623313216236643,0.7291990385671657,-0.04134039389384733,15.776043891906738,24.68068504333496,40.45673131942749,-7.629394338515283e-10,2.5939939973795845e-08
2.9184863755194663,23.316,1000.0,436,8720000,16,0.020002560690045357,3.1915504932403564,3.8399999999999985e-05,0.018549969033583608,0.5814847838127623,-0.022581129537942928,15.69920563697815,30.453515768051147,46.15272402763367,-3.051757735406113e-09,0.0
2.8254549165593077,22.440999999999995,1000.0,437,8740000,13,0.02184348925948143,3.1877665519714355,3.7799999999999984e-05,0.020740969002413484,0.47551200740107097,-0.03003396109775584,15.725750923156738,24.88940191268921,40.615154504776,6.103515470812226e-09,5.340575981449547e-09
2.651044758737153,17.796,1000.0,438,8760000,14,0.02003743313252926,3.1837894916534424,3.719999999999999e-05,0.022204997030731644,0.4642836186084395,-0.028941066896339726,15.743124723434448,26.67803168296814,42.42115807533264,4.577636492086867e-09,3.051757735406113e-09
2.74641146978831,17.707,1000.0,439,8780000,11,0.021679403260350227,3.179630756378174,3.659999999999999e-05,0.020028759059427248,0.5329594493535519,-0.028505295547520113,15.749330997467041,20.944879055023193,36.694212198257446,-4.577636492086867e-09,-3.051757735406113e-09
2.754981029563301,17.87,1000.0,440,8800000,13,0.0203799307346344,3.1753201484680176,3.599999999999999e-05,0.02349526587755594,0.6124088214762998,-0.03772864257493375,15.68897533416748,24.649500846862793,40.33847761154175,-2.2888182460434336e-09,-1.2207030941624453e-08
2.6241067306691646,18.729,1000.0,441,8820000,15,0.020388366654515266,3.1709399223327637,3.5399999999999986e-05,0.02025309920041198,0.3538832566513421,-0.027424407831499308,15.781963586807251,28.520824432373047,44.30278992652893,-1.2969969986897922e-08,7.629394338515283e-10
2.720596435799256,20.424,1000.0,442,8840000,14,0.020407991483807564,3.166630268096924,3.4799999999999985e-05,0.025408370208440646,0.5744403097515017,-0.04225771042885151,15.70227336883545,26.19138526916504,41.89366054534912,1.1444091896350983e-08,0.0
2.9522061474081,26.328000000000003,1000.0,443,8860000,13,0.020340794697403908,3.162851333618164,3.4199999999999984e-05,0.02320450409820212,1.2262981102020685,-0.0383261839675395,15.767138719558716,24.699443101882935,40.46658372879028,-3.051757735406113e-09,1.525878801089675e-08
3.564162219540021,32.937,1000.0,444,8880000,13,0.02129417099058628,3.1600751876831055,3.359999999999998e-05,0.02598165895224064,0.8462208113863123,-0.03792163492202151,15.748735189437866,24.61909770965576,40.36783528327942,7.629394338515283e-10,3.051757735406113e-09
3.749494731753073,30.428000000000004,1000.0,445,8900000,15,0.020597554743289948,3.1580045223236084,3.299999999999998e-05,0.023413964717017132,0.5059814742356697,-0.03609763652114029,15.720831155776978,28.67444634437561,44.39527893066406,-7.629394338515283e-10,6.484984993448961e-09
3.9362255527562695,24.034000000000002,1000.0,446,8920000,17,0.02047041989862919,3.1560614109039307,3.239999999999998e-05,0.026025760757655125,0.501604659023914,-0.03246380580847166,15.738021850585938,32.49753451347351,48.23555827140808,4.577636492086867e-09,9.155272984173735e-09
3.7355822079448613,19.665000000000003,1000.0,447,8940000,14,0.020102381706237793,3.1538853645324707,3.179999999999998e-05,0.022904004304427933,0.5436182873249598,-0.036279138368594796,15.751318216323853,26.56330418586731,42.314624547958374,-1.907348501362094e-09,-2.7465819840699623e-08
3.731488618016241,17.335999999999995,1000.0,448,8960000,13,0.020088892430067062,3.151312828063965,3.119999999999998e-05,0.023923746263711333,0.7601442764625118,-0.03658618729146832,15.73634147644043,24.838167667388916,40.57451105117798,-5.340575981449547e-09,-9.155272984173735e-09
3.660737018247383,15.503999999999996,1000.0,449,8980000,16,0.02069559507071972,3.148236036300659,3.059999999999998e-05,0.022683796355688273,0.4662024027492387,-0.026890821367377242,15.74812388420105,30.309548377990723,46.057674407958984,-6.103515470812226e-09,1.3732909920349812e-08
3.8538982082853885,19.246,1000.0,450,9000000,21,0.02031303383409977,3.145003080368042,2.9999999999999977e-05,0.02368578877882083,0.503848322566724,-0.03967813130342877,15.794237852096558,39.60826396942139,55.402503967285156,7.629394338515283e-10,-7.629394005448376e-09
4.466024149087166,22.690000000000005,1000.0,451,9020000,18,0.021370001137256622,3.141904354095459,2.9399999999999976e-05,0.024131310226102806,0.5767891768512888,-0.038409101198462754,15.728680610656738,34.03159165382385,49.7602744102478,-9.155272984173735e-09,0.0
4.697431511042674,24.522000000000002,1000.0,452,9040000,17,0.02098318189382553,3.139073371887207,2.8799999999999975e-05,0.020844536709545464,0.43870840296275276,-0.02638811091720019,15.764384746551514,31.79202675819397,47.556413888931274,-1.3160705414350105e-08,-2.4414061883248905e-08
3.977985591871456,15.837000000000003,1000.0,453,9060000,17,0.02003743126988411,3.135786294937134,2.8199999999999974e-05,0.02062005719288643,0.7811833416731191,-0.028969541921045262,15.883240222930908,32.43460488319397,48.31784725189209,9.155272984173735e-09,-6.103515470812226e-09
3.057313479260909,17.202999999999996,1000.0,454,9080000,17,0.02005668915808201,3.1321969032287598,2.7599999999999973e-05,0.02449053177794519,0.818190545653002,-0.04693127825458546,15.740846633911133,32.13183546066284,47.87268376350403,-2.6702879907247734e-09,1.3732909920349812e-08
3.748413583682132,24.113999999999997,1000.0,455,9100000,18,0.02053636498749256,3.1288907527923584,2.6999999999999975e-05,0.02434886334282781,0.5732688246269069,-0.038631201621305684,15.80159592628479,34.11344766616821,49.915045976638794,-6.103515470812226e-09,3.051757735406113e-09
4.440352645384393,26.185000000000002,1000.0,456,9120000,20,0.020705318078398705,3.126006841659546,2.6399999999999974e-05,0.024965775981783487,0.42740546372323374,-0.03805660914329175,15.746000528335571,37.602516889572144,53.34851908683777,-9.155272984173735e-09,-6.866454960174906e-09
4.068353050519954,19.471999999999998,1000.0,457,9140000,28,0.02077990025281906,3.1229612827301025,2.5799999999999977e-05,0.021949013198748406,0.6832447763173644,-0.04910920526035766,15.984147071838379,52.77900433540344,68.76315355300903,9.155272984173735e-09,-1.525878801089675e-08
3.584061929283849,28.836999999999996,1000.0,458,9160000,20,0.020950093865394592,3.1205267906188965,2.5199999999999976e-05,0.022014975301719034,0.7951209498932377,-0.04659737725429737,15.779094696044922,37.29978966712952,53.07888603210449,9.155272984173735e-09,-1.5258788677030566e-09
3.6930217664868934,32.31100000000001,1000.0,459,9180000,24,0.020524386316537857,3.118924856185913,2.4599999999999975e-05,0.022463010546068946,0.5106746626480287,-0.04064417893230157,15.804269313812256,45.466129779815674,61.27040123939514,-9.918212917625624e-09,4.577636492086867e-09
3.2640439214701202,26.040000000000003,1000.0,460,9200000,21,0.020418493077158928,3.117565393447876,2.3999999999999974e-05,0.01955494104585459,0.6871466467106848,-0.0400575946114768,15.738882303237915,40.0328643321991,55.77174782752991,-1.0681151962899094e-08,-9.155272984173735e-09
2.98339535356691,20.897,1000.0,461,9220000,19,0.020845957100391388,3.116007089614868,2.3399999999999972e-05,0.022478021588755923,0.7108399850722419,-0.04256190377214276,15.722843885421753,35.8424026966095,51.56524848937988,-1.1825560974898508e-08,-6.103515470812226e-09
2.8941026631514912,19.558,1000.0,462,9240000,18,0.021131793037056923,3.1141605377197266,2.279999999999997e-05,0.025597837029066615,0.5253968045094312,-0.03605030168077314,15.75310730934143,34.15458822250366,49.907697439193726,-1.5258788677030566e-09,-1.831054596834747e-08
3.4212406740899324,17.272000000000002,1000.0,463,9260000,23,0.020772362127900124,3.1118674278259277,2.2199999999999974e-05,0.02329934822572161,0.6643429971214035,-0.04401333347001222,15.812131643295288,43.59163761138916,59.40377163887024,-1.525878801089675e-08,-1.2207030941624453e-08
3.158693389082412,20.053,1000.0,464,9280000,20,0.020453253760933876,3.1093976497650146,2.1599999999999976e-05,0.022658329766344864,0.7175391585610735,-0.04223749697351227,15.744630813598633,37.75926661491394,53.503899335861206,4.577636492086867e-09,-3.814697002724188e-09
3.026840223716272,29.546999999999997,1000.0,465,9300000,22,0.020779702812433243,3.1075429916381836,2.0999999999999975e-05,0.026065012763329815,1.0131059386054686,-0.05400507039161393,15.985919713973999,41.99048161506653,57.97640347480774,-7.629394005448376e-09,-4.577636492086867e-09
3.469281828751838,35.711000000000006,1000.0,466,9320000,24,0.02025267854332924,3.1067469120025635,2.0399999999999974e-05,0.027261135501626392,0.6735086619826203,-0.053864306625830756,15.825730562210083,45.528061628341675,61.35379457473755,-9.155272984173735e-09,-1.5258788677030566e-09
3.8299173096404315,34.188,1000.0,467,9340000,24,0.02026311121881008,3.106781244277954,1.9799999999999973e-05,0.022475139737819522,1.4735502975579269,-0.037295295937602724,15.731466054916382,45.51696467399597,61.248432636260986,-3.051757735406113e-09,-1.525878801089675e-08
3.2530949186571485,23.953,1000.0,468,9360000,24,0.020148865878582,3.1067264080047607,1.9199999999999975e-05,0.02352590492668168,0.5212566427592906,-0.03351608339161042,15.699909925460815,45.80422329902649,61.50413513183594,-3.051757735406113e-09,-7.629394005448376e-09
3.219991024647323,18.415,1000.0,469,9380000,27,0.020526785403490067,3.1061367988586426,1.8599999999999978e-05,0.021081609742143122,0.3740966903371312,-0.03567181401675008,15.739686250686646,51.15666151046753,66.89634943008423,1.5258788677030566e-09,-1.0681151962899094e-08
3.2979004598913457,15.006,1000.0,470,9400000,22,0.020157139748334885,3.1047847270965576,1.799999999999998e-05,0.024678338777150546,0.5284239380811662,-0.04997460836097771,15.741817951202393,41.602723360061646,57.34454345703125,-8.392333938900265e-09,0.0
3.5550661127590075,19.753999999999998,1000.0,471,9420000,28,0.02028094418346882,3.103134870529175,1.7399999999999982e-05,0.019509981829177424,0.40427753194955757,-0.03711900367715665,15.810510396957397,53.30938744544983,69.11990022659302,-3.051757735406113e-09,-1.831054596834747e-08
3.4059322885995726,17.74,1000.0,472,9440000,33,0.020774293690919876,3.1010501384735107,1.6799999999999985e-05,0.01836859295780346,0.27802966217274977,-0.02047894722332599,15.779136657714844,62.9075243473053,78.68666291236877,-1.0681151962899094e-08,-3.05175760217935e-08
2.7780544705038985,11.922,1000.0,473,9460000,31,0.020366227254271507,3.098093271255493,1.6199999999999987e-05,0.021341700360542146,0.293683167538925,-0.03481163468616361,15.731068849563599,58.84605097770691,74.57712197303772,4.1961669694501325e-09,-3.051757735406113e-09
3.067076620612002,10.101000000000003,1000.0,474,9480000,34,0.020457597449421883,3.0941991806030273,1.559999999999999e-05,0.021300464618693442,0.7971152741993377,-0.03292967152970464,15.72737741470337,64.42675757408142,80.154137134552,-3.8146971692576415e-10,-5.340575981449547e-09
3.612354285494335,15.545000000000005,1000.0,475,9500000,24,0.020195411518216133,3.0899088382720947,1.499999999999999e-05,0.024331027345089153,0.5599481622481182,-0.034585663452022936,15.780605554580688,45.35687565803528,61.13748359680176,-1.5258788677030566e-09,-3.051757735406113e-09
3.796742283208797,20.856,1000.0,476,9520000,29,0.02030111290514469,3.0856995582580566,1.4399999999999991e-05,0.0228711950871878,0.3945582133712807,-0.052298431073672394,15.732869625091553,54.72727608680725,70.4601480960846,-1.5258788677030566e-09,-9.155272984173735e-09
3.9459169471718796,23.448,1000.0,477,9540000,34,0.02064269408583641,3.081777572631836,1.3799999999999992e-05,0.023591080202838854,0.23652130939602695,-0.03525129449475025,15.744290590286255,64.7515299320221,80.49582242965698,1.5258788677030566e-09,-1.5258788677030566e-09
4.0028809742626255,20.742,1000.0,478,9560000,36,0.020386114716529846,3.077889919281006,1.3199999999999992e-05,0.021893891081975012,0.220355208623952,-0.03572987931386102,15.834578514099121,67.89571928977966,83.73029971122742,4.577636492086867e-09,-1.0681151962899094e-08
4.14554945555755,20.909,1000.0,479,9580000,40,0.019050458446145058,3.0740466117858887,1.2599999999999993e-05,0.01926460226941199,2.151244942955792,-0.04788267981594268,15.840116739273071,75.38891053199768,91.22902917861938,-5.7220459481754915e-09,-4.959106458812812e-09
3.342966376461521,22.113000000000003,1000.0,480,9600000,38,0.020096566528081894,3.070342779159546,1.1999999999999992e-05,0.01890743655673013,0.36687936055017795,-0.03133169902409974,15.711306095123291,72.28774404525757,87.99905228614807,-1.0681151962899094e-08,-1.2207030941624453e-08
2.5438576311194954,19.864,1000.0,481,9620000,36,0.020489873364567757,3.066577196121216,1.1399999999999992e-05,0.018297561734946517,0.35663761571710906,-0.03897410584022719,15.742969274520874,68.12358021736145,83.86655116081238,-3.814697002724188e-09,3.051757735406113e-09
2.416447677887969,15.029000000000002,1000.0,482,9640000,40,0.0190750639885664,3.062352418899536,1.0799999999999993e-05,0.021607551131451044,0.3610303357231636,-0.047295572259277406,15.788787603378296,75.63842868804932,91.42721843719482,-6.103515470812226e-09,-1.0681151962899094e-08
2.984595972227008,20.363000000000007,1000.0,483,9660000,39,0.020071428269147873,3.0581581592559814,1.0199999999999994e-05,0.019631486586180247,0.32344263529830264,-0.03970428551012026,15.75605034828186,73.92608594894409,89.68213844299316,-3.051757735406113e-09,-6.103515470812226e-09
3.2990719202175045,20.252,1000.0,484,9680000,40,0.017307693138718605,3.053981304168701,9.599999999999994e-06,0.02052425386387105,0.30717481067552926,-0.026563442347886653,15.772635698318481,76.03343629837036,91.80607342720032,0.0,1.907348501362094e-09
3.0789610393453697,19.839000000000006,1000.0,485,9700000,40,0.01536304596811533,3.0497853755950928,8.999999999999995e-06,0.021480477702530167,0.3762027640407459,-0.04481114697577164,15.824197053909302,76.03840398788452,91.86260318756104,-6.103515470812226e-09,6.103515470812226e-09
2.623450565360204,18.576,1000.0,486,9720000,40,0.015826726332306862,3.0454657077789307,8.399999999999996e-06,0.020854598295669585,0.2515258507832837,-0.027485967036998703,15.715097904205322,75.6493284702301,91.3644289970398,1.5258788677030566e-09,-2.9754637864698452e-08
2.891532900157743,20.188,1000.0,487,9740000,40,0.01612181030213833,3.0411691665649414,7.799999999999996e-06,0.020930625148825703,0.24574680590389159,-0.030005443662746448,15.678311586380005,75.61667895317078,91.294992685318,-7.629394005448376e-09,-6.103515470812226e-09
3.0100850717693817,12.269000000000002,1000.0,488,9760000,40,0.013522779569029808,3.0362277030944824,7.199999999999997e-06,0.021488513671212826,0.2513712089800368,-0.02496165173253217,15.690776109695435,75.9361207485199,91.62689900398254,-6.103515470812226e-09,-3.051757735406113e-09
3.0124485689557265,10.568999999999999,1000.0,489,9780000,40,0.013480112887918949,3.0305614471435547,6.599999999999997e-06,0.022143745808951412,0.18024340833599767,-0.02098127922715289,15.724359273910522,75.9930305480957,91.71739196777344,5.340575981449547e-09,-1.0681151962899094e-08
3.279525438707951,6.960000000000001,1000.0,490,9800000,40,0.013714929111301899,3.0239369869232178,5.999999999999997e-06,0.02267043754352798,0.17828148433896965,-0.020060710981711388,15.761577844619751,75.56395387649536,91.3255341053009,-7.629394338515283e-10,4.577636492086867e-09
3.5026509156487706,8.267999999999999,1000.0,491,9820000,40,0.012816195376217365,3.0165579319000244,5.3999999999999974e-06,0.017478225040309037,0.2118513811790286,-0.027993350183798043,15.73821234703064,75.16309189796448,90.90130639076233,4.577636492086867e-09,-9.155272984173735e-09
3.3703947937304677,14.747000000000003,1000.0,492,9840000,40,0.012933999300003052,3.0090432167053223,4.799999999999997e-06,0.02207525043440358,0.4472564084235186,-0.03488842328480733,15.77763032913208,76.04052901268005,91.81816124916077,5.340575981449547e-09,-6.103515470812226e-09
3.185149287450704,15.611,1000.0,493,9860000,40,0.009795294143259525,3.0014781951904297,4.199999999999998e-06,0.019604226913951788,0.18153105450811954,-0.01888029372826153,15.722913026809692,75.8727297782898,91.59564471244812,-3.051757735406113e-09,3.051757735406113e-09
3.222008669368974,12.297,1000.0,494,9880000,40,0.010015547275543213,2.993587017059326,3.5999999999999986e-06,0.022076419856289206,0.20586894361284402,-0.0233448509231787,15.741444826126099,75.69530010223389,91.4367470741272,0.0,-1.2207030941624453e-08
3.014550341706644,12.023,1000.0,495,9900000,40,0.010905713774263859,2.985377311706543,2.999999999999999e-06,0.023849508179925955,0.3521545816784183,-0.027693689671477464,15.718753576278687,75.75854301452637,91.47729849815369,-3.051757735406113e-09,-4.577636492086867e-09
3.129528303035356,16.859999999999996,1000.0,496,9920000,40,0.008355050347745419,2.9772891998291016,2.399999999999999e-06,0.022800018642463695,0.39020632647644404,-0.026176684157448275,15.707154273986816,75.58571171760559,91.29286813735962,-7.629394338515283e-10,-6.103515470812226e-09
3.546958865800705,21.907,1000.0,497,9940000,40,0.007097120396792889,2.969738006591797,1.7999999999999993e-06,0.020628621920157734,0.37131468583100713,-0.03234311302077954,15.727097988128662,75.71695923805237,91.44405937194824,1.5258788677030566e-09,3.051757735406113e-09
3.463220862077506,25.829999999999995,1000.0,498,9960000,40,0.006101332604885101,2.9630038738250732,1.1999999999999997e-06,0.020870071062416482,0.3770343476341079,-0.025419846667905158,15.793157815933228,75.32891392707825,91.12207341194153,-7.629394338515283e-10,9.155272984173735e-09
3.342602356217383,26.298999999999996,1000.0,499,9980000,40,0.005112326703965664,2.9570460319519043,5.999999999999999e-07,0.020463913221123477,0.39527419148661647,-0.019954472024234744,15.66156554222107,75.01023721694946,90.67180490493774,6.103515470812226e-09,3.051757735406113e-09
3.0637813726495886,26.335,1000.0,500,10000000,40,0.003692951053380966,2.9517908096313477,0.0,0.022069772592591,0.6500378454847934,-0.01789954386345786,15.678942203521729,75.39186954498291,91.07081365585327,-4.577636492086867e-09,1.831054596834747e-08
