split,layout_index,stage_index,method,controller_center_x,controller_center_y,obstacle_center_x,obstacle_center_y,sigma,anchor_upper_probability,ambient_gaussian_formula_radius,distance_to_exact_event_boundary,radius_attack_found,gaussian_radius_applicable,certificate_theoretically_sound,maximum_binary_kl_ratio_on_declared_grid,maximum_full_kl_ratio_on_declared_grid,maximizing_center_x,maximizing_center_y
confirmation,0,0,moving_conditioned_gaussian,1.0,0.22904960304786645,1.1037215068727253,-0.28693820621865795,0.184804231698092,0.9989732401116078,0.5696370096546096,0.5159878115584863,True,False,False,0.02408798336294804,0.936038218532279,0.9019927559307319,0.1310423589785984
confirmation,0,0,fixed_vertical_collision_repair,1.0,0.22904960304786645,1.1037215068727253,-0.28693820621865795,0.184804231698092,0.9973814626044356,0.5159878092665235,0.5159878092665244,False,True,True,0.04522416993836931,,,
confirmation,0,0,anchor_frozen_corridor_projection,1.0,0.22904960304786645,1.1037215068727253,-0.28693820621865795,0.184804231698092,0.9989732401122822,0.5696370096907355,,False,True,True,0.017574375737407315,,,
confirmation,0,0,fixed_uniform_conditioned_coarse4,1.0,0.22904960304786645,1.1037215068727253,-0.28693820621865795,0.184804231698092,0.7486907313013573,0.12388820351087312,0.5159878102856705,False,True,True,0.0007496969784278421,0.674050959056005,1.0,0.36765277682143543
confirmation,0,0,anchor_frozen_conditioned_coarse4,1.0,0.22904960304786645,1.1037215068727253,-0.28693820621865795,0.184804231698092,0.9989732401116078,0.5696370096546096,,False,True,True,0.017574375732563804,0.7950818449554751,1.0,0.36765277682143543
confirmation,0,0,anchor_frozen_conditioned_refined8,1.0,0.22904960304786645,1.1037215068727253,-0.28693820621865795,0.184804231698092,0.9989732401116079,0.5696370096546156,,False,True,True,0.0025980861396233293,0.6781251501525974,1.0,0.36765277682143543
confirmation,0,0,convex_box_conditioned_control,1.0,0.22904960304786645,1.1037215068727253,-0.28693820621865795,0.184804231698092,0.9973814626027145,0.5159878092272216,0.5159878102856705,False,True,True,0.04522416992593982,0.9999999914139239,1.0,0.09044642927429747
confirmation,0,1,moving_conditioned_gaussian,1.8118339759360929,0.211348098877433,2.0208757961460226,0.4244446251256744,0.20471462777836086,0.11665611117233493,0.24399322374433202,0.21309777552249648,True,False,False,0.5739468909032223,1.1994792324717662,1.7530783036259192,0.35319683983500355
confirmation,0,1,fixed_vertical_collision_repair,1.8118339759360929,0.211348098877433,2.0208757961460226,0.4244446251256744,0.20471462777836086,0.14895069846521414,0.21309652624824138,0.21309652624824138,False,True,True,0.48198935530177883,,,
confirmation,0,1,anchor_frozen_corridor_projection,1.8118339759360929,0.211348098877433,2.0208757961460226,0.4244446251256744,0.20471462777836086,0.11665611978774648,0.24399321474968286,0.2939169668109829,False,True,True,0.327815688005258,,,
confirmation,0,1,fixed_uniform_conditioned_coarse4,1.8118339759360929,0.211348098877433,2.0208757961460226,0.4244446251256744,0.20471462777836086,0.3244753435628584,0.0931902743239995,0.21309731510043367,False,True,True,0.10377837371128046,0.5952092550040305,1.8118339759360929,0.05781212804366237
confirmation,0,1,anchor_frozen_conditioned_coarse4,1.8118339759360929,0.211348098877433,2.0208757961460226,0.4244446251256744,0.20471462777836086,0.11665611117233496,0.24399322374433202,0.293920508449126,False,True,True,0.32781465536528986,0.8324564168180509,1.8118339759360929,0.05781212804366237
confirmation,0,1,anchor_frozen_conditioned_refined8,1.8118339759360929,0.211348098877433,2.0208757961460226,0.4244446251256744,0.20471462777836086,0.11665611117233496,0.24399322374433202,0.3628430824575408,False,True,True,0.22861000807623416,0.5321419488107997,1.8118339759360929,0.36488406971120363
confirmation,0,1,convex_box_conditioned_control,1.8118339759360929,0.211348098877433,2.0208757961460226,0.4244446251256744,0.20471462777836086,0.1489506871257168,0.21309653625113806,0.21309731510043367,False,True,True,0.48198777775062523,0.9999998432167545,1.8118339759360929,0.05781212804366237
confirmation,0,2,moving_conditioned_gaussian,2.826247781452067,0.19364659470699955,2.9913120000689313,0.034854135406841236,0.22191202343295058,0.7969766695642315,0.18438020473491915,0.15879245881389353,True,False,False,0.7406341676751513,1.237265766174697,2.826247781452067,0.027212577132286614
confirmation,0,2,fixed_vertical_collision_repair,2.826247781452067,0.19364659470699955,2.9913120000689313,0.034854135406841236,0.22191202343295058,0.7628699794752991,0.15879245930015837,0.15879245930015834,False,True,True,0.5696750128378648,,,
confirmation,0,2,anchor_frozen_corridor_projection,2.826247781452067,0.19364659470699955,2.9913120000689313,0.034854135406841236,0.22191202343295058,0.7969766870446547,0.18438021846678299,0.22409429937833614,False,True,True,0.3761446530940069,,,
confirmation,0,2,fixed_uniform_conditioned_coarse4,2.826247781452067,0.19364659470699955,2.9913120000689313,0.034854135406841236,0.22191202343295058,0.6314349785953943,0.07448617472729056,0.15879245893026417,False,True,True,0.1374744529173045,0.6041301503779688,2.826247781452067,0.3600806122817125
confirmation,0,2,anchor_frozen_conditioned_coarse4,2.826247781452067,0.19364659470699955,2.9913120000689313,0.034854135406841236,0.22191202343295058,0.7969766695642317,0.18438020473491934,0.2240942995959568,False,True,True,0.37614456211835423,0.8482099582964864,2.826247781452067,0.3600806122817125
confirmation,0,2,anchor_frozen_conditioned_refined8,2.826247781452067,0.19364659470699955,2.9913120000689313,0.034854135406841236,0.22191202343295058,0.7969766695642319,0.18438020473491945,1.1822097684901067,False,True,True,0.01344559788712443,0.5137607303517941,2.826247781452067,0.3600806122817125
confirmation,0,2,convex_box_conditioned_control,2.826247781452067,0.19364659470699955,2.9913120000689313,0.034854135406841236,0.22191202343295058,0.7628699571907887,0.15879244328761047,0.1587924589302641,False,True,True,0.5696749179181488,0.9999989777647637,2.826247781452067,0.027212577132286614
confirmation,0,3,moving_conditioned_gaussian,3.8736408325325167,0.1759450905365661,4.068952363870668,-0.09815995606279293,0.1509135011326277,0.9726732235832989,0.2899984467631704,0.2741050465993591,True,False,False,0.23724103580066125,1.1786677958289042,3.8592028083816,0.1410886168175527
confirmation,0,3,fixed_vertical_collision_repair,3.8736408325325167,0.1759450905365661,4.068952363870668,-0.09815995606279293,0.1509135011326277,0.9653382514104796,0.2741050465993589,0.274105046599359,False,True,True,0.23437440563305875,,,
confirmation,0,3,anchor_frozen_corridor_projection,3.8736408325325167,0.1759450905365661,4.068952363870668,-0.09815995606279293,0.1509135011326277,0.9726732235832989,0.2899984467631704,0.32600580348730424,False,True,True,0.1803555031160941,,,
confirmation,0,3,fixed_uniform_conditioned_coarse4,3.8736408325325167,0.1759450905365661,4.068952363870668,-0.09815995606279293,0.1509135011326277,0.7326691257052398,0.09370303516816036,0.27410504659935897,False,True,True,0.024776940192474547,0.5921635753207704,3.8736408325325167,0.28913021638603686
confirmation,0,3,anchor_frozen_conditioned_coarse4,3.8736408325325167,0.1759450905365661,4.068952363870668,-0.09815995606279293,0.1509135011326277,0.9726732235832989,0.2899984467631704,0.32600580348730435,False,True,True,0.1803555031160941,0.8572957513629701,3.8736408325325167,0.28913021638603686
confirmation,0,3,anchor_frozen_conditioned_refined8,3.8736408325325167,0.1759450905365661,4.068952363870668,-0.09815995606279293,0.1509135011326277,0.9726732235832988,0.28999844676317016,,False,True,True,0.009028049060762051,0.6021479104127581,3.8736408325325167,0.28913021638603686
confirmation,0,3,convex_box_conditioned_control,3.8736408325325167,0.1759450905365661,4.068952363870668,-0.09815995606279293,0.1509135011326277,0.9653382514104796,0.2741050465993589,0.27410504659935897,False,True,True,0.23437440563305875,0.9999999999999765,3.8736408325325167,0.06275996468709533
confirmation,0,4,moving_conditioned_gaussian,4.8240943004263475,0.15824358636613262,4.976863356959623,0.11994451643886916,0.16634543131615193,0.6018745456325829,0.042950745848568075,0.038299069927241663,True,False,False,0.7969513166986537,1.255160890488063,4.8240943004263475,0.07507087070805665
confirmation,0,4,fixed_vertical_collision_repair,4.8240943004263475,0.15824358636613262,4.976863356959623,0.11994451643886916,0.16634543131615193,0.5910466536755009,0.038299069927263465,0.03829906992726344,False,True,True,0.6356045764599796,,,
confirmation,0,4,anchor_frozen_corridor_projection,4.8240943004263475,0.15824358636613262,4.976863356959623,0.11994451643886916,0.16634543131615193,0.6018745456327291,0.04295074584863111,0.046766623052911224,False,True,True,0.5290016986857187,,,
confirmation,0,4,fixed_uniform_conditioned_coarse4,4.8240943004263475,0.15824358636613262,4.976863356959623,0.11994451643886916,0.16634543131615193,0.5455233268376706,0.01902306940582973,0.038299069927248686,False,True,True,0.1567785656185392,0.5738519588659153,4.8240943004263475,0.2830026598532466
confirmation,0,4,anchor_frozen_conditioned_coarse4,4.8240943004263475,0.15824358636613262,4.976863356959623,0.11994451643886916,0.16634543131615193,0.6018745456325829,0.042950745848568075,0.04676662305290076,False,True,True,0.5290016986843287,0.9289183859430118,4.8240943004263475,0.2830026598532466
confirmation,0,4,anchor_frozen_conditioned_refined8,4.8240943004263475,0.15824358636613262,4.976863356959623,0.11994451643886916,0.16634543131615193,0.6018745456325828,0.042950745848568034,0.08673128264367479,False,True,True,0.15383606506926717,0.5638294430732609,4.8240943004263475,0.2830026598532466
confirmation,0,4,convex_box_conditioned_control,4.8240943004263475,0.15824358636613262,4.976863356959623,0.11994451643886916,0.16634543131615193,0.5910466536753411,0.03829906992719507,0.03829906992724866,False,True,True,0.6356045764592978,0.9999999999936977,4.8240943004263475,0.03348451287901867
confirmation,0,5,moving_conditioned_gaussian,6.071043332849471,0.14054208219569916,5.892582102003955,0.13720712113687628,0.22036332813788312,0.506796501327181,0.0037543579127045064,0.0033349537033897925,True,False,False,0.8054515839733374,1.2586365286443904,6.071043332849471,0.08545125016122838
confirmation,0,5,fixed_vertical_collision_repair,6.071043332849471,0.14054208219569916,5.892582102003955,0.13720712113687628,0.22036332813788312,0.5060373302393556,0.00333496105882288,0.0033349610588228884,False,True,True,0.6363342685031732,,,
confirmation,0,5,anchor_frozen_corridor_projection,6.071043332849471,0.14054208219569916,5.892582102003955,0.13720712113687628,0.22036332813788312,0.5067965104860415,0.003754362972508913,0.004103134872537995,False,True,True,0.5309666018359107,,,
confirmation,0,5,fixed_uniform_conditioned_coarse4,6.071043332849471,0.14054208219569916,5.892582102003955,0.13720712113687628,0.22036332813788312,0.5030186601147439,0.0016674300264065416,0.003334955922451255,False,True,True,0.15708886046951243,0.57425679021916,6.071043332849471,0.3058145782991115
confirmation,0,5,anchor_frozen_conditioned_coarse4,6.071043332849471,0.14054208219569916,5.892582102003955,0.13720712113687628,0.22036332813788312,0.506796501327181,0.0037543579127045064,0.004103129822849494,False,True,True,0.5309665255466909,0.9276615400019279,6.071043332849471,0.3058145782991115
confirmation,0,5,anchor_frozen_conditioned_refined8,6.071043332849471,0.14054208219569916,5.892582102003955,0.13720712113687628,0.22036332813788312,0.506796501327181,0.0037543579127045064,0.00929438631303195,False,True,True,0.10574912660492508,0.4670634142680843,6.071043332849471,0.3058145782991115
confirmation,0,5,convex_box_conditioned_control,6.071043332849471,0.14054208219569916,5.892582102003955,0.13720712113687628,0.22036332813788312,0.5060373202294878,0.00333495552904949,0.003334955922451255,False,True,True,0.6363341773408782,0.9999997622477953,6.071043332849471,-0.02473041390771316
confirmation,0,6,moving_conditioned_gaussian,7.0,0.1228405780252657,7.083709845751172,-0.4441541744073316,0.15493772290897379,0.9999515257557497,0.603963470690896,0.5669947534538571,True,False,False,0.0020269424371756467,0.9331588259548567,6.917831864102097,0.04067244212736246
confirmation,0,6,fixed_vertical_collision_repair,7.0,0.1228405780252657,7.083709845751172,-0.4441541744073316,0.15493772290897379,0.99987364657308,0.5669947524325821,0.5669947524325973,False,True,True,0.004795526988615167,,,
confirmation,0,6,anchor_frozen_corridor_projection,7.0,0.1228405780252657,7.083709845751172,-0.4441541744073316,0.15493772290897379,0.9999515257557497,0.603963470690896,,False,True,True,0.0018381785378340568,,,
confirmation,0,6,fixed_uniform_conditioned_coarse4,7.0,0.1228405780252657,7.083709845751172,-0.4441541744073316,0.15493772290897379,0.74993682328654,0.10447310513491657,0.5669947529199802,False,True,True,6.7083036198471874e-06,0.7277085268176995,7.0,0.23904387020699602
confirmation,0,6,anchor_frozen_conditioned_coarse4,7.0,0.1228405780252657,7.083709845751172,-0.4441541744073316,0.15493772290897379,0.9999515257557499,0.6039634706909821,,False,True,True,0.001838178537835502,0.9293650368787251,7.0,0.23904387020699602
confirmation,0,6,anchor_frozen_conditioned_refined8,7.0,0.1228405780252657,7.083709845751172,-0.4441541744073316,0.15493772290897379,0.9999515257557497,0.603963470690896,,False,True,True,0.0006029257309117949,0.755414972956987,7.0,0.23904387020699602
confirmation,0,6,convex_box_conditioned_control,7.0,0.1228405780252657,7.083709845751172,-0.4441541744073316,0.15493772290897379,0.99987364657308,0.5669947524325821,0.5669947529199802,False,True,True,0.004795526988615167,0.9999999999999043,7.0,0.08410614729802225
confirmation,1,0,moving_conditioned_gaussian,0.8886508939516374,-0.07597799695521298,1.0811255925384013,-0.33148512797607266,0.15847131739339934,0.9567353835024245,0.27161940042840205,0.25550713104247225,True,False,False,0.3079546349629224,1.1916294248950918,0.8734898070337566,-0.11258009861267836
confirmation,1,0,fixed_vertical_collision_repair,0.8886508939516374,-0.07597799695521298,1.0811255925384013,-0.33148512797607266,0.15847131739339934,0.946554288870658,0.25550713102085976,0.25550713102085965,False,True,True,0.2968200623315425,,,
confirmation,1,0,anchor_frozen_corridor_projection,0.8886508939516374,-0.07597799695521298,1.0811255925384013,-0.33148512797607266,0.15847131739339934,0.9567353835024242,0.27161940042840155,0.30323650075542685,False,True,True,0.2325804591329975,,,
confirmation,1,0,fixed_uniform_conditioned_coarse4,0.8886508939516374,-0.07597799695521298,1.0811255925384013,-0.33148512797607266,0.15847131739339934,0.7232771444353292,0.0939108526690309,0.25550713103377365,False,True,True,0.04033726979223416,0.5881951936840988,0.8886508939516374,0.042875491089836515
confirmation,1,0,anchor_frozen_conditioned_coarse4,0.8886508939516374,-0.07597799695521298,1.0811255925384013,-0.33148512797607266,0.15847131739339934,0.9567353835024246,0.2716194004284023,0.30323650082693043,False,True,True,0.2325804591326896,0.867134815893189,0.8886508939516374,0.042875491089836515
confirmation,1,0,anchor_frozen_conditioned_refined8,0.8886508939516374,-0.07597799695521298,1.0811255925384013,-0.33148512797607266,0.15847131739339934,0.9567353835024243,0.2716194004284017,0.4617792967636877,False,True,True,0.12932307449601566,0.40832049222455025,0.8886508939516374,-0.19483148500026248
confirmation,1,0,convex_box_conditioned_control,0.8886508939516374,-0.07597799695521298,1.0811255925384013,-0.33148512797607266,0.15847131739339934,0.9465542888706584,0.25550713102086037,0.25550713103377365,False,True,True,0.2968200623311436,1.0000000000000047,0.8886508939516374,-0.03636016760686315
confirmation,1,1,moving_conditioned_gaussian,1.849262792712061,-0.11110214891120013,2.021670067504908,-0.24668545433956757,0.22232112357288003,0.7541132759998788,0.15284374414501925,0.13558344796497543,True,False,False,0.7387270799439678,1.2455975927990872,1.849262792712061,-0.2778429915908601
confirmation,1,1,fixed_vertical_collision_repair,1.849262792712061,-0.11110214891120013,2.021670067504908,-0.24668545433956757,0.22232112357288003,0.7290205563382969,0.13558330542836744,0.1355833054283674,False,True,True,0.5917547115168255,,,
confirmation,1,1,anchor_frozen_corridor_projection,1.849262792712061,-0.11110214891120013,2.021670067504908,-0.24668545433956757,0.22232112357288003,0.7541132680571876,0.15284373853878017,0.1711236694539655,False,True,True,0.45784402097432153,,,
confirmation,1,1,fixed_uniform_conditioned_coarse4,1.849262792712061,-0.11110214891120013,2.021670067504908,-0.24668545433956757,0.22232112357288003,0.6145102827408033,0.0647163434360828,0.13558340227963922,False,True,True,0.14503327932922241,0.582603535763027,1.849262792712061,0.055638693768459896
confirmation,1,1,anchor_frozen_conditioned_coarse4,1.849262792712061,-0.11110214891120013,2.021670067504908,-0.24668545433956757,0.22232112357288003,0.7541132759998788,0.15284374414501925,0.17112386215338388,False,True,True,0.4578435736242734,0.8984077211376474,1.849262792712061,0.055638693768459896
confirmation,1,1,anchor_frozen_conditioned_refined8,1.849262792712061,-0.11110214891120013,2.021670067504908,-0.24668545433956757,0.22232112357288003,0.7541132759998788,0.15284374414501925,0.31722282482988934,False,True,True,0.15423353008448393,0.4194669071911861,1.849262792712061,-0.2778429915908601
confirmation,1,1,convex_box_conditioned_control,1.849262792712061,-0.11110214891120013,2.021670067504908,-0.24668545433956757,0.22232112357288003,0.7290205654816065,0.13558331156507977,0.1355834022796392,False,True,True,0.5917534599564229,0.9999998421845182,1.849262792712061,0.055638693768459896
confirmation,1,2,moving_conditioned_gaussian,2.722499815007661,-0.14622630086718727,2.909570761482693,0.14363118420153442,0.15278754423661736,0.019893695988125605,0.3141234627244282,0.28985748506872233,True,False,False,0.2089236015970155,1.1526549510175965,2.6786478686193345,-0.040358337160032065
confirmation,1,2,fixed_vertical_collision_repair,2.722499815007661,-0.14622630086718727,2.909570761482693,0.14363118420153442,0.15278754423661736,0.028905541909702147,0.28985748506872155,0.28985748506872167,False,True,True,0.2113653913139713,,,
confirmation,1,2,anchor_frozen_corridor_projection,2.722499815007661,-0.14622630086718727,2.909570761482693,0.14363118420153442,0.15278754423661736,0.01989369598812559,0.3141234627244282,0.3820817965814426,False,True,True,0.14112444736284965,,,
confirmation,1,2,fixed_uniform_conditioned_coarse4,2.722499815007661,-0.14622630086718727,2.909570761482693,0.14363118420153442,0.15278754423661736,0.2644527709548511,0.09620689395112327,0.28985748506872194,False,True,True,0.01996328774085527,0.5938653263495104,2.722499815007661,-0.2608169590446503
confirmation,1,2,anchor_frozen_conditioned_coarse4,2.722499815007661,-0.14622630086718727,2.909570761482693,0.14363118420153442,0.15278754423661736,0.01989369598812562,0.3141234627244282,0.38208179658146174,False,True,True,0.1411244473628496,0.7925705474112497,2.722499815007661,-0.2608169590446503
confirmation,1,2,anchor_frozen_conditioned_refined8,2.722499815007661,-0.14622630086718727,2.909570761482693,0.14363118420153442,0.15278754423661736,0.019893695988125612,0.3141234627244282,,False,True,True,0.014191991714635829,0.5195096336251867,2.722499815007661,-0.2608169590446503
confirmation,1,2,convex_box_conditioned_control,2.722499815007661,-0.14622630086718727,2.909570761482693,0.14363118420153442,0.15278754423661736,0.02890554190970219,0.28985748506872155,0.289857485068722,False,True,True,0.21136539131397125,1.0000000000004348,2.722499815007661,-0.10802941480803294
confirmation,1,3,moving_conditioned_gaussian,3.8393601689279295,-0.1813504528231744,4.05610470164672,-0.46326115132933443,0.1506292137242774,0.9773926457606325,0.30165782007672765,0.2819106991389996,True,False,False,0.21459608150100895,1.1452234668619998,3.7961276905360837,-0.28572288849177047
confirmation,1,3,fixed_vertical_collision_repair,3.8393601689279295,-0.1813504528231744,4.05610470164672,-0.46326115132933443,0.1506292137242774,0.969365829651894,0.28191069850615996,0.28191069850616,False,True,True,0.21852343031902344,,,
confirmation,1,3,anchor_frozen_corridor_projection,3.8393601689279295,-0.1813504528231744,4.05610470164672,-0.46326115132933443,0.1506292137242774,0.9773926457606295,0.3016578200767193,0.3515977689440265,False,True,True,0.1568938604199943,,,
confirmation,1,3,fixed_uniform_conditioned_coarse4,3.8393601689279295,-0.1813504528231744,4.05610470164672,-0.46326115132933443,0.1506292137242774,0.734682914825949,0.09445027678186102,0.2819106988776062,False,True,True,0.02140595314903963,0.603404341520994,3.8393601689279295,-0.06837854252996636
confirmation,1,3,anchor_frozen_conditioned_coarse4,3.8393601689279295,-0.1813504528231744,4.05610470164672,-0.46326115132933443,0.1506292137242774,0.9773926457606326,0.301657820076728,0.3515977728789671,False,True,True,0.15689386041768466,0.834576498070949,3.8393601689279295,-0.06837854252996636
confirmation,1,3,anchor_frozen_conditioned_refined8,3.8393601689279295,-0.1813504528231744,4.05610470164672,-0.46326115132933443,0.1506292137242774,0.9773926457606326,0.301657820076728,0.391059605766529,False,True,True,0.13083613234564195,0.5802131633146702,3.8393601689279295,-0.2943223631163825
confirmation,1,3,convex_box_conditioned_control,3.8393601689279295,-0.1813504528231744,4.05610470164672,-0.46326115132933443,0.1506292137242774,0.9693658296518982,0.2819106985061691,0.2819106988776062,False,True,True,0.21852343031576463,0.9999999999999262,3.8393601689279295,-0.06837854252996636
confirmation,1,4,moving_conditioned_gaussian,4.928276804808128,-0.21647460477916156,5.080754845638638,-0.3534257280596721,0.17738634624510355,0.8095453907416615,0.15542986486294652,0.1369511260126535,True,False,False,0.6896145273909345,1.1919250653077411,4.894335396890239,-0.2984164121005673
confirmation,1,4,fixed_vertical_collision_repair,4.928276804808128,-0.21647460477916156,5.080754845638638,-0.3534257280596721,0.17738634624510355,0.7799575839417106,0.13695112328051057,0.13695112328051054,False,True,True,0.5564064375415276,,,
confirmation,1,4,anchor_frozen_corridor_projection,4.928276804808128,-0.21647460477916156,5.080754845638638,-0.3534257280596721,0.17738634624510355,0.8095453906894189,0.15542986482884658,0.18325943302601663,False,True,True,0.3902271471020684,,,
confirmation,1,4,fixed_uniform_conditioned_coarse4,4.928276804808128,-0.21647460477916156,5.080754845638638,-0.3534257280596721,0.17738634624510355,0.6399787920031694,0.06357564003260775,0.13695112542666796,False,True,True,0.13259702049455557,0.6060176659211615,4.928276804808128,-0.08343484509533389
confirmation,1,4,anchor_frozen_conditioned_coarse4,4.928276804808128,-0.21647460477916156,5.080754845638638,-0.3534257280596721,0.17738634624510355,0.8095453907416614,0.15542986486294644,0.183259440751834,False,True,True,0.3902271360433019,0.8674466439508064,4.928276804808128,-0.08343484509533389
confirmation,1,4,anchor_frozen_conditioned_refined8,4.928276804808128,-0.21647460477916156,5.080754845638638,-0.3534257280596721,0.17738634624510355,0.8095453907416617,0.15542986486294658,0.2166707012189011,False,True,True,0.2840478937689918,0.6061737920246244,4.928276804808128,-0.3495143644629892
confirmation,1,4,convex_box_conditioned_control,4.928276804808128,-0.21647460477916156,5.080754845638638,-0.3534257280596721,0.17738634624510355,0.779957584006339,0.13695112331922443,0.136951125426668,False,True,True,0.5564064211501383,0.9999999988480153,4.928276804808128,-0.08343484509533389
confirmation,1,5,moving_conditioned_gaussian,5.9051435145267135,-0.2515987567351487,6.114948749732699,-0.09872288526573547,0.20366336655508072,0.18857720724605956,0.1798656104818252,0.15287587134282116,True,False,False,0.7417560022017583,1.218071529909683,5.9051435145267135,-0.09885123181883815
confirmation,1,5,fixed_vertical_collision_repair,5.9051435145267135,-0.2515987567351487,6.114948749732699,-0.09872288526573547,0.20366336655508072,0.22643762352596053,0.15287587146941323,0.15287587146940984,False,True,True,0.5615512175658326,,,
confirmation,1,5,anchor_frozen_corridor_projection,5.9051435145267135,-0.2515987567351487,6.114948749732699,-0.09872288526573547,0.20366336655508072,0.18857720156593039,0.17986561476461235,0.23467766317117836,False,True,True,0.3261714992549134,,,
confirmation,1,5,fixed_uniform_conditioned_coarse4,5.9051435145267135,-0.2515987567351487,6.114948749732699,-0.09872288526573547,0.20366336655508072,0.3632188156807083,0.07125533055737182,0.15287587136675712,False,True,True,0.13450917474209523,0.6187514489197119,5.9051435145267135,-0.40434628165145925
confirmation,1,5,anchor_frozen_conditioned_coarse4,5.9051435145267135,-0.2515987567351487,6.114948749732699,-0.09872288526573547,0.20366336655508072,0.18857720724605953,0.1798656104818252,0.2346776631622462,False,True,True,0.32617147079394737,0.8182525620665712,5.9051435145267135,-0.40434628165145925
confirmation,1,5,anchor_frozen_conditioned_refined8,5.9051435145267135,-0.2515987567351487,6.114948749732699,-0.09872288526573547,0.20366336655508072,0.1885772072460595,0.1798656104818252,0.5138440956460055,False,True,True,0.07694674816407578,0.6008384033595865,5.9051435145267135,-0.40434628165145925
confirmation,1,5,convex_box_conditioned_control,5.9051435145267135,-0.2515987567351487,6.114948749732699,-0.09872288526573547,0.20366336655508072,0.22643763136141662,0.1528758661676808,0.15287587136675712,False,True,True,0.5615511841518888,0.9999996078379988,5.9051435145267135,-0.09885123181883815
confirmation,1,6,moving_conditioned_gaussian,7.0,-0.2867229086911358,6.982619617898005,0.17831408379754088,0.20489841357597463,0.0043179831333510985,0.5380916185757064,0.46503699536136633,True,False,False,0.06970770515393576,0.8548409164201667,7.108663793270453,-0.17805911542068276
confirmation,1,6,fixed_vertical_collision_repair,7.0,-0.2867229086911358,6.982619617898005,0.17831408379754088,0.20489841357597463,0.011615998053146219,0.46503699248867697,0.4650369924886767,False,True,True,0.12184307350370399,,,
confirmation,1,6,anchor_frozen_corridor_projection,7.0,-0.2867229086911358,6.982619617898005,0.17831408379754088,0.20489841357597463,0.004317982681703318,0.538091625870396,,False,True,True,0.043534569051908126,,,
confirmation,1,6,fixed_uniform_conditioned_coarse4,7.0,-0.2867229086911358,6.982619617898005,0.17831408379754088,0.20489841357597463,0.2558079996396028,0.134479644269906,0.46503699386958974,False,True,True,0.0062141654376700346,0.6592295265823321,7.0,-0.4403967188731168
confirmation,1,6,anchor_frozen_conditioned_coarse4,7.0,-0.2867229086911358,6.982619617898005,0.17831408379754088,0.20489841357597463,0.004317983133351104,0.5380916185757064,,False,True,True,0.04353456638492902,0.7428752500292551,7.0,-0.4403967188731168
confirmation,1,6,anchor_frozen_conditioned_refined8,7.0,-0.2867229086911358,6.982619617898005,0.17831408379754088,0.20489841357597463,0.004317983133351106,0.5380916185757064,,False,True,True,0.00279653422891658,0.6523220164156899,7.0,-0.4403967188731168
confirmation,1,6,convex_box_conditioned_control,7.0,-0.2867229086911358,6.982619617898005,0.17831408379754088,0.20489841357597463,0.011615999279205617,0.4650369842153229,0.46503699386958974,False,True,True,0.12184306609081814,0.9999988587891302,7.0,-0.13304909850915483
confirmation,2,0,moving_conditioned_gaussian,1.0,0.10056416123730999,1.0654808942567697,-0.27041155570802966,0.21124156383078838,0.979623387061705,0.4322069918672652,0.3709757800140955,True,False,False,0.20589816106256129,0.9330444828340515,0.9393710149712985,-0.04580715669189639
confirmation,2,0,fixed_vertical_collision_repair,1.0,0.10056416123730999,1.0654808942567697,-0.27041155570802966,0.21124156383078838,0.9604701536190381,0.3709757169453396,0.37097571694533965,False,True,True,0.2521900274885419,,,
confirmation,2,0,anchor_frozen_corridor_projection,1.0,0.10056416123730999,1.0654808942567697,-0.27041155570802966,0.21124156383078838,0.9796233870924359,0.43220699199923546,,False,True,True,0.11438767106202269,,,
confirmation,2,0,fixed_uniform_conditioned_coarse4,1.0,0.10056416123730999,1.0654808942567697,-0.27041155570802966,0.21124156383078838,0.7302350767782428,0.1296017922634529,0.37097575943782213,False,True,True,0.028851311145191055,0.6551843105826247,1.0,0.25899533411040127
confirmation,2,0,anchor_frozen_conditioned_coarse4,1.0,0.10056416123730999,1.0654808942567697,-0.27041155570802966,0.21124156383078838,0.9796233870617052,0.4322069918672656,,False,True,True,0.1143876703479145,0.7744356114044217,1.0,0.25899533411040127
confirmation,2,0,anchor_frozen_conditioned_refined8,1.0,0.10056416123730999,1.0654808942567697,-0.27041155570802966,0.21124156383078838,0.979623387061705,0.4322069918672652,,False,True,True,0.023866138513804883,0.5044795466063474,1.0,0.25899533411040127
confirmation,2,0,convex_box_conditioned_control,1.0,0.10056416123730999,1.0654808942567697,-0.27041155570802966,0.21124156383078838,0.9604701535564856,0.37097571679052094,0.3709757594378221,False,True,True,0.25219002588907674,0.9999999773108951,1.0,-0.057867011635781285
confirmation,2,1,moving_conditioned_gaussian,1.9487339152966325,0.05509601023440377,2.087475861209313,-0.11503606282222711,0.1729004247410333,0.8644047153256483,0.19024664950816395,0.17013207305675504,True,False,False,0.5815234873259923,1.1543787852691507,1.899109319298672,-0.06470836245115777
confirmation,2,1,fixed_vertical_collision_repair,1.9487339152966325,0.05509601023440377,2.087475861209313,-0.11503606282222711,0.1729004247410333,0.8374394781552226,0.1701320730566309,0.1701320730566309,False,True,True,0.49904964695637827,,,
confirmation,2,1,anchor_frozen_corridor_projection,1.9487339152966325,0.05509601023440377,2.087475861209313,-0.11503606282222711,0.1729004247410333,0.8644047153256524,0.19024664950816716,0.22411872238706673,False,True,True,0.3530260970088692,,,
confirmation,2,1,fixed_uniform_conditioned_coarse4,1.9487339152966325,0.05509601023440377,2.087475861209313,-0.11503606282222711,0.1729004247410333,0.6687197390776085,0.0754504125865256,0.17013207305673012,False,True,True,0.1104309651117657,0.6150165719129566,1.9487339152966325,0.18477132879017874
confirmation,2,1,anchor_frozen_conditioned_coarse4,1.9487339152966325,0.05509601023440377,2.087475861209313,-0.11503606282222711,0.1729004247410333,0.8644047153256481,0.19024664950816375,0.22411872238779387,False,True,True,0.35302609700873294,0.8668799934391054,1.9487339152966325,0.18477132879017874
confirmation,2,1,anchor_frozen_conditioned_refined8,1.9487339152966325,0.05509601023440377,2.087475861209313,-0.11503606282222711,0.1729004247410333,0.8644047153256483,0.19024664950816395,,False,True,True,0.03571667290818348,0.4022733011899426,1.9487339152966325,0.18477132879017874
confirmation,2,1,convex_box_conditioned_control,1.9487339152966325,0.05509601023440377,2.087475861209313,-0.11503606282222711,0.1729004247410333,0.8374394781552171,0.17013207305662703,0.17013207305673012,False,True,True,0.49904964695618026,0.9999999999991352,1.9487339152966325,-0.031354202136112876
confirmation,2,2,moving_conditioned_gaussian,2.820065853874252,0.009627859231497546,3.0093966739355786,-0.17270477107210847,0.17899942092676857,0.8799071813163223,0.21023892236480513,0.1823326303112241,True,False,False,0.587419346275358,1.1822976715758964,2.7686907692805374,-0.11440256676271292
confirmation,2,2,fixed_vertical_collision_repair,2.820065853874252,0.009627859231497546,3.0093966739355786,-0.17270477107210847,0.17899942092676857,0.8458086158181841,0.18233263030360597,0.18233263030360602,False,True,True,0.48874353603130327,,,
confirmation,2,2,anchor_frozen_corridor_projection,2.820065853874252,0.009627859231497546,3.0093966739355786,-0.17270477107210847,0.17899942092676857,0.8799071813163166,0.21023892236480016,0.2598512555779368,False,True,True,0.31757811036758216,,,
confirmation,2,2,fixed_uniform_conditioned_coarse4,2.820065853874252,0.009627859231497546,3.0093966739355786,-0.17270477107210847,0.17899942092676857,0.672904307909096,0.08018226924850433,0.1823326303089874,False,True,True,0.10640753282554842,0.6071730122382418,2.820065853874252,0.14387742492657396
confirmation,2,2,anchor_frozen_conditioned_coarse4,2.820065853874252,0.009627859231497546,3.0093966739355786,-0.17270477107210847,0.17899942092676857,0.8799071813163223,0.21023892236480513,0.2598512556438498,False,True,True,0.31757811036245237,0.828150252640804,2.820065853874252,0.14387742492657396
confirmation,2,2,anchor_frozen_conditioned_refined8,2.820065853874252,0.009627859231497546,3.0093966739355786,-0.17270477107210847,0.17899942092676857,0.8799071813163223,0.21023892236480513,,False,True,True,0.06376072486882278,0.3641896578413903,2.820065853874252,0.14387742492657396
confirmation,2,2,convex_box_conditioned_control,2.820065853874252,0.009627859231497546,3.0093966739355786,-0.17270477107210847,0.17899942092676857,0.8458086158181918,0.18233263030361171,0.18233263030898733,False,True,True,0.4887435360231022,0.9999999999967321,2.820065853874252,-0.0351219960001946
confirmation,2,3,moving_conditioned_gaussian,3.8529148266132767,-0.03584029177140867,4.036278693357117,0.16070019005339498,0.20189789133690741,0.13687115529031377,0.22097421911538007,0.19654048255445294,True,False,False,0.5934182519890228,1.1882149536002091,3.814283337591236,0.05742437296026963
confirmation,2,3,fixed_vertical_collision_repair,3.8529148266132767,-0.03584029177140867,4.036278693357117,0.16070019005339498,0.20189789133690741,0.16516118384520712,0.19654048182480358,0.19654048182480366,False,True,True,0.5021372045152848,,,
confirmation,2,3,anchor_frozen_corridor_projection,3.8529148266132767,-0.03584029177140867,4.036278693357117,0.16070019005339498,0.20189789133690741,0.13687115528752988,0.22097421911794454,0.25583803295852103,False,True,True,0.3665129427780913,,,
confirmation,2,3,fixed_uniform_conditioned_coarse4,3.8529148266132767,-0.03584029177140867,4.036278693357117,0.16070019005339498,0.20189789133690741,0.3325805919243298,0.08738109877777729,0.19654048231163973,False,True,True,0.11163806054095055,0.5927753481854752,3.8529148266132767,-0.18726371027408922
confirmation,2,3,anchor_frozen_conditioned_coarse4,3.8529148266132767,-0.03584029177140867,4.036278693357117,0.16070019005339498,0.20189789133690741,0.13687115529031374,0.2209742191153802,0.25583803517520404,False,True,True,0.36651294203674983,0.8624326372115956,3.8529148266132767,-0.18726371027408922
confirmation,2,3,anchor_frozen_conditioned_refined8,3.8529148266132767,-0.03584029177140867,4.036278693357117,0.16070019005339498,0.20189789133690741,0.1368711552903137,0.2209742191153802,,False,True,True,0.05281491074998412,0.36918676686372154,3.8529148266132767,-0.18726371027408922
confirmation,2,3,convex_box_conditioned_control,3.8529148266132767,-0.03584029177140867,4.036278693357117,0.16070019005339498,0.20189789133690741,0.16516118384865963,0.19654048182199738,0.19654048231163973,False,True,True,0.5021372034662853,0.9999999986705358,3.8529148266132767,0.014634181062818184
confirmation,2,4,moving_conditioned_gaussian,4.910513223367775,-0.0813084427743149,5.09418280995354,0.06360659773218869,0.1531036564290547,0.14140219282028535,0.1644395770501073,0.14491504050650358,True,False,False,0.6115291224632499,1.205736940532538,4.881218106992817,-0.01058377551059303
confirmation,2,4,fixed_vertical_collision_repair,4.910513223367775,-0.0813084427743149,5.09418280995354,0.06360659773218869,0.1531036564290547,0.17194276593918312,0.14491504050650358,0.1449150405065036,False,True,True,0.5099436074815542,,,
confirmation,2,4,anchor_frozen_corridor_projection,4.910513223367775,-0.0813084427743149,5.09418280995354,0.06360659773218869,0.1531036564290547,0.1414021928202853,0.1644395770501073,0.19566732160059885,False,True,True,0.3535320971744878,,,
confirmation,2,4,fixed_uniform_conditioned_coarse4,4.910513223367775,-0.0813084427743149,5.09418280995354,0.06360659773218869,0.1531036564290547,0.33597138296959156,0.0648368237087222,0.14491504050650356,False,True,True,0.11469087170008413,0.6058586765686259,4.910513223367775,-0.19613618509610592
confirmation,2,4,anchor_frozen_conditioned_coarse4,4.910513223367775,-0.0813084427743149,5.09418280995354,0.06360659773218869,0.1531036564290547,0.1414021928202853,0.1644395770501073,0.19566732160059896,False,True,True,0.35353209717448797,0.8542007522705234,4.910513223367775,-0.19613618509610592
confirmation,2,4,anchor_frozen_conditioned_refined8,4.910513223367775,-0.0813084427743149,5.09418280995354,0.06360659773218869,0.1531036564290547,0.14140219282028527,0.1644395770501073,,False,True,True,0.015231028273843483,0.43552737220880916,4.910513223367775,-0.19613618509610592
confirmation,2,4,convex_box_conditioned_control,4.910513223367775,-0.0813084427743149,5.09418280995354,0.06360659773218869,0.1531036564290547,0.17194276593918312,0.14491504050650358,0.14491504050650356,False,True,True,0.5099436074815543,1.0000000000019331,4.910513223367775,-0.04303252866705122
confirmation,2,5,moving_conditioned_gaussian,6.0,-0.1267765937772211,5.894000253622291,0.25714476570362765,0.16506550917671417,0.00464892311624334,0.4293195470257158,0.3839213594903256,True,False,False,0.08209566090084218,1.1637094952251545,6.087539205659149,-0.03923738811807245
confirmation,2,5,fixed_vertical_collision_repair,6.0,-0.1267765937772211,5.894000253622291,0.25714476570362765,0.16506550917671417,0.010012671735260777,0.3839213594808488,0.38392135948084877,False,True,True,0.11088610608079146,,,
confirmation,2,5,anchor_frozen_corridor_projection,6.0,-0.1267765937772211,5.894000253622291,0.25714476570362765,0.16506550917671417,0.00464892311624305,0.4293195470257185,,False,True,True,0.05037569370406166,,,
confirmation,2,5,fixed_uniform_conditioned_coarse4,6.0,-0.1267765937772211,5.894000253622291,0.25714476570362765,0.16506550917671417,0.2550063358676307,0.10874812230436548,0.38392135948454587,False,True,True,0.005082539997112957,0.6243159360606362,6.0,-0.2505757256597567
confirmation,2,5,anchor_frozen_conditioned_coarse4,6.0,-0.1267765937772211,5.894000253622291,0.25714476570362765,0.16506550917671417,0.004648923116243342,0.4293195470257158,,False,True,True,0.05037569370406012,0.7114025946718193,6.0,-0.2505757256597567
confirmation,2,5,anchor_frozen_conditioned_refined8,6.0,-0.1267765937772211,5.894000253622291,0.25714476570362765,0.16506550917671417,0.004648923116243343,0.4293195470257158,,False,True,True,0.010528359423209748,0.49715280249474225,6.0,-0.2505757256597567
confirmation,2,5,convex_box_conditioned_control,6.0,-0.1267765937772211,5.894000253622291,0.25714476570362765,0.16506550917671417,0.010012671735261406,0.3839213594808447,0.3839213594845458,False,True,True,0.11088610608078676,0.9999999999990191,6.0,-0.08551021648304258
confirmation,2,6,moving_conditioned_gaussian,7.0,-0.17224474478012733,6.907122646234432,0.34233163014519674,0.17036234274121842,0.000406624384423299,0.570414981754691,0.5145763755691523,True,False,False,0.010841439740900497,0.9008775451728608,7.090348275858357,-0.08189646892177058
confirmation,2,6,fixed_vertical_collision_repair,7.0,-0.17224474478012733,6.907122646234432,0.34233163014519674,0.17036234274121842,0.0012618639041088757,0.5145763749253242,0.514576374925324,False,True,True,0.026961494902172683,,,
confirmation,2,6,anchor_frozen_corridor_projection,7.0,-0.17224474478012733,6.907122646234432,0.34233163014519674,0.17036234274121842,0.0004066243844223428,0.5704149817548069,,False,True,True,0.008571522024464668,,,
confirmation,2,6,fixed_uniform_conditioned_coarse4,7.0,-0.17224474478012733,6.907122646234432,0.34233163014519674,0.17036234274121842,0.25063093195205594,0.11456963283007633,0.5145763752799449,False,True,True,0.0002501179651662744,0.721150604576023,7.0,-0.3000165018360411
confirmation,2,6,anchor_frozen_conditioned_coarse4,7.0,-0.17224474478012733,6.907122646234432,0.34233163014519674,0.17036234274121842,0.0004066243844232993,0.570414981754691,,False,True,True,0.008571522024456608,0.8969894134235985,7.0,-0.3000165018360411
confirmation,2,6,anchor_frozen_conditioned_refined8,7.0,-0.17224474478012733,6.907122646234432,0.34233163014519674,0.17036234274121842,0.0004066243844232993,0.570414981754691,,False,True,True,0.001898759022311196,0.7760244922535381,7.0,-0.3000165018360411
confirmation,2,6,convex_box_conditioned_control,7.0,-0.17224474478012733,6.907122646234432,0.34233163014519674,0.17036234274121842,0.001261863904111865,0.5145763749252016,0.5145763752799449,False,True,True,0.026961494902148712,0.9999999999638403,7.0,-0.044472987724213514
confirmation,3,0,moving_conditioned_gaussian,1.0,0.18227909414482502,1.070090833602032,-0.403007302847017,0.15114430302510704,0.9999843904669047,0.6294233191944975,0.5852863970973967,True,False,False,0.0008235633453895856,0.941174509592132,0.965090217994855,0.16781898897880573
confirmation,3,0,fixed_vertical_collision_repair,1.0,0.18227909414482502,1.070090833602032,-0.403007302847017,0.15114430302510704,0.9999461085249534,0.5852863969918422,0.585286396991842,False,True,True,0.002460188794771878,,,
confirmation,3,0,anchor_frozen_corridor_projection,1.0,0.18227909414482502,1.070090833602032,-0.403007302847017,0.15114430302510704,0.9999843904669047,0.6294233191944975,,False,True,True,0.0007123111810044121,,,
confirmation,3,0,fixed_uniform_conditioned_coarse4,1.0,0.18227909414482502,1.070090833602032,-0.403007302847017,0.15114430302510704,0.7499730542624767,0.1019324673366455,0.5852863970270443,False,True,True,1.683601279130661e-06,0.7191159876699269,1.0,0.2956373214136553
confirmation,3,0,anchor_frozen_conditioned_coarse4,1.0,0.18227909414482502,1.070090833602032,-0.403007302847017,0.15114430302510704,0.9999843904669047,0.6294233191944975,,False,True,True,0.0007123111810044121,0.896958780497109,1.0,0.2956373214136553
confirmation,3,0,anchor_frozen_conditioned_refined8,1.0,0.18227909414482502,1.070090833602032,-0.403007302847017,0.15114430302510704,0.9999843904669046,0.6294233191942522,,False,True,True,0.00017106728717770887,0.8071812288259073,1.0,0.2956373214136553
confirmation,3,0,convex_box_conditioned_control,1.0,0.18227909414482502,1.070090833602032,-0.403007302847017,0.15114430302510704,0.9999461085249534,0.5852863969918422,0.5852863970270443,False,True,True,0.002460188794771878,0.9999999999999074,1.0,0.06892086687599475
confirmation,3,1,moving_conditioned_gaussian,2.0,0.1861655521500077,2.025940853308744,-0.4918468917415736,0.2198779061350965,0.9996580855628627,0.7467013841343645,0.6780347701044321,True,False,False,0.008876416381210638,0.9180923201438412,2.0,0.3510739817513301
confirmation,3,1,fixed_vertical_collision_repair,2.0,0.1861655521500077,2.025940853308744,-0.4918468917415736,0.2198779061350965,0.9989773902294524,0.6780124438915782,0.6780124438915813,False,True,True,0.023157079174942585,,,
confirmation,3,1,anchor_frozen_corridor_projection,2.0,0.1861655521500077,2.025940853308744,-0.4918468917415736,0.2198779061350965,0.9996580855827789,0.7467013876400264,,False,True,True,0.007631053659031197,,,
confirmation,3,1,fixed_uniform_conditioned_coarse4,2.0,0.1861655521500077,2.025940853308744,-0.4918468917415736,0.2198779061350965,0.7494886950846845,0.1479518004474506,0.6780255455161521,False,True,True,0.00018133219291809519,0.7282086785512655,2.0,0.3510739817513301
confirmation,3,1,anchor_frozen_conditioned_coarse4,2.0,0.1861655521500077,2.025940853308744,-0.4918468917415736,0.2198779061350965,0.9996580855628627,0.7467013841343645,,False,True,True,0.007631053272606553,0.9175141190302339,2.0,0.3510739817513301
confirmation,3,1,anchor_frozen_conditioned_refined8,2.0,0.1861655521500077,2.025940853308744,-0.4918468917415736,0.2198779061350965,0.999658085562863,0.7467013841344037,,False,True,True,0.0020558738407704066,0.7732325778457917,2.0,0.3510739817513301
confirmation,3,1,convex_box_conditioned_control,2.0,0.1861655521500077,2.025940853308744,-0.4918468917415736,0.2198779061350965,0.998977390169369,0.6780124400476872,0.6780255455161521,False,True,True,0.023157078001103313,0.9999993331518221,2.0,0.021257122548685337
confirmation,3,2,moving_conditioned_gaussian,3.0,0.1900520101551904,2.985541659426287,-0.3179935895103597,0.22231572804336686,0.99505871865777,0.5735549121455633,0.5080462156768614,True,False,False,0.06983160753257993,0.8833087859451241,3.0,0.3567888061877156
confirmation,3,2,fixed_vertical_collision_repair,3.0,0.1900520101551904,2.985541659426287,-0.3179935895103597,0.22231572804336686,0.9888507266715361,0.5080455996655504,0.5080455996655502,False,True,True,0.11872760937919564,,,
confirmation,3,2,anchor_frozen_corridor_projection,3.0,0.1900520101551904,2.985541659426287,-0.3179935895103597,0.22231572804336686,0.9950587190676505,0.5735549185140649,,False,True,True,0.045785417394813614,,,
confirmation,3,2,fixed_uniform_conditioned_coarse4,3.0,0.1900520101551904,2.985541659426287,-0.3179935895103597,0.22231572804336686,0.7444253628315287,0.1460723737494251,0.5080460802076223,False,True,True,0.005880222080720587,0.7131704789876047,3.0,0.3567888061877156
confirmation,3,2,anchor_frozen_conditioned_coarse4,3.0,0.1900520101551904,2.985541659426287,-0.3179935895103597,0.22231572804336686,0.9950587186577702,0.5735549121455669,,False,True,True,0.04578541468145844,0.8780007445747249,3.0,0.3567888061877156
confirmation,3,2,anchor_frozen_conditioned_refined8,3.0,0.1900520101551904,2.985541659426287,-0.3179935895103597,0.22231572804336686,0.99505871865777,0.5735549121455633,,False,True,True,0.008084268183489804,0.702232283072899,3.0,0.3567888061877156
confirmation,3,2,convex_box_conditioned_control,3.0,0.1900520101551904,2.985541659426287,-0.3179935895103597,0.22231572804336686,0.9888507256630573,0.5080455920141094,0.5080460802076223,False,True,True,0.11872760229739053,0.9999990123137619,3.0,0.023315214122665268
confirmation,3,3,moving_conditioned_gaussian,4.0,0.19393846816037308,4.074921746686429,-0.3219095939576013,0.20265043079327255,0.9978753021785273,0.5793835146276627,0.5158481453858952,True,False,False,0.037811351000383,0.851053064248783,3.8925283796317762,0.08646684779214947
confirmation,3,3,fixed_vertical_collision_repair,4.0,0.19393846816037308,4.074921746686429,-0.3219095939576013,0.20265043079327255,0.9945440390383264,0.5158480621179743,0.5158480621179744,False,True,True,0.07459875163927976,,,
confirmation,3,3,anchor_frozen_corridor_projection,4.0,0.19393846816037308,4.074921746686429,-0.3219095939576013,0.20265043079327255,0.9978753021907385,0.579383514997124,,False,True,True,0.02814498216284487,,,
confirmation,3,3,fixed_uniform_conditioned_coarse4,4.0,0.19393846816037308,4.074921746686429,-0.3219095939576013,0.20265043079327255,0.7472720195032733,0.13495096429898998,0.5158481117895553,False,True,True,0.002179793935901293,0.6966593847258826,4.0,0.3459262912553275
confirmation,3,3,anchor_frozen_conditioned_coarse4,4.0,0.19393846816037308,4.074921746686429,-0.3219095939576013,0.20265043079327255,0.9978753021785273,0.5793835146276627,,False,True,True,0.028144982079199396,0.8418066372173983,4.0,0.3459262912553275
confirmation,3,3,anchor_frozen_conditioned_refined8,4.0,0.19393846816037308,4.074921746686429,-0.3219095939576013,0.20265043079327255,0.9978753021785274,0.579383514627666,,False,True,True,0.005223613531718174,0.6892501653444788,4.0,0.3459262912553275
confirmation,3,3,convex_box_conditioned_control,4.0,0.19393846816037308,4.074921746686429,-0.3219095939576013,0.20265043079327255,0.9945440390065465,0.5158480617058592,0.5158481117895554,False,True,True,0.0745987514180074,0.9999999292913806,4.0,0.04195064506541868
confirmation,3,4,moving_conditioned_gaussian,4.900438915467627,0.19782492616555578,5.099098134969957,0.33931777236757377,0.17435584106178295,0.1876551070463521,0.1545787348506316,0.14149284737327492,True,False,False,0.6338375709790574,1.238558388911031,4.93380046132284,0.11728302970016967
confirmation,3,4,fixed_vertical_collision_repair,4.900438915467627,0.19782492616555578,5.099098134969957,0.33931777236757377,0.17435584106178295,0.20853422433124036,0.14149284620201802,0.141492846202018,False,True,True,0.5465815008456859,,,
confirmation,3,4,anchor_frozen_corridor_projection,4.900438915467627,0.19782492616555578,5.099098134969957,0.33931777236757377,0.17435584106178295,0.18765510705999028,0.15457873484180157,0.16832663378628546,False,True,True,0.44954962873696347,,,
confirmation,3,4,fixed_uniform_conditioned_coarse4,4.900438915467627,0.19782492616555578,5.099098134969957,0.33931777236757377,0.17435584106178295,0.35426711215792184,0.06517864121730431,0.14149284694113837,False,True,True,0.12888804696704534,0.5756757120357017,4.900438915467627,0.06705804536921856
confirmation,3,4,anchor_frozen_conditioned_coarse4,4.900438915467627,0.19782492616555578,5.099098134969957,0.33931777236757377,0.17435584106178295,0.18765510704635222,0.15457873485063153,0.1683266354101863,False,True,True,0.44954962505120655,0.9114347071600081,4.900438915467627,0.06705804536921856
confirmation,3,4,anchor_frozen_conditioned_refined8,4.900438915467627,0.19782492616555578,5.099098134969957,0.33931777236757377,0.17435584106178295,0.18765510704635224,0.15457873485063153,0.20247972804460082,False,True,True,0.31356456536723604,0.6085701900029472,4.900438915467627,0.328591806961893
confirmation,3,4,convex_box_conditioned_control,4.900438915467627,0.19782492616555578,5.099098134969957,0.33931777236757377,0.17435584106178295,0.20853422431584362,0.14149284621137115,0.14149284694113837,False,True,True,0.5465814962427052,0.9999999997184046,4.900438915467627,0.06705804536921856
confirmation,3,5,moving_conditioned_gaussian,5.768469335543603,0.20171138417073847,5.988214840659898,0.2760995353242459,0.22561829474666284,0.33879677866737296,0.09380061870293363,0.07438849224142491,True,False,False,0.9919996543232769,1.405766997320655,5.768469335543603,0.37092510523073563
confirmation,3,5,fixed_vertical_collision_repair,5.768469335543603,0.20171138417073847,5.988214840659898,0.2760995353242459,0.22561829474666284,0.37081031349992355,0.07438815115350746,0.07438815115350744,False,True,True,0.6299894633147568,,,
confirmation,3,5,anchor_frozen_corridor_projection,5.768469335543603,0.20171138417073847,5.988214840659898,0.2760995353242459,0.22561829474666284,0.3387968535292228,0.09380057254375075,0.13975554198759688,False,True,True,0.2830796313091147,,,
confirmation,3,5,fixed_uniform_conditioned_coarse4,5.768469335543603,0.20171138417073847,5.988214840659898,0.2760995353242459,0.22561829474666284,0.4354051002850292,0.03669217842779596,0.07438842512334654,False,True,True,0.15525437973647416,0.6119814592429581,5.768469335543603,0.03249766311074134
confirmation,3,5,anchor_frozen_conditioned_coarse4,5.768469335543603,0.20171138417073847,5.988214840659898,0.2760995353242459,0.22561829474666284,0.338796778667373,0.09380061870293357,0.13975643203673876,False,True,True,0.2830783255553549,0.7495151394886554,5.768469335543603,0.03249766311074134
confirmation,3,5,anchor_frozen_conditioned_refined8,5.768469335543603,0.20171138417073847,5.988214840659898,0.2760995353242459,0.22561829474666284,0.338796778667373,0.09380061870293357,0.21181346081624597,False,True,True,0.13027926599180276,0.4575228393137928,5.768469335543603,0.37092510523073563
confirmation,3,5,convex_box_conditioned_control,5.768469335543603,0.20171138417073847,5.988214840659898,0.2760995353242459,0.22561829474666284,0.3708102005700585,0.07438821858745415,0.07438842512334648,False,True,True,0.6299787622665257,0.9999981034640891,5.768469335543603,0.03249766311074134
confirmation,3,6,moving_conditioned_gaussian,7.0,0.20559784217592114,6.943958812673156,-0.35558881509926876,0.17842610414868854,0.9996813940177834,0.6093715055600376,0.5611866621591971,True,False,False,0.008685824756018012,0.915415660531739,7.0,0.33941742028743754
confirmation,3,6,fixed_vertical_collision_repair,7.0,0.20559784217592114,6.943958812673156,-0.35558881509926876,0.17842610414868854,0.9991701472915101,0.5611866572751897,0.5611866572751899,False,True,True,0.019883683739246476,,,
confirmation,3,6,anchor_frozen_corridor_projection,7.0,0.20559784217592114,6.943958812673156,-0.35558881509926876,0.17842610414868854,0.9996813940178059,0.6093715055634583,,False,True,True,0.0075794987675324955,,,
confirmation,3,6,fixed_uniform_conditioned_coarse4,7.0,0.20559784217592114,6.943958812673156,-0.35558881509926876,0.17842610414868854,0.7495850736457257,0.12011370683573382,0.5611866600710181,False,True,True,0.00013145844512308288,0.7238845502565767,7.0,0.33941742028743754
confirmation,3,6,anchor_frozen_conditioned_coarse4,7.0,0.20559784217592114,6.943958812673156,-0.35558881509926876,0.17842610414868854,0.9996813940177833,0.6093715055600207,,False,True,True,0.0075794987673513635,0.9146095461654357,7.0,0.33941742028743754
confirmation,3,6,anchor_frozen_conditioned_refined8,7.0,0.20559784217592114,6.943958812673156,-0.35558881509926876,0.17842610414868854,0.9996813940177834,0.6093715055600376,,False,True,True,0.0015112346387281845,0.7888973518412453,7.0,0.33941742028743754
confirmation,3,6,convex_box_conditioned_control,7.0,0.20559784217592114,6.943958812673156,-0.35558881509926876,0.17842610414868854,0.9991701472914513,0.5611866572714886,0.561186660071018,False,True,True,0.019883683738770908,0.9999999990092783,7.0,0.07177826406440474
confirmation,4,0,moving_conditioned_gaussian,1.0,-0.06507445860994067,1.073137901869702,0.2555431448285663,0.1804208833187617,0.0161549786908253,0.38620078724721474,0.3206176037439282,True,False,False,0.1925367585681057,1.1096949265942389,0.9043173774532276,0.03060816393683176
confirmation,4,0,fixed_vertical_collision_repair,1.0,-0.06507445860994067,1.073137901869702,0.2555431448285663,0.1804208833187617,0.03777970010556533,0.320617603438507,0.320617603438507,False,True,True,0.2459397028257023,,,
confirmation,4,0,anchor_frozen_corridor_projection,1.0,-0.06507445860994067,1.073137901869702,0.2555431448285663,0.1804208833187617,0.016154978690817758,0.3862007872472485,,False,True,True,0.09523596656636238,,,
confirmation,4,0,fixed_uniform_conditioned_coarse4,1.0,-0.06507445860994067,1.073137901869702,0.2555431448285663,0.1804208833187617,0.26888985005279165,0.11117065361053224,0.3206176035866495,False,True,True,0.027387853493966642,0.6300984235313428,1.0,-0.20039012109901194
confirmation,4,0,anchor_frozen_conditioned_coarse4,1.0,-0.06507445860994067,1.073137901869702,0.2555431448285663,0.1804208833187617,0.01615497869082529,0.38620078724721474,,False,True,True,0.09523596656566446,0.6891910116618332,1.0,-0.20039012109901194
confirmation,4,0,anchor_frozen_conditioned_refined8,1.0,-0.06507445860994067,1.073137901869702,0.2555431448285663,0.1804208833187617,0.01615497869082528,0.38620078724721474,,False,True,True,0.024109862644382373,0.4478528459835198,1.0,-0.20039012109901194
confirmation,4,0,convex_box_conditioned_control,1.0,-0.06507445860994067,1.073137901869702,0.2555431448285663,0.1804208833187617,0.03777970010558335,0.3206176034384676,0.3206176035866495,False,True,True,0.245939702823854,0.9999999999893063,1.0,0.07024120387913059
confirmation,4,1,moving_conditioned_gaussian,2.0,-0.09255345926420427,2.0292890243943633,0.18866205478222775,0.22324500191415478,0.06570040435603047,0.3367876067365172,0.2812155499723443,True,False,False,0.456614775316716,1.01944425243005,1.9359258773068553,0.0621351567387437
confirmation,4,1,fixed_vertical_collision_repair,2.0,-0.09255345926420427,2.0292890243943633,0.18866205478222775,0.22324500191415478,0.10389382599422653,0.281215514046432,0.281215514046432,False,True,True,0.41240352970245053,,,
confirmation,4,1,anchor_frozen_corridor_projection,2.0,-0.09255345926420427,2.0292890243943633,0.18866205478222775,0.22324500191415478,0.06570040387253463,0.33678760758075504,0.5557536049303802,False,True,True,0.18930002718093494,,,
confirmation,4,1,fixed_uniform_conditioned_coarse4,2.0,-0.09255345926420427,2.0292890243943633,0.18866205478222775,0.22324500191415478,0.30194691343502805,0.1158215527850799,0.2812155416157176,False,True,True,0.07755516828519488,0.6431247094879252,2.0,-0.25998721069982034
confirmation,4,1,anchor_frozen_conditioned_coarse4,2.0,-0.09255345926420427,2.0292890243943633,0.18866205478222775,0.22324500191415478,0.06570040435603047,0.3367876067365172,0.5557582459122494,False,True,True,0.18930001948052258,0.7657350883140017,2.0,-0.25998721069982034
confirmation,4,1,anchor_frozen_conditioned_refined8,2.0,-0.09255345926420427,2.0292890243943633,0.18866205478222775,0.22324500191415478,0.06570040435603046,0.3367876067365174,,False,True,True,0.02458874107128011,0.4538439649386826,2.0,-0.25998721069982034
confirmation,4,1,convex_box_conditioned_control,2.0,-0.09255345926420427,2.0292890243943633,0.18866205478222775,0.22324500191415478,0.1038938268700561,0.2812155129628673,0.28121554161571755,False,True,True,0.412403512534237,0.999999875170863,2.0,0.07488029217141182
confirmation,4,2,moving_conditioned_gaussian,2.944102088369784,-0.12003245991846788,3.1124936421888827,-0.16364643555196104,0.1731699671623117,0.6053427276640884,0.04627115726043421,0.043613975634789345,True,False,False,0.7151417764651,1.1739015123663024,2.9938040464319515,-4.131868828431695e-05
confirmation,4,2,fixed_vertical_collision_repair,2.944102088369784,-0.12003245991846788,3.1124936421888827,-0.16364643555196104,0.1731699671623117,0.5994239942294841,0.04361397563349316,0.043613975633540955,False,True,True,0.6347599233197837,,,
confirmation,4,2,anchor_frozen_corridor_projection,2.944102088369784,-0.12003245991846788,3.1124936421888827,-0.16364643555196104,0.1731699671623117,0.6053427276637343,0.04627115726027494,0.0478277822152285,False,True,True,0.5869002080875831,,,
confirmation,4,2,fixed_uniform_conditioned_coarse4,2.944102088369784,-0.12003245991846788,3.1124936421888827,-0.16364643555196104,0.1731699671623117,0.5497119971149255,0.02163477191511382,0.0436139756343379,False,True,True,0.15638836759348365,0.5591159896144753,2.944102088369784,0.009845015453265896
confirmation,4,2,anchor_frozen_conditioned_coarse4,2.944102088369784,-0.12003245991846788,3.1124936421888827,-0.16364643555196104,0.1731699671623117,0.6053427276640884,0.04627115726043421,0.04782778221615487,False,True,True,0.5869002080405583,0.9699579059881683,2.944102088369784,0.009845015453265896
confirmation,4,2,anchor_frozen_conditioned_refined8,2.944102088369784,-0.12003245991846788,3.1124936421888827,-0.16364643555196104,0.1731699671623117,0.6053427276640884,0.04627115726043421,0.08510857561116537,False,True,True,0.1884346183574995,0.49999020038613323,2.944102088369784,-0.24990993529020167
confirmation,4,2,convex_box_conditioned_control,2.944102088369784,-0.12003245991846788,3.1124936421888827,-0.16364643555196104,0.1731699671623117,0.5994239942298509,0.04361397563365752,0.04361397563433787,False,True,True,0.634759923163295,0.99999999999031,2.944102088369784,0.009845015453265896
confirmation,4,3,moving_conditioned_gaussian,3.8776175846021954,-0.14751146057273148,4.06103535023967,0.1387954991205932,0.2296199031499119,0.07985813830438865,0.32285165272936334,0.2863069862320129,True,False,False,0.457945911083643,1.1010272916607422,3.8117137850946348,0.011594386010339186
confirmation,4,3,fixed_vertical_collision_repair,3.8776175846021954,-0.14751146057273148,4.06103535023967,0.1387954991205932,0.2296199031499119,0.10622195250156757,0.2863069596933247,0.28630695969332465,False,True,True,0.4165957720150162,,,
confirmation,4,3,anchor_frozen_corridor_projection,3.8776175846021954,-0.14751146057273148,4.06103535023967,0.1387954991205932,0.2296199031499119,0.07985813201624245,0.3228516624546569,0.39609958454063504,False,True,True,0.2759707007518873,,,
confirmation,4,3,fixed_uniform_conditioned_coarse4,3.8776175846021954,-0.14751146057273148,4.06103535023967,0.1387954991205932,0.2296199031499119,0.3031109805724703,0.11836304803450363,0.2863069788014971,False,True,True,0.07907353763474549,0.6163001586798329,3.8776175846021954,-0.3197263879351654
confirmation,4,3,anchor_frozen_conditioned_coarse4,3.8776175846021954,-0.14751146057273148,4.06103535023967,0.1387954991205932,0.2296199031499119,0.07985813830438868,0.32285165272936306,0.396099749155133,False,True,True,0.2759706682176902,0.833083573202707,3.8776175846021954,-0.3197263879351654
confirmation,4,3,anchor_frozen_conditioned_refined8,3.8776175846021954,-0.14751146057273148,4.06103535023967,0.1387954991205932,0.2296199031499119,0.07985813830438868,0.32285165272936306,,False,True,True,0.018838202636989293,0.46789491515838894,3.8776175846021954,-0.3197263879351654
confirmation,4,3,convex_box_conditioned_control,3.8776175846021954,-0.14751146057273148,4.06103535023967,0.1387954991205932,0.2296199031499119,0.10622196114494069,0.28630694886951646,0.2863069788014971,False,True,True,0.41659572315442606,0.9999990939271998,3.8776175846021954,0.02470346678970245
confirmation,4,4,moving_conditioned_gaussian,5.0,-0.17499046122699508,4.945104354328374,0.36460594114581457,0.1795671096790547,0.0006234730454019797,0.5796279483437178,0.5395964092046708,True,False,False,0.014747153672008273,0.9280685400505728,5.0,-0.3096657934862861
confirmation,4,4,fixed_vertical_collision_repair,5.0,-0.17499046122699508,4.945104354328374,0.36460594114581457,0.1795671096790547,0.0013279714065041952,0.5395964023728093,0.5395964023728097,False,True,True,0.02797056740481072,,,
confirmation,4,4,anchor_frozen_corridor_projection,5.0,-0.17499046122699508,4.945104354328374,0.36460594114581457,0.1795671096790547,0.000623473045383367,0.5796279483452543,,False,True,True,0.012987872910075816,,,
confirmation,4,4,fixed_uniform_conditioned_coarse4,5.0,-0.17499046122699508,4.945104354328374,0.36460594114581457,0.1795671096790547,0.25066398570327203,0.12074123811744313,0.5395964069572838,False,True,True,0.0002703464093367821,0.7252272225749374,5.0,-0.3096657934862861
confirmation,4,4,anchor_frozen_conditioned_coarse4,5.0,-0.17499046122699508,4.945104354328374,0.36460594114581457,0.1795671096790547,0.0006234730454019789,0.5796279483437178,,False,True,True,0.012987872909925065,0.927223482399666,5.0,-0.3096657934862861
confirmation,4,4,anchor_frozen_conditioned_refined8,5.0,-0.17499046122699508,4.945104354328374,0.36460594114581457,0.1795671096790547,0.0006234730454019794,0.5796279483437178,,False,True,True,0.00297540930895078,0.7447590013026661,5.0,-0.3096657934862861
confirmation,4,4,convex_box_conditioned_control,5.0,-0.17499046122699508,4.945104354328374,0.36460594114581457,0.1795671096790547,0.0013279714065440673,0.53959640237117,0.5395964069572838,False,True,True,0.027970567404487178,0.9999999995705744,5.0,-0.04031512896770406
confirmation,4,5,moving_conditioned_gaussian,6.0,-0.2024694618812587,6.041444018904294,0.27283998146584665,0.1805273318707421,0.0015555431230222792,0.53373685941089,0.47530944385090396,True,False,False,0.030218465462507473,0.8834581223576002,5.904260924583513,-0.10673038646477162
confirmation,4,5,fixed_vertical_collision_repair,6.0,-0.2024694618812587,6.041444018904294,0.27283998146584665,0.1805273318707421,0.00423303034456351,0.4753094433471062,0.47530944334710534,False,True,True,0.06289949723079163,,,
confirmation,4,5,anchor_frozen_corridor_projection,6.0,-0.2024694618812587,6.041444018904294,0.27283998146584665,0.1805273318707421,0.0015555431228630474,0.5337368594165878,,False,True,True,0.02260784534198244,,,
confirmation,4,5,fixed_uniform_conditioned_coarse4,6.0,-0.2024694618812587,6.041444018904294,0.27283998146584665,0.1805273318707421,0.2521165151725001,0.12056413684493571,0.4753094436209194,False,True,True,0.0015144334560735927,0.6936630967625964,6.0,-0.33786496078431527
confirmation,4,5,anchor_frozen_conditioned_coarse4,6.0,-0.2024694618812587,6.041444018904294,0.27283998146584665,0.1805273318707421,0.0015555431230222761,0.53373685941089,,False,True,True,0.022607845340892347,0.8311777262436475,6.0,-0.33786496078431527
confirmation,4,5,anchor_frozen_conditioned_refined8,6.0,-0.2024694618812587,6.041444018904294,0.27283998146584665,0.1805273318707421,0.001555543123022276,0.53373685941089,,False,True,True,0.003541452115771009,0.7074844941183631,6.0,-0.33786496078431527
confirmation,4,5,convex_box_conditioned_control,6.0,-0.2024694618812587,6.041444018904294,0.27283998146584665,0.1805273318707421,0.004233030345000224,0.4753094433407795,0.4753094436209194,False,True,True,0.06289949722776682,0.9999999985747784,6.0,-0.06707396297820212
confirmation,4,6,moving_conditioned_gaussian,7.0,-0.22994846253552229,7.017993060599613,0.06815088911501076,0.15124857170088443,0.011541235501191294,0.3436468707911013,0.29809935165053303,True,False,False,0.13532583752667182,1.0253751449749506,6.89519840521299,-0.1865382206164134
confirmation,4,6,fixed_vertical_collision_repair,7.0,-0.22994846253552229,7.017993060599613,0.06815088911501076,0.15124857170088443,0.024366318134426468,0.2980993516505331,0.29809935165053303,False,True,True,0.19138590247016052,,,
confirmation,4,6,anchor_frozen_corridor_projection,7.0,-0.22994846253552229,7.017993060599613,0.06815088911501076,0.15124857170088443,0.01154123550119057,0.34364687079110456,,False,True,True,0.08194690466838371,,,
confirmation,4,6,fixed_uniform_conditioned_coarse4,7.0,-0.22994846253552229,7.017993060599613,0.06815088911501076,0.15124857170088443,0.262183159067214,0.09628927632363918,0.29809935165053303,False,True,True,0.016202106634201054,0.6707923405001897,7.0,-0.3433848913111856
confirmation,4,6,anchor_frozen_conditioned_coarse4,7.0,-0.22994846253552229,7.017993060599613,0.06815088911501076,0.15124857170088443,0.01154123550119129,0.3436468707911013,,False,True,True,0.0819469046683794,0.7950464594069816,7.0,-0.3433848913111856
confirmation,4,6,anchor_frozen_conditioned_refined8,7.0,-0.22994846253552229,7.017993060599613,0.06815088911501076,0.15124857170088443,0.011541235501191294,0.3436468707911013,,False,True,True,0.0016985548206914969,0.7002201480491917,7.0,-0.3433848913111856
confirmation,4,6,convex_box_conditioned_control,7.0,-0.22994846253552229,7.017993060599613,0.06815088911501076,0.15124857170088443,0.024366318134428053,0.2980993516505289,0.29809935165053303,False,True,True,0.19138590247015153,1.0000000000012632,7.0,-0.19213631961030117
confirmation,5,0,moving_conditioned_gaussian,1.0,-0.018959245284702837,0.8987966580641387,-0.3901998185308536,0.17913510459012805,0.9885246349873427,0.40739869582512117,0.3712405880278566,True,False,False,0.13509197019618135,1.0197578536218463,1.0950007354031808,-0.1139599806878836
confirmation,5,0,fixed_vertical_collision_repair,1.0,-0.018959245284702837,0.8987966580641387,-0.3901998185308536,0.17913510459012805,0.9808861788445152,0.3712405732461509,0.3712405732461508,False,True,True,0.16565322003136854,,,
confirmation,5,0,anchor_frozen_corridor_projection,1.0,-0.018959245284702837,0.8987966580641387,-0.3901998185308536,0.17913510459012805,0.988524634987311,0.4073986958249325,0.5477790415162883,False,True,True,0.0960350181116626,,,
confirmation,5,0,fixed_uniform_conditioned_coarse4,1.0,-0.018959245284702837,0.8987966580641387,-0.3901998185308536,0.17913510459012805,0.7404430894222841,0.11549055631005405,0.3712405826939879,False,True,True,0.011941171714932152,0.6490070797030415,1.0,0.1153920831578932
confirmation,5,0,anchor_frozen_conditioned_coarse4,1.0,-0.018959245284702837,0.8987966580641387,-0.3901998185308536,0.17913510459012805,0.9885246349873427,0.40739869582512117,0.5477797685418773,False,True,True,0.09603501809257817,0.8176262412980256,1.0,0.1153920831578932
confirmation,5,0,anchor_frozen_conditioned_refined8,1.0,-0.018959245284702837,0.8987966580641387,-0.3901998185308536,0.17913510459012805,0.9885246349873426,0.4073986958251204,,False,True,True,0.04545430373671162,0.437919243281467,1.0,0.1153920831578932
confirmation,5,0,convex_box_conditioned_control,1.0,-0.018959245284702837,0.8987966580641387,-0.3901998185308536,0.17913510459012805,0.9808861788445682,0.37124057324635445,0.3712405826939879,False,True,True,0.16565321999801744,0.9999999999969453,1.0,0.025824530862829174
confirmation,5,1,moving_conditioned_gaussian,2.107664013815887,0.04054641573646452,1.9583989043668926,0.07589836693969554,0.19540460345144228,0.4174011171727182,0.04075095729154545,0.03535195121388461,True,False,False,0.8419156819833525,1.2698910534953445,2.107664013815887,0.08939756659932509
confirmation,5,1,fixed_vertical_collision_repair,2.107664013815887,0.04054641573646452,1.9583989043668926,0.07589836693969554,0.19540460345144228,0.4282164899015227,0.03535195120323103,0.03535195120323102,False,True,True,0.6367396207579853,,,
confirmation,5,1,anchor_frozen_corridor_projection,2.107664013815887,0.04054641573646452,1.9583989043668926,0.07589836693969554,0.19540460345144228,0.41740111717755346,0.040750957289125055,0.04764690403877063,False,True,True,0.46104970508670773,,,
confirmation,5,1,fixed_uniform_conditioned_coarse4,2.107664013815887,0.04054641573646452,1.9583989043668926,0.07589836693969554,0.19540460345144228,0.464108244947926,0.017603805445039308,0.03535195121178561,False,True,True,0.1579288723887371,0.594756969433123,2.107664013815887,-0.1060070368521172
confirmation,5,1,anchor_frozen_conditioned_coarse4,2.107664013815887,0.04054641573646452,1.9583989043668926,0.07589836693969554,0.19540460345144228,0.41740111717271816,0.04075095729154551,0.04764690405115987,False,True,True,0.4610497048977811,0.88258537209351,2.107664013815887,-0.1060070368521172
confirmation,5,1,anchor_frozen_conditioned_refined8,2.107664013815887,0.04054641573646452,1.9583989043668926,0.07589836693969554,0.19540460345144228,0.4174011171727182,0.04075095729154545,0.20563005453883587,False,True,True,0.03499612471182864,0.36171536886337025,2.107664013815887,0.18709986832504621
confirmation,5,1,convex_box_conditioned_control,2.107664013815887,0.04054641573646452,1.9583989043668926,0.07589836693969554,0.19540460345144228,0.4282164898958521,0.0353519512060544,0.03535195121178561,False,True,True,0.6367396188834576,0.9999999996705733,2.107664013815887,-0.057155885989256625
confirmation,5,2,moving_conditioned_gaussian,3.0,0.10005207675763186,3.0059566929673394,-0.23665997746966394,0.19886620579298164,0.9754432106163705,0.39129001171834044,0.336712057634999,True,False,False,0.22937051156207242,0.8810145601968324,2.9429228983392894,-0.03774423617260303
confirmation,5,2,fixed_vertical_collision_repair,3.0,0.10005207675763186,3.0059566929673394,-0.23665997746966394,0.19886620579298164,0.9547873719705292,0.3367120542272958,0.3367120542272958,False,True,True,0.2714219667572222,,,
confirmation,5,2,anchor_frozen_corridor_projection,3.0,0.10005207675763186,3.0059566929673394,-0.23665997746966394,0.19886620579298164,0.9754432106198608,0.3912900117303962,,False,True,True,0.11620920903648578,,,
confirmation,5,2,fixed_uniform_conditioned_coarse4,3.0,0.10005207675763186,3.0059566929673394,-0.23665997746966394,0.19886620579298164,0.7273936859816408,0.12030398890305374,0.33671205692275097,False,True,True,0.033581023667556636,0.6759193988779361,3.0,0.2492017311023681
confirmation,5,2,anchor_frozen_conditioned_coarse4,3.0,0.10005207675763186,3.0059566929673394,-0.23665997746966394,0.19886620579298164,0.9754432106163706,0.3912900117183409,,False,True,True,0.11620920898666173,0.806193409531612,3.0,0.2492017311023681
confirmation,5,2,anchor_frozen_conditioned_refined8,3.0,0.10005207675763186,3.0059566929673394,-0.23665997746966394,0.19886620579298164,0.9754432106163706,0.3912900117183409,,False,True,True,0.021602147135601386,0.545039918335172,3.0,0.2492017311023681
confirmation,5,2,convex_box_conditioned_control,3.0,0.10005207675763186,3.0059566929673394,-0.23665997746966394,0.19886620579298164,0.9547873719632816,0.33671205421214745,0.33671205692275097,False,True,True,0.27142196663962626,0.99999999766598,3.0,-0.04909757758710437
confirmation,5,3,moving_conditioned_gaussian,4.061729154005052,0.15955773777879922,3.8877127018444115,0.20314137123939324,0.1770910013373498,0.38768893931689813,0.05053248523565583,0.04358363347410901,True,False,False,0.8476682468851664,1.2891432255130002,4.061729154005052,0.24810323844747412
confirmation,5,3,fixed_vertical_collision_repair,4.061729154005052,0.15955773777879922,3.8877127018444115,0.20314137123939324,0.1770910013373498,0.4027990500879409,0.04358363346059401,0.04358363346059402,False,True,True,0.6350050368432695,,,
confirmation,5,3,anchor_frozen_corridor_projection,4.061729154005052,0.15955773777879922,3.8877127018444115,0.20314137123939324,0.1770910013373498,0.3876889393214508,0.05053248523355087,0.058983861990122566,False,True,True,0.4594435904198686,,,
confirmation,5,3,fixed_uniform_conditioned_coarse4,4.061729154005052,0.15955773777879922,3.8877127018444115,0.20314137123939324,0.1770910013373498,0.4513995250412981,0.021627456079368154,0.043583633471039634,False,True,True,0.15640991547826597,0.5918720649753336,4.061729154005052,0.026739486775786858
confirmation,5,3,anchor_frozen_conditioned_coarse4,4.061729154005052,0.15955773777879922,3.8877127018444115,0.20314137123939324,0.1770910013373498,0.3876889393168982,0.050532485235655775,0.058983862007418425,False,True,True,0.4594435902485354,0.8820414839345108,4.061729154005052,0.026739486775786858
confirmation,5,3,anchor_frozen_conditioned_refined8,4.061729154005052,0.15955773777879922,3.8877127018444115,0.20314137123939324,0.1770910013373498,0.3876889393168981,0.05053248523565583,0.08979264913551263,False,True,True,0.20079684101817583,0.5229263712424828,4.061729154005052,0.2923759887818116
confirmation,5,3,convex_box_conditioned_control,4.061729154005052,0.15955773777879922,3.8877127018444115,0.20314137123939324,0.1770910013373498,0.4027990500825962,0.043583633463039485,0.04358363347103958,False,True,True,0.6350050351242642,0.999999999867937,4.061729154005052,0.026739486775786858
confirmation,5,4,moving_conditioned_gaussian,5.2066652450354995,0.21906339879996659,5.01660793688184,0.13498068487066528,0.17723422308149137,0.6977132796781931,0.09177807262418537,0.08408271392790803,True,False,False,0.72644942460626,1.2401967536189695,5.1557967944194605,0.3418707021741136
confirmation,5,4,fixed_vertical_collision_repair,5.2066652450354995,0.21906339879996659,5.01660793688184,0.13498068487066528,0.17723422308149137,0.6823982822734955,0.08408271392930133,0.08408271392930133,False,True,True,0.6141733929598979,,,
confirmation,5,4,anchor_frozen_corridor_projection,5.2066652450354995,0.21906339879996659,5.01660793688184,0.13498068487066528,0.17723422308149137,0.6977132797041923,0.09177807263739304,0.09743480448384356,False,True,True,0.5315404885619243,,,
confirmation,5,4,fixed_uniform_conditioned_coarse4,5.2066652450354995,0.21906339879996659,5.01660793688184,0.13498068487066528,0.17723422308149137,0.591199141122781,0.04087565238148746,0.08408271392851174,False,True,True,0.15124279743531804,0.563459224976738,5.2066652450354995,0.3519890661110851
confirmation,5,4,anchor_frozen_conditioned_coarse4,5.2066652450354995,0.21906339879996659,5.01660793688184,0.13498068487066528,0.17723422308149137,0.6977132796781932,0.09177807262418543,0.09743480448334937,False,True,True,0.5315404884114118,0.9420961741339333,5.2066652450354995,0.3519890661110851
confirmation,5,4,anchor_frozen_conditioned_refined8,5.2066652450354995,0.21906339879996659,5.01660793688184,0.13498068487066528,0.17723422308149137,0.6977132796781932,0.09177807262418543,0.16206196851922539,False,True,True,0.19489939137404216,0.6631582080053213,5.2066652450354995,0.3519890661110851
confirmation,5,4,convex_box_conditioned_control,5.2066652450354995,0.21906339879996659,5.01660793688184,0.13498068487066528,0.17723422308149137,0.682398282245562,0.0840827139154134,0.08408271392851174,False,True,True,0.6141733928414247,0.9999999987793529,5.2066652450354995,0.08613773148884807
confirmation,5,5,moving_conditioned_gaussian,6.042517131426534,0.27856905982113395,5.895799208408657,0.1954898222409195,0.21722320625123742,0.6652775130550892,0.09273473146222137,0.083079218545943,True,False,False,0.7757478566879539,1.2226468036882983,6.042517131426534,0.11565165513270587
confirmation,5,5,fixed_vertical_collision_repair,6.042517131426534,0.27856905982113395,5.895799208408657,0.1954898222409195,0.21722320625123742,0.6489399889775865,0.08307923758021445,0.08307923758021446,False,True,True,0.6252480350112009,,,
confirmation,5,5,anchor_frozen_corridor_projection,6.042517131426534,0.27856905982113395,5.895799208408657,0.1954898222409195,0.21722320625123742,0.6652776407472885,0.09273480762382519,0.10249162494672434,False,True,True,0.49996095161218257,,,
confirmation,5,5,fixed_uniform_conditioned_coarse4,6.042517131426534,0.27856905982113395,5.895799208408657,0.1954898222409195,0.21722320625123742,0.5744699231999817,0.04078711484805189,0.08307922305024798,False,True,True,0.15361238402790423,0.5856314211937863,6.042517131426534,0.441486464509562
confirmation,5,5,anchor_frozen_conditioned_coarse4,6.042517131426534,0.27856905982113395,5.895799208408657,0.1954898222409195,0.21722320625123742,0.6652775130550892,0.09273473146222137,0.10249161541773077,False,True,True,0.4999602853916778,0.9171679674567429,6.042517131426534,0.441486464509562
confirmation,5,5,anchor_frozen_conditioned_refined8,6.042517131426534,0.27856905982113395,5.895799208408657,0.1954898222409195,0.21722320625123742,0.665277513055089,0.09273473146222125,0.15636838173005124,False,True,True,0.21812022980563117,0.6628077395584743,6.042517131426534,0.441486464509562
confirmation,5,5,convex_box_conditioned_control,6.042517131426534,0.27856905982113395,5.895799208408657,0.1954898222409195,0.21722320625123742,0.6489398463999635,0.08307915405629142,0.08307922305024795,False,True,True,0.6252474437436782,0.9999958740733447,6.042517131426534,0.11565165513270587
confirmation,5,6,moving_conditioned_gaussian,7.0,0.3380747208423013,6.922816879580355,-0.21198861314228112,0.1570453370016912,0.9999187774742386,0.5922540400420573,0.5500633339846622,True,False,False,0.002938398698330395,0.9416899504490033,7.0,0.4558587235935697
confirmation,5,6,fixed_vertical_collision_repair,7.0,0.3380747208423013,6.922816879580355,-0.21198861314228112,0.1570453370016912,0.9997696094274193,0.5500633339845766,0.5500633339845824,False,True,True,0.007615291911947605,,,
confirmation,5,6,anchor_frozen_corridor_projection,7.0,0.3380747208423013,6.922816879580355,-0.21198861314228112,0.1570453370016912,0.9999187774742434,0.5922540400443603,,False,True,True,0.002677338156888065,,,
confirmation,5,6,fixed_uniform_conditioned_coarse4,7.0,0.3380747208423013,6.922816879580355,-0.21198861314228112,0.1570453370016912,0.749884804713703,0.10586854751454174,0.5500633339846246,False,True,True,1.7566874777784655e-05,0.7347156612937699,7.0,0.4558587235935697
confirmation,5,6,anchor_frozen_conditioned_coarse4,7.0,0.3380747208423013,6.922816879580355,-0.21198861314228112,0.1570453370016912,0.9999187774742386,0.5922540400420573,,False,True,True,0.002677338156845831,0.9414373401303775,7.0,0.4558587235935697
confirmation,5,6,anchor_frozen_conditioned_refined8,7.0,0.3380747208423013,6.922816879580355,-0.21198861314228112,0.1570453370016912,0.9999187774742386,0.5922540400420573,,False,True,True,0.00016868843313459404,0.9167037630729136,7.0,0.4558587235935697
confirmation,5,6,convex_box_conditioned_control,7.0,0.3380747208423013,6.922816879580355,-0.21198861314228112,0.1570453370016912,0.9997696094274059,0.5500633339821371,0.5500633339846245,False,True,True,0.007615291911828231,0.9999999991805516,7.0,0.22029071809103287
confirmation,6,0,moving_conditioned_gaussian,1.179694787633612,-0.06162003754685456,0.9958929707623513,0.08945836129013429,0.18160041760714282,0.16700028491341223,0.17544183138642494,0.15107839883760762,True,False,False,0.6884753342231041,1.2247068053849675,1.179694787633612,0.07458027565850256
confirmation,6,0,fixed_vertical_collision_repair,1.179694787633612,-0.06162003754685456,0.9958929707623513,0.08945836129013429,0.18160041760714282,0.20272490711465652,0.15107839883698881,0.15107839883698884,False,True,True,0.54133258831469,,,
confirmation,6,0,anchor_frozen_corridor_projection,1.179694787633612,-0.06162003754685456,0.9958929707623513,0.08945836129013429,0.18160041760714282,0.1670002849133132,0.17544183138649683,0.2134399497503729,False,True,True,0.35850924110251536,,,
confirmation,6,0,fixed_uniform_conditioned_coarse4,1.179694787633612,-0.06162003754685456,0.9958929707623513,0.08945836129013429,0.18160041760714282,0.3513624535573925,0.06930684092476073,0.1510783988374307,False,True,True,0.12688208879474205,0.6012026262917307,1.179694787633612,-0.19782035075221166
confirmation,6,0,anchor_frozen_conditioned_coarse4,1.179694787633612,-0.06162003754685456,0.9958929707623513,0.08945836129013429,0.18160041760714282,0.1670002849134123,0.17544183138642494,0.21343994975405434,False,True,True,0.3585092411007518,0.8404899952414241,1.179694787633612,-0.19782035075221166
confirmation,6,0,anchor_frozen_conditioned_refined8,1.179694787633612,-0.06162003754685456,0.9958929707623513,0.08945836129013429,0.18160041760714282,0.16700028491341223,0.17544183138642494,,False,True,True,0.023676854915510415,0.39136015199484986,1.179694787633612,-0.19782035075221166
confirmation,6,0,convex_box_conditioned_control,1.179694787633612,-0.06162003754685456,0.9958929707623513,0.08945836129013429,0.18160041760714282,0.20272490711478497,0.15107839883690616,0.15107839883743074,False,True,True,0.5413325883119459,0.9999999999860305,1.179694787633612,0.07458027565850256
confirmation,6,1,moving_conditioned_gaussian,2.311238958403003,-0.06770213990775725,2.1073814938554247,0.2125646395641363,0.159675145397256,0.02214809980179893,0.3211509578348853,0.2802667794721222,True,False,False,0.23402648542759452,1.0705551392583004,2.3570677329310157,0.042938309104709194
confirmation,6,1,fixed_vertical_collision_repair,2.311238958403003,-0.06770213990775725,2.1073814938554247,0.2125646395641363,0.159675145397256,0.03960989401871054,0.2802667794718936,0.28026677947189355,False,True,True,0.25247198697860473,,,
confirmation,6,1,anchor_frozen_corridor_projection,2.311238958403003,-0.06770213990775725,2.1073814938554247,0.2125646395641363,0.159675145397256,0.022148099801798906,0.3211509578348853,0.4841232900454198,False,True,True,0.13267359172186663,,,
confirmation,6,1,fixed_uniform_conditioned_coarse4,2.311238958403003,-0.06770213990775725,2.1073814938554247,0.2125646395641363,0.159675145397256,0.26980494700935526,0.09794521535627224,0.28026677947199885,False,True,True,0.028918189720811633,0.6090545224566226,2.311238958403003,-0.18745849895569924
confirmation,6,1,anchor_frozen_conditioned_coarse4,2.311238958403003,-0.06770213990775725,2.1073814938554247,0.2125646395641363,0.159675145397256,0.02214809980179891,0.3211509578348853,0.4841232902739981,False,True,True,0.13267359172186668,0.7280751652799221,2.311238958403003,-0.18745849895569924
confirmation,6,1,anchor_frozen_conditioned_refined8,2.311238958403003,-0.06770213990775725,2.1073814938554247,0.2125646395641363,0.159675145397256,0.02214809980179891,0.3211509578348853,,False,True,True,0.030114026605879862,0.41525376070286635,2.311238958403003,-0.18745849895569924
confirmation,6,1,convex_box_conditioned_control,2.311238958403003,-0.06770213990775725,2.1073814938554247,0.2125646395641363,0.159675145397256,0.03960989401871055,0.2802667794718936,0.2802667794719989,False,True,True,0.2524719869786049,1.0000000000002773,2.311238958403003,-0.027783353558443254
confirmation,6,2,moving_conditioned_gaussian,3.075418271958051,-0.07378424226865994,2.925228879680372,-0.22272848249172017,0.19685327064323752,0.8030713847035178,0.1678455911298083,0.14894424185372046,True,False,False,0.6876502765011321,1.1904385244428348,3.075418271958051,-0.22142419525108809
confirmation,6,2,fixed_vertical_collision_repair,3.075418271958051,-0.07378424226865994,2.925228879680372,-0.22272848249172017,0.19685327064323752,0.7753629248120422,0.14894424022306024,0.14894424022306024,False,True,True,0.5601248313642513,,,
confirmation,6,2,anchor_frozen_corridor_projection,3.075418271958051,-0.07378424226865994,2.925228879680372,-0.22272848249172017,0.19685327064323752,0.8030713846747357,0.1678455911093805,0.19421296706169444,False,True,True,0.40726050244057177,,,
confirmation,6,2,fixed_uniform_conditioned_coarse4,3.075418271958051,-0.07378424226865994,2.925228879680372,-0.22272848249172017,0.19685327064323752,0.6376814624234146,0.0693451628397559,0.1489442414881188,False,True,True,0.13398142762905388,0.6016581068947754,3.075418271958051,0.07385571071376819
confirmation,6,2,anchor_frozen_conditioned_coarse4,3.075418271958051,-0.07378424226865994,2.925228879680372,-0.22272848249172017,0.19685327064323752,0.8030713847035178,0.1678455911298083,0.19421297107638358,False,True,True,0.4072604958096466,0.8782113756692609,3.075418271958051,0.07385571071376819
confirmation,6,2,anchor_frozen_conditioned_refined8,3.075418271958051,-0.07378424226865994,2.925228879680372,-0.22272848249172017,0.19685327064323752,0.8030713847035178,0.1678455911298083,0.4108303801647986,False,True,True,0.12938076241144936,0.39041538224011774,3.075418271958051,-0.22142419525108809
confirmation,6,2,convex_box_conditioned_control,3.075418271958051,-0.07378424226865994,2.925228879680372,-0.22272848249172017,0.19685327064323752,0.7753629248468292,0.14894424024591427,0.14894424148811886,False,True,True,0.5601248219022386,0.9999999992098166,3.075418271958051,0.07385571071376819
confirmation,6,3,moving_conditioned_gaussian,4.184233457187024,-0.07986634462956263,4.01617900351664,-0.14219307504872838,0.2099306614405833,0.6296328798449017,0.0694621043897394,0.06232673222320936,True,False,False,0.7836156452306209,1.2498767704113685,4.184233457187024,-0.18483167534985429
confirmation,6,3,fixed_vertical_collision_repair,4.184233457187024,-0.07986634462956263,4.01617900351664,-0.14219307504872838,0.2099306614405833,0.6167255115888366,0.06232673041916576,0.062326730419165755,False,True,True,0.6323277707761409,,,
confirmation,6,3,anchor_frozen_corridor_projection,4.184233457187024,-0.07986634462956263,4.01617900351664,-0.14219307504872838,0.2099306614405833,0.6296328794358269,0.06946210416236462,0.07496599038039559,False,True,True,0.5331503729589845,,,
confirmation,6,3,fixed_uniform_conditioned_coarse4,4.184233457187024,-0.07986634462956263,4.01617900351664,-0.14219307504872838,0.2099306614405833,0.558362756016465,0.030821916007405532,0.06232673156993254,False,True,True,0.1559232194090372,0.5700416792107131,4.184233457187024,0.07758165145087484
confirmation,6,3,anchor_frozen_conditioned_coarse4,4.184233457187024,-0.07986634462956263,4.01617900351664,-0.14219307504872838,0.2099306614405833,0.6296328798449018,0.06946210438973947,0.0749659919450203,False,True,True,0.5331503594487014,0.9339708695729004,4.184233457187024,0.07758165145087484
confirmation,6,3,anchor_frozen_conditioned_refined8,4.184233457187024,-0.07986634462956263,4.01617900351664,-0.14219307504872838,0.2099306614405833,0.6296328798449018,0.06946210438973947,0.18963221537903588,False,True,True,0.09634476479349008,0.4039317903298479,4.184233457187024,-0.2373143407100001
confirmation,6,3,convex_box_conditioned_control,4.184233457187024,-0.07986634462956263,4.01617900351664,-0.14219307504872838,0.2099306614405833,0.6167255120329301,0.06232673066338544,0.062326731569932514,False,True,True,0.6323276838689732,0.9999999882868332,4.184233457187024,0.07758165145087484
confirmation,6,4,moving_conditioned_gaussian,5.125398390454694,-0.08594844699046532,4.939078966265572,-0.09483490530801764,0.22837185055657444,0.5175809871284376,0.010067378717085506,0.008886466544466384,True,False,False,0.816414841428164,1.2778223849293098,5.125398390454694,-0.14304140962960893
confirmation,6,4,fixed_vertical_collision_repair,5.125398390454694,-0.08594844699046532,4.939078966265572,-0.09483490530801764,0.22837185055657444,0.5155198176866416,0.008886458317552318,0.008886458317552332,False,True,True,0.6366084684423967,,,
confirmation,6,4,anchor_frozen_corridor_projection,5.125398390454694,-0.08594844699046532,4.939078966265572,-0.09483490530801764,0.22837185055657444,0.517580979881415,0.010067374564542805,0.011030859548685337,False,True,True,0.5283554405405284,,,
confirmation,6,4,fixed_uniform_conditioned_coarse4,5.125398390454694,-0.08594844699046532,4.939078966265572,-0.09483490530801764,0.22837185055657444,0.5077599128140828,0.004442390540882294,0.008886463836988809,False,True,True,0.15765563607017818,0.5727928464614896,5.125398390454694,0.08533044092696553
confirmation,6,4,anchor_frozen_conditioned_coarse4,5.125398390454694,-0.08594844699046532,4.939078966265572,-0.09483490530801764,0.22837185055657444,0.5175809871284375,0.010067378717085443,0.011030865329752476,False,True,True,0.5283552427243157,0.9254367650503375,5.125398390454694,0.08533044092696553
confirmation,6,4,anchor_frozen_conditioned_refined8,5.125398390454694,-0.08594844699046532,4.939078966265572,-0.09483490530801764,0.22837185055657444,0.5175809871284376,0.010067378717085506,0.03712342226089815,False,True,True,0.05125907284656206,0.40131066459977155,5.125398390454694,-0.2572273349078962
confirmation,6,4,convex_box_conditioned_control,5.125398390454694,-0.08594844699046532,4.939078966265572,-0.09483490530801764,0.22837185055657444,0.5155198256281656,0.008886462867067867,0.008886463836988837,False,True,True,0.6366082287744548,0.9999997669202495,5.125398390454694,0.08533044092696553
confirmation,6,5,moving_conditioned_gaussian,6.182514797237275,-0.09203054935136801,5.995357634533181,0.19936020005264612,0.20621214319205308,0.05859165675741063,0.3230739026981754,0.2913907544523143,True,False,False,0.38355015957744154,1.1321841716363255,6.241700275301347,0.050855834486450396
confirmation,6,5,fixed_vertical_collision_repair,6.182514797237275,-0.09203054935136801,5.995357634533181,0.19936020005264612,0.20621214319205308,0.07881860074729974,0.2913907494040142,0.2913907494040141,False,True,True,0.3617627340558044,,,
confirmation,6,5,anchor_frozen_corridor_projection,6.182514797237275,-0.09203054935136801,5.995357634533181,0.19936020005264612,0.20621214319205308,0.05859165672762025,0.3230739027507145,0.38691645786258577,False,True,True,0.24998453697185255,,,
confirmation,6,5,fixed_uniform_conditioned_coarse4,6.182514797237275,-0.09203054935136801,5.995357634533181,0.19936020005264612,0.20621214319205308,0.2894093003938827,0.11447067077383921,0.2913907525141683,False,True,True,0.06005827575321326,0.6018141336239157,6.182514797237275,-0.24668965674540783
confirmation,6,5,anchor_frozen_conditioned_coarse4,6.182514797237275,-0.09203054935136801,5.995357634533181,0.19936020005264612,0.20621214319205308,0.058591656757410626,0.3230739026981754,0.3869164866413262,False,True,True,0.2499845364805977,0.827796898373617,6.182514797237275,-0.24668965674540783
confirmation,6,5,anchor_frozen_conditioned_refined8,6.182514797237275,-0.09203054935136801,5.995357634533181,0.19936020005264612,0.20621214319205308,0.05859165675741064,0.3230739026981754,,False,True,True,0.03817076987303266,0.4176302212739746,6.182514797237275,-0.24668965674540783
confirmation,6,5,convex_box_conditioned_control,6.182514797237275,-0.09203054935136801,5.995357634533181,0.19936020005264612,0.20621214319205308,0.07881860078776537,0.29139074934724946,0.29139075251416824,False,True,True,0.36176273333426323,0.9999999923075398,6.182514797237275,0.06262855804267181
confirmation,6,6,moving_conditioned_gaussian,7.0,-0.0981126517122707,6.8952320894328185,0.1826884894581794,0.17676050464875795,0.03425092430294644,0.322003062061972,0.28080114117647864,True,False,False,0.28317406572372555,1.0477345369963242,7.09374141361232,-0.00437123809995095
confirmation,6,6,fixed_vertical_collision_repair,7.0,-0.0981126517122707,6.8952320894328185,0.1826884894581794,0.17676050464875795,0.05607574529481037,0.2808011411704501,0.2808011411704501,False,True,True,0.3044065673249062,,,
confirmation,6,6,anchor_frozen_corridor_projection,7.0,-0.0981126517122707,6.8952320894328185,0.1826884894581794,0.17676050464875795,0.034250924302923494,0.3220030620620252,0.4718937575161881,False,True,True,0.1611486231322494,,,
confirmation,6,6,fixed_uniform_conditioned_coarse4,7.0,-0.0981126517122707,6.8952320894328185,0.1826884894581794,0.17676050464875795,0.278037872647425,0.10405542959490234,0.2808011411748856,False,True,True,0.04246439769438911,0.6499930860515197,7.0,-0.23068303019883918
confirmation,6,6,anchor_frozen_conditioned_coarse4,7.0,-0.0981126517122707,6.8952320894328185,0.1826884894581794,0.17676050464875795,0.03425092430294644,0.322003062061972,0.47189375936984174,False,True,True,0.16114862313207598,0.8013578621684916,7.0,-0.23068303019883918
confirmation,6,6,anchor_frozen_conditioned_refined8,7.0,-0.0981126517122707,6.8952320894328185,0.1826884894581794,0.17676050464875795,0.03425092430294643,0.322003062061972,,False,True,True,0.024678195109835894,0.4956012520326666,7.0,-0.23068303019883918
confirmation,6,6,convex_box_conditioned_control,7.0,-0.0981126517122707,6.8952320894328185,0.1826884894581794,0.17676050464875795,0.056075745294849995,0.280801141170388,0.28080114117488564,False,True,True,0.30440656732457777,0.9999999999888005,7.0,0.03445772677429777
confirmation,7,0,moving_conditioned_gaussian,1.0,0.10575370302251778,1.1006911497843277,-0.46171428476195,0.15478872979928274,0.9999638812503024,0.6143244774808181,0.5674679897533009,True,False,False,0.0016071758820225817,0.9476432337275147,1.0,0.22184525037197983
confirmation,7,0,fixed_vertical_collision_repair,1.0,0.10575370302251778,1.1006911497843277,-0.46171428476195,0.15478872979928274,0.9998768519249969,0.5674679877844648,0.5674679877844677,False,True,True,0.004700853760762773,,,
confirmation,7,0,anchor_frozen_corridor_projection,1.0,0.10575370302251778,1.1006911497843277,-0.46171428476195,0.15478872979928274,0.9999638812503026,0.6143244774809314,,False,True,True,0.0013760590834054776,,,
confirmation,7,0,fixed_uniform_conditioned_coarse4,1.0,0.10575370302251778,1.1006911497843277,-0.46171428476195,0.15478872979928274,0.7499384259624984,0.10437342098763437,0.5674679887099143,False,True,True,6.4361750189253734e-06,0.738271428273101,1.0,0.22184525037197983
confirmation,7,0,anchor_frozen_conditioned_coarse4,1.0,0.10575370302251778,1.1006911497843277,-0.46171428476195,0.15478872979928274,0.9999638812503026,0.6143244774809314,,False,True,True,0.0013760590834054776,0.9475043818144412,1.0,0.22184525037197983
confirmation,7,0,anchor_frozen_conditioned_refined8,1.0,0.10575370302251778,1.1006911497843277,-0.46171428476195,0.15478872979928274,0.9999638812503026,0.6143244774809314,,False,True,True,0.0004933241039618804,0.8041580787328182,1.0,0.22184525037197983
confirmation,7,0,convex_box_conditioned_control,1.0,0.10575370302251778,1.1006911497843277,-0.46171428476195,0.15478872979928274,0.9998768519249969,0.5674679877844648,0.5674679887099142,False,True,True,0.004700853760762773,0.9999999999999859,1.0,0.028359338122876415
confirmation,7,1,moving_conditioned_gaussian,1.9483658145163438,0.10923451438660141,2.1012943654521674,-0.14270187651493416,0.2279458416722379,0.8918155090436402,0.2817960031132666,0.25193641157693075,True,False,False,0.5227285800695677,1.0854898793231182,1.8829424917029827,-0.04871135884492776
confirmation,7,1,fixed_vertical_collision_repair,1.9483658145163438,0.10923451438660141,2.1012943654521674,-0.14270187651493416,0.2279458416722379,0.8654736483673775,0.2519363909015356,0.2519363909015356,False,True,True,0.46210233071956924,,,
confirmation,7,1,anchor_frozen_corridor_projection,1.9483658145163438,0.10923451438660141,2.1012943654521674,-0.14270187651493416,0.2279458416722379,0.8918155116661151,0.2817960063306093,0.33999283776234385,False,True,True,0.3139035814251906,,,
confirmation,7,1,fixed_uniform_conditioned_coarse4,1.9483658145163438,0.10923451438660141,2.1012943654521674,-0.14270187651493416,0.2279458416722379,0.6827368224574016,0.10835762907765643,0.2519364077619037,False,True,True,0.09609900379727015,0.6262788335506243,1.9483658145163438,0.28019389564077984
confirmation,7,1,anchor_frozen_conditioned_coarse4,1.9483658145163438,0.10923451438660141,2.1012943654521674,-0.14270187651493416,0.2279458416722379,0.8918155090436403,0.2817960031132668,0.3399929357220665,False,True,True,0.3139035590947169,0.8574844637525321,1.9483658145163438,0.28019389564077984
confirmation,7,1,anchor_frozen_conditioned_refined8,1.9483658145163438,0.10923451438660141,2.1012943654521674,-0.14270187651493416,0.2279458416722379,0.8918155090436402,0.2817960031132666,,False,True,True,0.02554144660943125,0.44073099372791524,1.9483658145163438,0.28019389564077984
confirmation,7,1,convex_box_conditioned_control,1.9483658145163438,0.10923451438660141,2.1012943654521674,-0.14270187651493416,0.2279458416722379,0.8654736449148033,0.2519363872680348,0.2519364077619037,False,True,True,0.4621022975115186,0.9999996735545279,1.9483658145163438,-0.06172486686757701
confirmation,7,2,moving_conditioned_gaussian,3.0,0.11271532575068503,2.8997297907283515,-0.33078535524424657,0.1574489243485803,0.9985708192565134,0.46960296540901764,0.4435006810115042,True,False,False,0.03163782378559618,1.0270969456196997,3.0834999015730564,0.029215424177628374
confirmation,7,2,fixed_vertical_collision_repair,3.0,0.11271532575068503,2.8997297907283515,-0.33078535524424657,0.1574489243485803,0.9975746945136099,0.4435006809949321,0.4435006809949316,False,True,True,0.04287011780851048,,,
confirmation,7,2,anchor_frozen_corridor_projection,3.0,0.11271532575068503,2.8997297907283515,-0.33078535524424657,0.1574489243485803,0.9985708192565133,0.46960296540901386,0.605757931377631,False,True,True,0.025131358923378633,,,
confirmation,7,2,fixed_uniform_conditioned_coarse4,3.0,0.11271532575068503,2.8997297907283515,-0.33078535524424657,0.1574489243485803,0.748787347256805,0.10559762242867501,0.4435006810043921,False,True,True,0.0006690986874329537,0.6610693551834391,3.0,0.23080201901212027
confirmation,7,2,anchor_frozen_conditioned_coarse4,3.0,0.11271532575068503,2.8997297907283515,-0.33078535524424657,0.1574489243485803,0.9985708192565133,0.46960296540901386,0.6057579340426795,False,True,True,0.025131358923378633,0.841208292787013,3.0,0.23080201901212027
confirmation,7,2,anchor_frozen_conditioned_refined8,3.0,0.11271532575068503,2.8997297907283515,-0.33078535524424657,0.1574489243485803,0.9985708192565133,0.46960296540901386,,False,True,True,0.007049079967535468,0.5590899054492913,3.0,0.23080201901212027
confirmation,7,2,convex_box_conditioned_control,3.0,0.11271532575068503,2.8997297907283515,-0.33078535524424657,0.1574489243485803,0.9975746945136099,0.4435006809949321,0.4435006810043921,False,True,True,0.04287011780851048,1.0000000000011011,3.0,0.1520775568378301
confirmation,7,3,moving_conditioned_gaussian,4.0,0.11619613711476866,4.023824648576013,-0.48805312006735535,0.21020872488340686,0.9993411000473231,0.675206179568516,0.6042595784360774,True,False,False,0.015186063986159888,0.8665419102543254,4.0,0.27385268077732383
confirmation,7,3,fixed_vertical_collision_repair,4.0,0.11619613711476866,4.023824648576013,-0.48805312006735535,0.21020872488340686,0.9979767915274238,0.604249257182124,0.604249257182124,False,True,True,0.03774823812953991,,,
confirmation,7,3,anchor_frozen_corridor_projection,4.0,0.11619613711476866,4.023824648576013,-0.48805312006735535,0.21020872488340686,0.9993411000482606,0.6752061796544371,,False,True,True,0.012108171799842471,,,
confirmation,7,3,fixed_uniform_conditioned_coarse4,4.0,0.11619613711476866,4.023824648576013,-0.48805312006735535,0.21020872488340686,0.7489883957622634,0.14111517191323983,0.6042546899819108,False,True,True,0.0005105385577883665,0.7091822343766501,4.0,0.27385268077732383
confirmation,7,3,anchor_frozen_conditioned_coarse4,4.0,0.11619613711476866,4.023824648576013,-0.48805312006735535,0.21020872488340686,0.9993411000473232,0.6752061795685262,,False,True,True,0.012108171552339923,0.8644522630077619,4.0,0.27385268077732383
confirmation,7,3,anchor_frozen_conditioned_refined8,4.0,0.11619613711476866,4.023824648576013,-0.48805312006735535,0.21020872488340686,0.9993411000473231,0.675206179568516,,False,True,True,0.004054453885939474,0.6934465672124334,4.0,0.27385268077732383
confirmation,7,3,convex_box_conditioned_control,4.0,0.11619613711476866,4.023824648576013,-0.48805312006735535,0.21020872488340686,0.9979767915245267,0.6042492570870708,0.6042546899819108,False,True,True,0.037748237355234075,0.9999999717218618,4.0,-0.0414604065477865
confirmation,7,4,moving_conditioned_gaussian,5.0,0.11967694847885228,5.072435210500359,-0.2819073411843678,0.1724157218349031,0.9942588872662819,0.4358100294988548,0.4015842897871205,True,False,False,0.08987250700824775,1.0894929109681657,4.908562755430525,0.02823970390937719
confirmation,7,4,fixed_vertical_collision_repair,5.0,0.11967694847885228,5.072435210500359,-0.2819073411843678,0.1724157218349031,0.9900747792467416,0.40158428966321996,0.4015842896632201,False,True,True,0.11026679372753823,,,
confirmation,7,4,anchor_frozen_corridor_projection,5.0,0.11967694847885228,5.072435210500359,-0.2819073411843678,0.1724157218349031,0.9942588872662846,0.43581002949888403,0.5916944018010121,False,True,True,0.0626996514869393,,,
confirmation,7,4,fixed_uniform_conditioned_coarse4,5.0,0.11967694847885228,5.072435210500359,-0.2819073411843678,0.1724157218349031,0.7450373896233684,0.11361405300477559,0.40158428972624716,False,True,True,0.005022146809531602,0.6297242834090159,5.0,0.24898873985502962
confirmation,7,4,anchor_frozen_conditioned_coarse4,5.0,0.11967694847885228,5.072435210500359,-0.2819073411843678,0.1724157218349031,0.9942588872662819,0.4358100294988548,0.5916944207726331,False,True,True,0.06269965148691531,0.7815911857932486,5.0,0.24898873985502962
confirmation,7,4,anchor_frozen_conditioned_refined8,5.0,0.11967694847885228,5.072435210500359,-0.2819073411843678,0.1724157218349031,0.9942588872662819,0.4358100294988548,,False,True,True,0.014426920236316658,0.5007547028981282,5.0,0.24898873985502962
confirmation,7,4,convex_box_conditioned_control,5.0,0.11967694847885228,5.072435210500359,-0.2819073411843678,0.1724157218349031,0.9900747792467368,0.401584289663189,0.4015842897262472,False,True,True,0.11026679372749698,0.9999999999924604,5.0,-0.009634842897325038
confirmation,7,5,moving_conditioned_gaussian,5.894597600110563,0.12315775984293592,6.117687292035586,0.17343908243985762,0.2011890924309675,0.385027750396459,0.058808034355501304,0.05028132348800121,True,False,False,0.8628248984955387,1.3276357963683598,5.894597600110563,0.22375230605841967
confirmation,7,5,fixed_vertical_collision_repair,5.894597600110563,0.12315775984293592,6.117687292035586,0.17343908243985762,0.2011890924309675,0.4013243301295842,0.05028132259692173,0.050281322596921696,False,True,True,0.6348441316279778,,,
confirmation,7,5,anchor_frozen_corridor_projection,5.894597600110563,0.12315775984293592,6.117687292035586,0.17343908243985762,0.2011890924309675,0.3850277506732788,0.05880803420980623,0.06788901721707669,False,True,True,0.4693630278520837,,,
confirmation,7,5,fixed_uniform_conditioned_coarse4,5.894597600110563,0.12315775984293592,6.117687292035586,0.17343908243985762,0.2011890924309675,0.45066216490402233,0.024945146660100604,0.05028132322403836,False,True,True,0.15639657676798568,0.583764468646431,5.894597600110563,-0.027734059480289702
confirmation,7,5,anchor_frozen_conditioned_coarse4,5.894597600110563,0.12315775984293592,6.117687292035586,0.17343908243985762,0.2011890924309675,0.3850277503964591,0.05880803435550125,0.06788901820435117,False,True,True,0.46936301924417423,0.8869795318690956,5.894597600110563,-0.027734059480289702
confirmation,7,5,anchor_frozen_conditioned_refined8,5.894597600110563,0.12315775984293592,6.117687292035586,0.17343908243985762,0.2011890924309675,0.38502775039645903,0.058808034355501304,0.1321763289392851,False,True,True,0.13055258349480425,0.44307194861135385,5.894597600110563,0.27404957916616157
confirmation,7,5,convex_box_conditioned_control,5.894597600110563,0.12315775984293592,6.117687292035586,0.17343908243985762,0.2011890924309675,0.4013243298080446,0.05028132276422012,0.05028132322403833,False,True,True,0.6348440666490868,0.9999999928529721,5.894597600110563,-0.027734059480289702
confirmation,7,6,moving_conditioned_gaussian,7.0,0.12663857120701955,6.999158798850323,-0.2746401114932603,0.16283381854954393,0.9970294983887669,0.4479590769309184,0.4012786827109078,True,False,False,0.05873342051065395,1.0832959675716751,7.112829124118935,0.0799032177662792
confirmation,7,6,fixed_vertical_collision_repair,7.0,0.12663857120701955,6.999158798850323,-0.2746401114932603,0.16283381854954393,0.9931368012847959,0.40127868270028005,0.40127868270027983,False,True,True,0.0868301237989266,,,
confirmation,7,6,anchor_frozen_corridor_projection,7.0,0.12663857120701955,6.999158798850323,-0.2746401114932603,0.16283381854954393,0.997029498388767,0.4479590769309205,,False,True,True,0.03695075985996337,,,
confirmation,7,6,fixed_uniform_conditioned_coarse4,7.0,0.12663857120701955,6.999158798850323,-0.2746401114932603,0.16283381854954393,0.7465684006423978,0.10807767413459121,0.4012786827043626,False,True,True,0.0030148561037773858,0.6334118240460126,7.0,0.2487639351191775
confirmation,7,6,anchor_frozen_conditioned_coarse4,7.0,0.12663857120701955,6.999158798850323,-0.2746401114932603,0.16283381854954393,0.9970294983887669,0.4479590769309184,,False,True,True,0.03695075985996226,0.7160464631988853,7.0,0.2487639351191775
confirmation,7,6,anchor_frozen_conditioned_refined8,7.0,0.12663857120701955,6.999158798850323,-0.2746401114932603,0.16283381854954393,0.997029498388767,0.4479590769309205,,False,True,True,0.008271997821968854,0.5176882909034862,7.0,0.2487639351191775
confirmation,7,6,convex_box_conditioned_control,7.0,0.12663857120701955,6.999158798850323,-0.2746401114932603,0.16283381854954393,0.9931368012847956,0.40127868270027817,0.4012786827043627,False,True,True,0.08683012379892514,0.9999999999995232,7.0,0.04522166193224758
confirmation,8,0,moving_conditioned_gaussian,1.0,-0.1514829150510454,1.0900342426840965,0.2641808354633196,0.17187919390336287,0.004242067706770408,0.4524152886168193,0.41566375055688043,True,False,False,0.06431329415356407,0.954933775771624,0.908847292334541,-0.060330207385586365
confirmation,8,0,fixed_vertical_collision_repair,1.0,-0.1514829150510454,1.0900342426840965,0.2641808354633196,0.17187919390336287,0.007795573264682231,0.41566375051436455,0.415663750514365,False,True,True,0.09436792720956179,,,
confirmation,8,0,anchor_frozen_corridor_projection,1.0,-0.1514829150510454,1.0900342426840965,0.2641808354633196,0.17187919390336287,0.004242067706763872,0.45241528861690955,0.6638376275789069,False,True,True,0.05012539575978974,,,
confirmation,8,0,fixed_uniform_conditioned_coarse4,1.0,-0.1514829150510454,1.0900342426840965,0.2641808354633196,0.17187919390336287,0.25389778663234713,0.11383113823917419,0.41566375054302707,False,True,True,0.0036016201535312826,0.6851177744599293,1.0,-0.2803923104785676
confirmation,8,0,anchor_frozen_conditioned_coarse4,1.0,-0.1514829150510454,1.0900342426840965,0.2641808354633196,0.17187919390336287,0.0042420677067704,0.4524152886168193,0.6638376774153001,False,True,True,0.050125395759746866,0.859980024594066,1.0,-0.2803923104785676
confirmation,8,0,anchor_frozen_conditioned_refined8,1.0,-0.1514829150510454,1.0900342426840965,0.2641808354633196,0.17187919390336287,0.004242067706770402,0.4524152886168193,,False,True,True,0.009503570894644858,0.6313004566126167,1.0,-0.2803923104785676
confirmation,8,0,convex_box_conditioned_control,1.0,-0.1514829150510454,1.0900342426840965,0.2641808354633196,0.17187919390336287,0.007795573264694318,0.4156637505142685,0.41566375054302707,False,True,True,0.09436792720948109,0.9999999999760717,1.0,-0.022573519623523247
confirmation,8,1,moving_conditioned_gaussian,2.0,-0.0802668393073437,1.8816318439693362,0.32353297159396177,0.1899308326194438,0.011301669055294943,0.433056231088632,0.4037998214761204,True,False,False,0.12852875503871378,0.9771301989473908,2.0545125372040762,0.051338067330104695
confirmation,8,1,fixed_vertical_collision_repair,2.0,-0.0802668393073437,1.8816318439693362,0.32353297159396177,0.1899308326194438,0.016750125963910827,0.4037998109013057,0.40379981090130546,False,True,True,0.15291234685507657,,,
confirmation,8,1,anchor_frozen_corridor_projection,2.0,-0.0802668393073437,1.8816318439693362,0.32353297159396177,0.1899308326194438,0.011301669055182094,0.43305623108935526,0.5291283308020821,False,True,True,0.1003751364933685,,,
confirmation,8,1,fixed_uniform_conditioned_coarse4,2.0,-0.0802668393073437,1.8816318439693362,0.32353297159396177,0.1899308326194438,0.25837506298203955,0.1231441448285864,0.4037998186396627,False,True,True,0.010076813973601951,0.6613004670274316,2.0,-0.22271496377192657
confirmation,8,1,anchor_frozen_conditioned_coarse4,2.0,-0.0802668393073437,1.8816318439693362,0.32353297159396177,0.1899308326194438,0.011301669055294929,0.433056231088632,0.5291284882897331,False,True,True,0.10037513648161095,0.8669212666339885,2.0,-0.22271496377192657
confirmation,8,1,anchor_frozen_conditioned_refined8,2.0,-0.0802668393073437,1.8816318439693362,0.32353297159396177,0.1899308326194438,0.011301669055294927,0.433056231088632,,False,True,True,0.02873532116444482,0.4892684567047513,2.0,-0.22271496377192657
confirmation,8,1,convex_box_conditioned_control,2.0,-0.0802668393073437,1.8816318439693362,0.32353297159396177,0.1899308326194438,0.01675012596407905,0.40379981090053785,0.4037998186396627,False,True,True,0.15291234683700972,0.9999999998101874,2.0,0.062181285157239155
confirmation,8,2,moving_conditioned_gaussian,2.9240267930935837,-0.00905076356364197,3.1163296568116534,-0.16958519045636278,0.174619956252394,0.8491622123802479,0.18035567168232053,0.1605344268948869,True,False,False,0.6167220028794711,1.2152274847206819,2.9073207520390567,-0.04938271445104273
confirmation,8,2,fixed_vertical_collision_repair,2.9240267930935837,-0.00905076356364197,3.1163296568116534,-0.16958519045636278,0.174619956252394,0.8210400954377255,0.16053442689272077,0.1605344268927208,False,True,True,0.5176635561028178,,,
confirmation,8,2,anchor_frozen_corridor_projection,2.9240267930935837,-0.00905076356364197,3.1163296568116534,-0.16958519045636278,0.174619956252394,0.8491622123802431,0.18035567168231703,0.20795753428047992,False,True,True,0.3803702543278183,,,
confirmation,8,2,fixed_uniform_conditioned_coarse4,2.9240267930935837,-0.00905076356364197,3.1163296568116534,-0.16958519045636278,0.174619956252394,0.6605200477188657,0.07227220510989724,0.1605344268942318,False,True,True,0.11770735860100938,0.594673173612514,2.9240267930935837,0.12191420362565351
confirmation,8,2,anchor_frozen_conditioned_coarse4,2.9240267930935837,-0.00905076356364197,3.1163296568116534,-0.16958519045636278,0.174619956252394,0.8491622123802479,0.18035567168232053,0.20795753428822483,False,True,True,0.3803702543247023,0.8693289094400187,2.9240267930935837,0.12191420362565351
confirmation,8,2,anchor_frozen_conditioned_refined8,2.9240267930935837,-0.00905076356364197,3.1163296568116534,-0.16958519045636278,0.174619956252394,0.8491622123802479,0.18035567168232053,,False,True,True,0.0825986947596073,0.3518303463686362,2.9240267930935837,0.12191420362565351
confirmation,8,2,convex_box_conditioned_control,2.9240267930935837,-0.00905076356364197,3.1163296568116534,-0.16958519045636278,0.174619956252394,0.8210400954377314,0.1605344268927247,0.1605344268942318,False,True,True,0.517663556098432,0.9999999999998568,2.9240267930935837,0.03460422549945653
confirmation,8,3,moving_conditioned_gaussian,4.0,0.06216531218005976,3.9380203601028603,-0.4279241014338028,0.198424399630563,0.9964479121540636,0.534142821515628,0.4900899829544484,True,False,False,0.054783073995514894,0.8944493151951004,4.0,0.21098361190298198
confirmation,8,3,fixed_vertical_collision_repair,4.0,0.06216531218005976,3.9380203601028603,-0.4279241014338028,0.198424399630563,0.9932425528091178,0.4900894136138621,0.49008941361386255,False,True,True,0.0859489764210052,,,
confirmation,8,3,anchor_frozen_corridor_projection,4.0,0.06216531218005976,3.9380203601028603,-0.4279241014338028,0.198424399630563,0.9964479121539302,0.5341428215131437,0.85879028833828,False,True,True,0.04354243638379099,,,
confirmation,8,3,fixed_uniform_conditioned_coarse4,4.0,0.06216531218005976,3.9380203601028603,-0.4279241014338028,0.198424399630563,0.7466212764046882,0.13173298832140354,0.4900898324287765,False,True,True,0.0029498747075148188,0.7055205725891753,4.0,0.21098361190298198
confirmation,8,3,anchor_frozen_conditioned_coarse4,4.0,0.06216531218005976,3.9380203601028603,-0.4279241014338028,0.198424399630563,0.9964479121540637,0.5341428215156301,0.859024829732217,False,True,True,0.0435424362392124,0.8905881406257621,4.0,0.21098361190298198
confirmation,8,3,anchor_frozen_conditioned_refined8,4.0,0.06216531218005976,3.9380203601028603,-0.4279241014338028,0.198424399630563,0.9964479121540637,0.5341428215156301,,False,True,True,0.016059822328004725,0.5872451724697203,4.0,0.21098361190298198
confirmation,8,3,convex_box_conditioned_control,4.0,0.06216531218005976,3.9380203601028603,-0.4279241014338028,0.198424399630563,0.9932425528093765,0.4900894136165794,0.4900898324287765,False,True,True,0.08594897613407866,0.9999999990681167,4.0,-0.03704688763522174
confirmation,8,4,moving_conditioned_gaussian,5.0,0.13338138792376147,4.935873551963306,-0.21516678094523278,0.22799289081617694,0.9601084402381572,0.3994311989025986,0.34854830063316045,True,False,False,0.31439693557498855,1.003693802899224,5.065436826509281,-0.024597086113598315
confirmation,8,4,fixed_vertical_collision_repair,5.0,0.13338138792376147,4.935873551963306,-0.21516678094523278,0.22799289081617694,0.9368389796716037,0.34854816886899415,0.34854816886899426,False,True,True,0.3237504047026435,,,
confirmation,8,4,anchor_frozen_corridor_projection,5.0,0.13338138792376147,4.935873551963306,-0.21516678094523278,0.22799289081617694,0.9601084420378282,0.3994312036745662,0.5574333443526338,False,True,True,0.18039601813586337,,,
confirmation,8,4,fixed_uniform_conditioned_coarse4,5.0,0.13338138792376147,4.935873551963306,-0.21516678094523278,0.22799289081617694,0.7184194883552256,0.13181470757577657,0.3485482608969904,False,True,True,0.048106590028370616,0.6367274866688442,5.0,0.3043760560358942
confirmation,8,4,anchor_frozen_conditioned_coarse4,5.0,0.13338138792376147,4.935873551963306,-0.21516678094523278,0.22799289081617694,0.9601084402381573,0.3994311989025988,0.5574371590251188,False,True,True,0.18039600404865244,0.7949588973999869,5.0,0.3043760560358942
confirmation,8,4,anchor_frozen_conditioned_refined8,5.0,0.13338138792376147,4.935873551963306,-0.21516678094523278,0.22799289081617694,0.9601084402381573,0.3994311989025988,,False,True,True,0.024148652334264095,0.4794052562425364,5.0,0.3043760560358942
confirmation,8,4,convex_box_conditioned_control,5.0,0.13338138792376147,4.935873551963306,-0.21516678094523278,0.22799289081617694,0.9368389767104512,0.3485481634243003,0.3485482608969904,False,True,True,0.3237503793012373,0.9999994546531759,5.0,-0.037613280188371234
confirmation,8,5,moving_conditioned_gaussian,5.892270949562637,0.2045974636674632,6.038073801134864,0.2536148436909311,0.1990951757982245,0.3897169827702015,0.05575794797328681,0.049017385892410975,True,False,False,0.8170407751760125,1.2553327782010955,5.892270949562637,0.30414505156657545
confirmation,8,5,fixed_vertical_collision_repair,5.892270949562637,0.2045974636674632,6.038073801134864,0.2536148436909311,0.1990951757982245,0.4027634205749845,0.049017380023467914,0.04901738002346792,False,True,True,0.6350012281453503,,,
confirmation,8,5,anchor_frozen_corridor_projection,5.892270949562637,0.2045974636674632,6.038073801134864,0.2536148436909311,0.1990951757982245,0.3897169850681066,0.05575794678063408,0.06319418245482142,False,True,True,0.4872635900825586,,,
confirmation,8,5,fixed_uniform_conditioned_coarse4,5.892270949562637,0.2045974636674632,6.038073801134864,0.2536148436909311,0.1990951757982245,0.45138170897875834,0.02432370073507116,0.04901738458152713,False,True,True,0.15640959459162584,0.5889028227087796,5.892270949562637,0.055276081818794814
confirmation,8,5,anchor_frozen_conditioned_coarse4,5.892270949562637,0.2045974636674632,6.038073801134864,0.2536148436909311,0.1990951757982245,0.38971698277020145,0.05575794797328686,0.0631941888968248,False,True,True,0.48726352527400674,0.9020603222067444,5.892270949562637,0.055276081818794814
confirmation,8,5,anchor_frozen_conditioned_refined8,5.892270949562637,0.2045974636674632,6.038073801134864,0.2536148436909311,0.1990951757982245,0.38971698277020145,0.05575794797328686,0.08889781331810795,False,True,True,0.24739224205190047,0.5718238392293652,5.892270949562637,0.3539188455161316
confirmation,8,5,convex_box_conditioned_control,5.892270949562637,0.2045974636674632,6.038073801134864,0.2536148436909311,0.1990951757982245,0.4027634179575167,0.04901738136993072,0.04901738458152713,False,True,True,0.6350008193738261,0.9999999462799227,5.892270949562637,0.055276081818794814
confirmation,8,6,moving_conditioned_gaussian,7.0,0.27581353941116493,6.941169822720474,-0.34489659961867547,0.19762170037943572,0.9995825712345464,0.660248494571039,0.6207101958830151,True,False,False,0.01072206428867924,0.9702985236045866,7.0,0.42402981469574175
confirmation,8,6,fixed_vertical_collision_repair,7.0,0.27581353941116493,6.941169822720474,-0.34489659961867547,0.19762170037943572,0.999157854385046,0.6207101390298372,0.6207101390298404,False,True,True,0.0200989884218011,,,
confirmation,8,6,anchor_frozen_corridor_projection,7.0,0.27581353941116493,6.941169822720474,-0.34489659961867547,0.19762170037943572,0.9995825712456963,0.6602484960366249,,False,True,True,0.009672683743786527,,,
confirmation,8,6,fixed_uniform_conditioned_coarse4,7.0,0.27581353941116493,6.941169822720474,-0.34489659961867547,0.19762170037943572,0.7495789271810231,0.1330320677115906,0.6207101843185107,False,True,True,0.00013447814387878199,0.7456352753582374,7.0,0.42402981469574175
confirmation,8,6,anchor_frozen_conditioned_coarse4,7.0,0.27581353941116493,6.941169822720474,-0.34489659961867547,0.19762170037943572,0.9995825712345464,0.660248494571039,,False,True,True,0.009672683657214905,0.9701244304611899,7.0,0.42402981469574175
confirmation,8,6,anchor_frozen_conditioned_refined8,7.0,0.27581353941116493,6.941169822720474,-0.34489659961867547,0.19762170037943572,0.9995825712345465,0.6602484945710536,,False,True,True,0.0014254779142640432,0.8503886429230785,7.0,0.42402981469574175
confirmation,8,6,convex_box_conditioned_control,7.0,0.27581353941116493,6.941169822720474,-0.34489659961867547,0.19762170037943572,0.9991578543620464,0.6207101374491051,0.6207101843185107,False,True,True,0.020098988241324375,0.999999687522505,7.0,0.12759726412658814
confirmation,9,0,moving_conditioned_gaussian,1.0,0.1222735971363208,1.0262441062627858,-0.35152449003346176,0.18992626040267058,0.9979236235173442,0.5443892860667883,0.4737981178178115,True,False,False,0.036945360549151936,0.8436307812574986,0.8992763900079022,0.021549987144222987
confirmation,9,0,fixed_vertical_collision_repair,1.0,0.1222735971363208,1.0262441062627858,-0.35152449003346176,0.18992626040267058,0.993695792381207,0.4737980871697824,0.47379808716978256,False,True,True,0.0821063862580814,,,
confirmation,9,0,anchor_frozen_corridor_projection,1.0,0.1222735971363208,1.0262441062627858,-0.35152449003346176,0.18992626040267058,0.9979236235174462,0.5443892860697426,,False,True,True,0.025859718506442288,,,
confirmation,9,0,fixed_uniform_conditioned_coarse4,1.0,0.1222735971363208,1.0262441062627858,-0.35152449003346176,0.18992626040267058,0.7468478961904452,0.12622563437719592,0.4737981045804826,False,True,True,0.002675283705595432,0.6951646883244611,1.0,0.26471829243832373
confirmation,9,0,anchor_frozen_conditioned_coarse4,1.0,0.1222735971363208,1.0262441062627858,-0.35152449003346176,0.18992626040267058,0.9979236235173441,0.544389286066785,,False,True,True,0.02585971850459399,0.821061618062821,1.0,0.26471829243832373
confirmation,9,0,anchor_frozen_conditioned_refined8,1.0,0.1222735971363208,1.0262441062627858,-0.35152449003346176,0.18992626040267058,0.9979236235173441,0.544389286066785,,False,True,True,0.006870996558117103,0.6592708209280856,1.0,0.26471829243832373
confirmation,9,0,convex_box_conditioned_control,1.0,0.1222735971363208,1.0262441062627858,-0.35152449003346176,0.18992626040267058,0.9936957923808906,0.47379808716639943,0.47379810458048255,False,True,True,0.08210638625219016,0.9999999992780109,1.0,-0.020171098165682133
confirmation,9,1,moving_conditioned_gaussian,2.1036832395368696,0.14633959843616584,1.8917602161577847,0.34041177064423955,0.20450297869537487,0.13480319997778104,0.22576503628478023,0.1940723049627523,True,False,False,0.6296890627500353,1.176262847240447,2.1623781658988928,0.2880416857018523
confirmation,9,1,fixed_vertical_collision_repair,2.1036832395368696,0.14633959843616584,1.8917602161577847,0.34041177064423955,0.20450297869537487,0.17131174176060726,0.19407217220807363,0.19407217220808726,False,True,True,0.5092318290824192,,,
confirmation,9,1,anchor_frozen_corridor_projection,2.1036832395368696,0.14633959843616584,1.8917602161577847,0.34041177064423955,0.20450297869537487,0.13480320116367386,0.2257650351666746,0.28789747209277594,False,True,True,0.31246575451961894,,,
confirmation,9,1,fixed_uniform_conditioned_coarse4,2.1036832395368696,0.14633959843616584,1.8917602161577847,0.34041177064423955,0.20450297869537487,0.33565587005955894,0.08678051353499233,0.19407227398632704,False,True,True,0.1144124809898186,0.6168109844471614,2.1036832395368696,-0.007037635585365298
confirmation,9,1,anchor_frozen_conditioned_coarse4,2.1036832395368696,0.14633959843616584,1.8917602161577847,0.34041177064423955,0.20450297869537487,0.13480319997778106,0.22576503628478023,0.287898165526605,False,True,True,0.3124655844476945,0.8226115514179799,2.1036832395368696,-0.007037635585365298
confirmation,9,1,anchor_frozen_conditioned_refined8,2.1036832395368696,0.14633959843616584,1.8917602161577847,0.34041177064423955,0.20450297869537487,0.13480319997778106,0.22576503628478023,0.43992075056519164,False,True,True,0.16828584438280106,0.4511341148059284,2.1036832395368696,0.299716832457697
confirmation,9,1,convex_box_conditioned_control,2.1036832395368696,0.14633959843616584,1.8917602161577847,0.34041177064423955,0.20450297869537487,0.17131174011911784,0.1940721735281175,0.19407227398632704,False,True,True,0.5092315401149667,0.9999999749551061,2.1036832395368696,-0.007037635585365298
confirmation,9,2,moving_conditioned_gaussian,3.0622505181050985,0.17040559973601088,2.8876685714177865,0.3145220580813677,0.18154125193683304,0.18451525990897444,0.1630768419559907,0.144116460162869,True,False,False,0.6774398876858765,1.2129827657134615,3.079618725456859,0.21233616147873963
confirmation,9,2,fixed_vertical_collision_repair,3.0622505181050985,0.17040559973601088,2.8876685714177865,0.3145220580813677,0.18154125193683304,0.21364148373876596,0.14411645834535683,0.1441164583453568,False,True,True,0.551033810254151,,,
confirmation,9,2,anchor_frozen_corridor_projection,3.0622505181050985,0.17040559973601088,2.8876685714177865,0.3145220580813677,0.18154125193683304,0.18451525993535361,0.16307684193802063,0.18881016985664523,False,True,True,0.4003352719691904,,,
confirmation,9,2,fixed_uniform_conditioned_coarse4,3.0622505181050985,0.17040559973601088,2.8876685714177865,0.3145220580813677,0.18154125193683304,0.356820741853346,0.0666201718170636,0.14411645967815312,False,True,True,0.1305770814127546,0.5968735513999902,3.0622505181050985,0.03424966078338609
confirmation,9,2,anchor_frozen_conditioned_coarse4,3.0622505181050985,0.17040559973601088,2.8876685714177865,0.3145220580813677,0.18154125193683304,0.18451525990897438,0.1630768419559908,0.18881017441477843,False,True,True,0.40033526579333906,0.8731148811472116,3.0622505181050985,0.03424966078338609
confirmation,9,2,anchor_frozen_conditioned_refined8,3.0622505181050985,0.17040559973601088,2.8876685714177865,0.3145220580813677,0.18154125193683304,0.18451525990897438,0.1630768419559908,0.24738825050844238,False,True,True,0.24359528904063835,0.5285750448413867,3.0622505181050985,0.30656153868863567
confirmation,9,2,convex_box_conditioned_control,3.0622505181050985,0.17040559973601088,2.8876685714177865,0.3145220580813677,0.18154125193683304,0.213641483706692,0.14411645836535836,0.14411645967815312,False,True,True,0.5510338014311571,0.9999999994215398,3.0622505181050985,0.03424966078338609
confirmation,9,3,moving_conditioned_gaussian,4.096498454303909,0.19447160103585592,3.952920114620931,-0.11632934960809527,0.19978592292739872,0.9529912439795407,0.3345566499789167,0.3108009507619034,True,False,False,0.3202676929814978,1.0845194567230951,4.153839526346972,0.056038007228480124
confirmation,9,3,fixed_vertical_collision_repair,4.096498454303909,0.19447160103585592,3.952920114620931,-0.11632934960809527,0.19978592292739872,0.9401066985058297,0.31080095064395113,0.3108009506439512,False,True,True,0.3150176021420837,,,
confirmation,9,3,anchor_frozen_corridor_projection,4.096498454303909,0.19447160103585592,3.952920114620931,-0.11632934960809527,0.19978592292739872,0.9529912441501426,0.334556650326104,0.3826754189379603,False,True,True,0.2358484658623502,,,
confirmation,9,3,fixed_uniform_conditioned_coarse4,4.096498454303909,0.19447160103585592,3.952920114620931,-0.11632934960809527,0.19978592292739872,0.7200533491435859,0.11647519262475081,0.3108009507267787,False,True,True,0.04552110481532089,0.6112913140726851,4.096498454303909,0.34431104323140493
confirmation,9,3,anchor_frozen_conditioned_coarse4,4.096498454303909,0.19447160103585592,3.952920114620931,-0.11632934960809527,0.19978592292739872,0.9529912439795407,0.3345566499789167,0.38267541951956197,False,True,True,0.23584846503687018,0.8654521548110105,4.096498454303909,0.34431104323140493
confirmation,9,3,anchor_frozen_conditioned_refined8,4.096498454303909,0.19447160103585592,3.952920114620931,-0.11632934960809527,0.19978592292739872,0.9529912439795407,0.3345566499789167,,False,True,True,0.011598026467370428,0.560163738485391,4.096498454303909,0.34431104323140493
confirmation,9,3,convex_box_conditioned_control,4.096498454303909,0.19447160103585592,3.952920114620931,-0.11632934960809527,0.19978592292739872,0.9401066982871719,0.3108009502767196,0.3108009507267787,False,True,True,0.31501760104843507,0.9999999549573114,4.096498454303909,0.044632158840306885
confirmation,9,4,moving_conditioned_gaussian,5.1988488496686145,0.21853760233570094,4.9913160511920545,0.02476852002587293,0.16077966433768462,0.9043746792187702,0.21012106632051317,0.19376908230982792,True,False,False,0.4752784053989325,1.2183512878677043,5.183466921217802,0.25567286261710637
confirmation,9,4,fixed_vertical_collision_repair,5.1988488496686145,0.21853760233570094,4.9913160511920545,0.02476852002587293,0.16077966433768462,0.8859338651557882,0.1937690823098281,0.19376908230982798,False,True,True,0.4301780704698766,,,
confirmation,9,4,anchor_frozen_corridor_projection,5.1988488496686145,0.21853760233570094,4.9913160511920545,0.02476852002587293,0.16077966433768462,0.9043746792188633,0.2101210663206012,0.23403105384715386,False,True,True,0.3394441914753042,,,
confirmation,9,4,fixed_uniform_conditioned_coarse4,5.1988488496686145,0.21853760233570094,4.9913160511920545,0.02476852002587293,0.16077966433768462,0.6929669325778383,0.08107762472961534,0.193769082309828,False,True,True,0.08405644664223325,0.5785368966591167,5.1988488496686145,0.3391223505889644
confirmation,9,4,anchor_frozen_conditioned_coarse4,5.1988488496686145,0.21853760233570094,4.9913160511920545,0.02476852002587293,0.16077966433768462,0.9043746792187701,0.2101210663205131,0.23403105384715386,False,True,True,0.33944419147489063,0.8766196795623363,5.1988488496686145,0.3391223505889644
confirmation,9,4,anchor_frozen_conditioned_refined8,5.1988488496686145,0.21853760233570094,4.9913160511920545,0.02476852002587293,0.16077966433768462,0.90437467921877,0.21012106632051297,1.0352873597277674,False,True,True,0.018885540425819768,0.6608518064431506,5.1988488496686145,0.3391223505889644
confirmation,9,4,convex_box_conditioned_control,5.1988488496686145,0.21853760233570094,4.9913160511920545,0.02476852002587293,0.16077966433768462,0.8859338651556764,0.1937690823097349,0.19376908230982798,False,True,True,0.43017807046935685,0.9999999999848878,5.1988488496686145,0.09795285408243748
confirmation,9,5,moving_conditioned_gaussian,6.0,0.24260360363554595,6.113859905180142,-0.24190592280073075,0.21662119662133503,0.992672787554424,0.5287308498441968,0.484509594610797,True,False,False,0.0990448826046772,0.9480550003933677,5.9378269927154355,0.0925046862356301
confirmation,9,5,fixed_vertical_collision_repair,6.0,0.24260360363554595,6.113859905180142,-0.24190592280073075,0.21662119662133503,0.9873459505349979,0.4845095264362768,0.4845095264362767,False,True,True,0.12857460925276507,,,
confirmation,9,5,anchor_frozen_corridor_projection,6.0,0.24260360363554595,6.113859905180142,-0.24190592280073075,0.21662119662133503,0.9926727887167097,0.5287308622541024,0.725375403579348,False,True,True,0.07259117604768309,,,
confirmation,9,5,fixed_uniform_conditioned_coarse4,6.0,0.24260360363554595,6.113859905180142,-0.24190592280073075,0.21662119662133503,0.7436729742598379,0.1418242096761325,0.48450956894597874,False,True,True,0.0069688577178949425,0.6562353651332619,6.0,0.4050695011015472
confirmation,9,5,anchor_frozen_conditioned_coarse4,6.0,0.24260360363554595,6.113859905180142,-0.24190592280073075,0.21662119662133503,0.992672787554424,0.5287308498441968,0.7253795896061261,False,True,True,0.07259116918194633,0.8224544083575719,6.0,0.4050695011015472
confirmation,9,5,anchor_frozen_conditioned_refined8,6.0,0.24260360363554595,6.113859905180142,-0.24190592280073075,0.21662119662133503,0.9926727875544239,0.5287308498441955,,False,True,True,0.008047115659434398,0.6264782539720262,6.0,0.4050695011015472
confirmation,9,5,convex_box_conditioned_control,6.0,0.24260360363554595,6.113859905180142,-0.24190592280073075,0.21662119662133503,0.9873459485196758,0.4845095130871301,0.48450956894597874,False,True,True,0.1285745971568544,0.9999983091850333,6.0,0.08013770616954469
confirmation,9,6,moving_conditioned_gaussian,7.0,0.266669604935391,6.945038543313153,-0.39443395518801805,0.21381366905754468,0.9996279003909859,0.7211412938053677,0.6611049336506782,True,False,False,0.009508006738066604,0.9629769874653485,7.0,0.4270298567285495
confirmation,9,6,fixed_vertical_collision_repair,7.0,0.266669604935391,6.945038543313153,-0.39443395518801805,0.21381366905754468,0.9990058056800306,0.6611035601234121,0.661103560123409,False,True,True,0.022687438315729395,,,
confirmation,9,6,anchor_frozen_corridor_projection,7.0,0.266669604935391,6.945038543313153,-0.39443395518801805,0.21381366905754468,0.9996279004627372,0.7211413051583382,,False,True,True,0.007976608926760283,,,
confirmation,9,6,fixed_uniform_conditioned_coarse4,7.0,0.266669604935391,6.945038543313153,-0.39443395518801805,0.21381366905754468,0.7495029027394216,0.14388083612298244,0.6611046123524211,False,True,True,0.00017365228914240395,0.7460186663023316,7.0,0.4270298567285495
confirmation,9,6,anchor_frozen_conditioned_coarse4,7.0,0.266669604935391,6.945038543313153,-0.39443395518801805,0.21381366905754468,0.9996279003909858,0.7211412938053502,,False,True,True,0.007976608385935224,0.9627383857867551,7.0,0.4270298567285495
confirmation,9,6,anchor_frozen_conditioned_refined8,7.0,0.266669604935391,6.945038543313153,-0.39443395518801805,0.21381366905754468,0.9996279003909858,0.7211412938053502,,False,True,True,0.00137306785780727,0.8572140333123961,7.0,0.4270298567285495
confirmation,9,6,convex_box_conditioned_control,7.0,0.266669604935391,6.945038543313153,-0.39443395518801805,0.21381366905754468,0.9990058054788431,0.6611035472793438,0.6611046123524211,False,True,True,0.02268743676530123,0.9999978749748634,7.0,0.1063093531422325
confirmation,10,0,moving_conditioned_gaussian,1.0,-0.15432456589954857,1.023530668371152,0.4852312770685909,0.18911073907914497,0.00012442580048410728,0.6927956372079951,0.6395567339106925,True,False,False,0.003982312804528832,0.9608174422156284,1.0,-0.2961576202089073
confirmation,10,0,fixed_vertical_collision_repair,1.0,-0.15432456589954857,1.023530668371152,0.4852312770685909,0.18911073907914497,0.000359916241834333,0.6395558429681456,0.6395558429681395,False,True,True,0.010683681707812871,,,
confirmation,10,0,anchor_frozen_corridor_projection,1.0,-0.15432456589954857,1.023530668371152,0.4852312770685909,0.18911073907914497,0.00012442580046856855,0.6927956372140435,,False,True,True,0.003645455156064428,,,
confirmation,10,0,fixed_uniform_conditioned_coarse4,1.0,-0.15432456589954857,1.023530668371152,0.4852312770685909,0.18911073907914497,0.25017995812093985,0.12744618144900405,0.6395564132483021,False,True,True,3.564380639630422e-05,0.7435800233679448,1.0,-0.2961576202089073
confirmation,10,0,anchor_frozen_conditioned_coarse4,1.0,-0.15432456589954857,1.023530668371152,0.4852312770685909,0.18911073907914497,0.00012442580048410722,0.6927956372079951,,False,True,True,0.0036454551556091464,0.9607175948396109,1.0,-0.2961576202089073
confirmation,10,0,anchor_frozen_conditioned_refined8,1.0,-0.15432456589954857,1.023530668371152,0.4852312770685909,0.18911073907914497,0.00012442580048410714,0.6927956372079951,,False,True,True,0.001100910862189858,0.8081154269604195,1.0,-0.2961576202089073
confirmation,10,0,convex_box_conditioned_control,1.0,-0.15432456589954857,1.023530668371152,0.4852312770685909,0.18911073907914497,0.00035991624187971477,0.6395558429615913,0.6395564132483021,False,True,True,0.010683681706478591,0.999999998233727,1.0,-0.012491511590189852
confirmation,10,1,moving_conditioned_gaussian,2.1154017608993496,-0.13648353033224087,1.9635254787239989,0.09379535888646895,0.22208969035164655,0.12753847273058808,0.25276122484855296,0.23027889223198195,True,False,False,0.5475946693383665,1.1419731157497155,2.1154017608993496,0.030083737431494062
confirmation,10,1,fixed_vertical_collision_repair,2.1154017608993496,-0.13648353033224087,1.9635254787239989,0.09379535888646895,0.22208969035164655,0.14989743435742148,0.2302788892187097,0.23027888921870984,False,True,True,0.483227254086981,,,
confirmation,10,1,anchor_frozen_corridor_projection,2.1154017608993496,-0.13648353033224087,1.9635254787239989,0.09379535888646895,0.22208969035164655,0.1275384698271735,0.25276122793738387,0.28429720559123106,False,True,True,0.373597431135367,,,
confirmation,10,1,fixed_uniform_conditioned_coarse4,2.1154017608993496,-0.13648353033224087,1.9635254787239989,0.09379535888646895,0.22208969035164655,0.3249487189177745,0.10080754895105472,0.23027889136029378,False,True,True,0.10425993723717303,0.5946739464409103,2.1154017608993496,-0.3030507980959758
confirmation,10,1,anchor_frozen_conditioned_coarse4,2.1154017608993496,-0.13648353033224087,1.9635254787239989,0.09379535888646895,0.22208969035164655,0.1275384727305881,0.25276122484855285,0.28429721276317743,False,True,True,0.3735974167783163,0.8844200518755875,2.1154017608993496,-0.3030507980959758
confirmation,10,1,anchor_frozen_conditioned_refined8,2.1154017608993496,-0.13648353033224087,1.9635254787239989,0.09379535888646895,0.22208969035164655,0.12753847273058813,0.25276122484855285,,False,True,True,0.015263174605886007,0.45832035497191065,2.1154017608993496,-0.3030507980959758
confirmation,10,1,convex_box_conditioned_control,2.1154017608993496,-0.13648353033224087,1.9635254787239989,0.09379535888646895,0.22208969035164655,0.14989743783554896,0.23027888590419301,0.2302788913602939,False,True,True,0.483227235617945,0.9999997273780714,2.1154017608993496,0.030083737431494062
confirmation,10,2,moving_conditioned_gaussian,3.1379195936904987,-0.11864249476493315,2.9800004982941157,-0.09741555387083034,0.18434072723264341,0.4497835302505667,0.02326532536911997,0.021226940892211013,True,False,False,0.7645685174558057,1.2133032250063167,3.1379195936904987,-0.07255731295677229
confirmation,10,2,fixed_vertical_collision_repair,3.1379195936904987,-0.11864249476493315,2.9800004982941157,-0.09741555387083034,0.18434072723264341,0.45416288637425495,0.021226940894102812,0.021226940894102805,False,True,True,0.6367054217277506,,,
confirmation,10,2,anchor_frozen_corridor_projection,3.1379195936904987,-0.11864249476493315,2.9800004982941157,-0.09741555387083034,0.18434072723264341,0.4497835302454464,0.023265325371504872,0.02466874752138712,False,True,True,0.5638583563390085,,,
confirmation,10,2,fixed_uniform_conditioned_coarse4,3.1379195936904987,-0.11864249476493315,2.9800004982941157,-0.09741555387083034,0.18434072723264341,0.47708144318984413,0.010595893678621574,0.021226940892851598,False,True,True,0.15846742243795245,0.5669168906592715,3.1379195936904987,-0.2568980401894157
confirmation,10,2,anchor_frozen_conditioned_coarse4,3.1379195936904987,-0.11864249476493315,2.9800004982941157,-0.09741555387083034,0.18434072723264341,0.4497835302505667,0.02326532536911997,0.024668747520271622,False,True,True,0.5638583562906485,0.9504803749044094,3.1379195936904987,-0.2568980401894157
confirmation,10,2,anchor_frozen_conditioned_refined8,3.1379195936904987,-0.11864249476493315,2.9800004982941157,-0.09741555387083034,0.18434072723264341,0.44978353025056683,0.023265325369119922,0.06117528834809773,False,True,True,0.092826232764395,0.47776178768082744,3.1379195936904987,-0.2568980401894157
confirmation,10,2,convex_box_conditioned_control,3.1379195936904987,-0.11864249476493315,2.9800004982941157,-0.09741555387083034,0.18434072723264341,0.4541628863796882,0.021226940891575518,0.021226940892851584,False,True,True,0.6367054216943464,0.9999999998237681,3.1379195936904987,0.019613050659549422
confirmation,10,3,moving_conditioned_gaussian,4.035876836416721,-0.10080145919762543,3.899791815367881,-0.24484413271461983,0.16696176120920667,0.8255684327671838,0.15640922973710003,0.14404267352228667,True,False,False,0.6089327918821164,1.1906943218690222,3.9473319912543117,-0.012256614035216107
confirmation,10,3,fixed_vertical_collision_repair,4.035876836416721,-0.10080145919762543,3.899791815367881,-0.24484413271461983,0.16696176120920667,0.8058566266901399,0.14404267351699437,0.1440426735169944,False,True,True,0.533205269592931,,,
confirmation,10,3,anchor_frozen_corridor_projection,4.035876836416721,-0.10080145919762543,3.899791815367881,-0.24484413271461983,0.16696176120920667,0.825568432767158,0.15640922973708327,0.1705441697574395,False,True,True,0.4380693886178277,,,
confirmation,10,3,fixed_uniform_conditioned_coarse4,4.035876836416721,-0.10080145919762543,3.899791815367881,-0.24484413271461983,0.16696176120920667,0.6529283133450847,0.06565578422497167,0.14404267352077266,False,True,True,0.12375096782447732,0.5849231398765738,4.035876836416721,0.024419861709279567
confirmation,10,3,anchor_frozen_conditioned_coarse4,4.035876836416721,-0.10080145919762543,3.899791815367881,-0.24484413271461983,0.16696176120920667,0.8255684327671841,0.1564092297371002,0.17054416976710293,False,True,True,0.4380693886042557,0.9126467073326382,4.035876836416721,0.024419861709279567
confirmation,10,3,anchor_frozen_conditioned_refined8,4.035876836416721,-0.10080145919762543,3.899791815367881,-0.24484413271461983,0.16696176120920667,0.8255684327671843,0.1564092297371003,0.2637308863967791,False,True,True,0.2008311480762864,0.45168608445568853,4.035876836416721,-0.22602278010453042
confirmation,10,3,convex_box_conditioned_control,4.035876836416721,-0.10080145919762543,3.899791815367881,-0.24484413271461983,0.16696176120920667,0.8058566266901694,0.1440426735170123,0.1440426735207726,False,True,True,0.5332052695759955,1.0000000000005167,4.035876836416721,-0.05906101889532376
confirmation,10,4,moving_conditioned_gaussian,5.0,-0.0829604236303177,4.934154261145573,-0.4499212200802336,0.1613375628215323,0.9963219248948363,0.4324291809646007,0.3669608008082018,True,False,False,0.060180533726365205,0.970906586099433,5.0745282360580335,-0.1138310297852989
confirmation,10,4,fixed_vertical_collision_repair,5.0,-0.0829604236303177,4.934154261145573,-0.4499212200802336,0.1613375628215323,0.9885317520900047,0.36696079644991586,0.3669607964499159,False,True,True,0.12086303788148409,,,
confirmation,10,4,anchor_frozen_corridor_projection,5.0,-0.0829604236303177,4.934154261145573,-0.4499212200802336,0.1613375628215323,0.9963219248948358,0.43242918096459426,,False,True,True,0.03602389491316057,,,
confirmation,10,4,fixed_uniform_conditioned_coarse4,5.0,-0.0829604236303177,4.934154261145573,-0.4499212200802336,0.1613375628215323,0.7442658760450034,0.10592669355003599,0.3669607988977056,False,True,True,0.006108071390568729,0.6820264848461165,5.0,0.038042748485831515
confirmation,10,4,anchor_frozen_conditioned_coarse4,5.0,-0.0829604236303177,4.934154261145573,-0.4499212200802336,0.1613375628215323,0.9963219248948364,0.4324291809646024,,False,True,True,0.03602389491264144,0.778557993662389,5.0,0.038042748485831515
confirmation,10,4,anchor_frozen_conditioned_refined8,5.0,-0.0829604236303177,4.934154261145573,-0.4499212200802336,0.1613375628215323,0.9963219248948363,0.4324291809646007,,False,True,True,0.023379107653396482,0.5897993415677307,5.0,0.038042748485831515
confirmation,10,4,convex_box_conditioned_control,5.0,-0.0829604236303177,4.934154261145573,-0.4499212200802336,0.1613375628215323,0.9885317520900067,0.36696079644992663,0.3669607988977056,False,True,True,0.12086303787972194,1.0000000000004792,5.0,-0.04262603292493463
confirmation,10,5,moving_conditioned_gaussian,6.0,-0.06511938806300999,6.118901638967902,0.4650319040890889,0.21103930634880538,0.003148393942903483,0.5765408998978947,0.5301564353105783,True,False,False,0.05058364582476168,0.8903715664788686,5.939429065411868,0.08111178370527042
confirmation,10,5,fixed_vertical_collision_repair,6.0,-0.06511938806300999,6.118901638967902,0.4650319040890889,0.21103930634880538,0.0060007980068827104,0.5301512921520991,0.5301512921520989,False,True,True,0.07947076403253613,,,
confirmation,10,5,anchor_frozen_corridor_projection,6.0,-0.06511938806300999,6.118901638967902,0.4650319040890889,0.21103930634880538,0.003148393946302198,0.5765408998228337,0.91025529053391,False,True,True,0.04057084747011722,,,
confirmation,10,5,fixed_uniform_conditioned_coarse4,6.0,-0.06511938806300999,6.118901638967902,0.4650319040890889,0.21103930634880538,0.25300039900016424,0.14035753615236135,0.5301549270081887,False,True,True,0.0024951784111893415,0.701219114390649,6.0,-0.22339886782461402
confirmation,10,5,anchor_frozen_conditioned_coarse4,6.0,-0.06511938806300999,6.118901638967902,0.4650319040890889,0.21103930634880538,0.0031483939429034816,0.5765408998978947,0.9110703617148783,False,True,True,0.04057084551244476,0.8840602709988522,6.0,-0.22339886782461402
confirmation,10,5,anchor_frozen_conditioned_refined8,6.0,-0.06511938806300999,6.118901638967902,0.4650319040890889,0.21103930634880538,0.0031483939429034842,0.5765408998978947,,False,True,True,0.015238644654391271,0.5788582229206859,6.0,-0.22339886782461402
confirmation,10,5,convex_box_conditioned_control,6.0,-0.06511938806300999,6.118901638967902,0.4650319040890889,0.21103930634880538,0.006000798000328439,0.5301512922334402,0.5301549270081887,False,True,True,0.07947076017628268,0.9999999883111537,6.0,0.040400265111392705
confirmation,10,6,moving_conditioned_gaussian,7.0,-0.04727835249570227,7.092793942276447,0.4599904823783568,0.17544431855963802,0.001091593655666411,0.5375806642941672,0.5072688965930379,True,False,False,0.02337518798777297,0.9200796423238573,7.0,-0.1788615914154308
confirmation,10,6,fixed_vertical_collision_repair,7.0,-0.04727835249570227,7.092793942276447,0.4599904823783568,0.17544431855963802,0.0019180261960539931,0.5072688348740598,0.507268834874059,False,True,True,0.03635199159322702,,,
confirmation,10,6,anchor_frozen_corridor_projection,7.0,-0.04727835249570227,7.092793942276447,0.4599904823783568,0.17544431855963802,0.0010915936556668204,0.537580664294146,0.714158583685564,False,True,True,0.020532232135096782,,,
confirmation,10,6,fixed_uniform_conditioned_coarse4,7.0,-0.04727835249570227,7.092793942276447,0.4599904823783568,0.17544431855963802,0.25095901309802665,0.11780646119754655,0.5072688779523113,False,True,True,0.00047126442801956634,0.7119410161346192,7.0,-0.1788615914154308
confirmation,10,6,anchor_frozen_conditioned_coarse4,7.0,-0.04727835249570227,7.092793942276447,0.4599904823783568,0.17544431855963802,0.0010915936556664108,0.5375806642941672,0.7141637697829578,False,True,True,0.02053223213462132,0.9180706769706666,7.0,-0.1788615914154308
confirmation,10,6,anchor_frozen_conditioned_refined8,7.0,-0.04727835249570227,7.092793942276447,0.4599904823783568,0.17544431855963802,0.0010915936556664112,0.5375806642941672,,False,True,True,0.008769736328290225,0.5796495662415688,7.0,-0.1788615914154308
confirmation,10,6,convex_box_conditioned_control,7.0,-0.04727835249570227,7.092793942276447,0.4599904823783568,0.17544431855963802,0.0019180261960532717,0.5072688348740789,0.5072688779523112,False,True,True,0.03635199159238273,0.9999999999979764,7.0,0.04044380678411674
confirmation,11,0,moving_conditioned_gaussian,1.0,0.12946587521068867,1.0807462160493606,-0.4479457847357148,0.15292750718991144,0.9999758819081983,0.6214993431703679,0.5774116604971361,True,False,False,0.0010942872383995924,0.9840674490607311,1.0,0.24416150560312225
confirmation,11,0,fixed_vertical_collision_repair,1.0,0.12946587521068867,1.0807462160493606,-0.4479457847357148,0.15292750718991144,0.9999202273772615,0.5774116599464018,0.5774116599464034,False,True,True,0.0033501184527879877,,,
confirmation,11,0,anchor_frozen_corridor_projection,1.0,0.12946587521068867,1.0807462160493606,-0.4479457847357148,0.15292750718991144,0.9999758819081983,0.6214993431703679,,False,True,True,0.0010015443637489292,,,
confirmation,11,0,fixed_uniform_conditioned_coarse4,1.0,0.12946587521068867,1.0807462160493606,-0.4479457847357148,0.15292750718991144,0.7499601136886307,0.1031288419575394,0.5774116602977818,False,True,True,3.1883175001003183e-06,0.7519097593769312,1.0,0.24416150560312225
confirmation,11,0,anchor_frozen_conditioned_coarse4,1.0,0.12946587521068867,1.0807462160493606,-0.4479457847357148,0.15292750718991144,0.9999758819081983,0.6214993431703679,,False,True,True,0.0010015443637489292,0.9840569281397733,1.0,0.24416150560312225
confirmation,11,0,anchor_frozen_conditioned_refined8,1.0,0.12946587521068867,1.0807462160493606,-0.4479457847357148,0.15292750718991144,0.9999758819081983,0.6214993431703679,,False,True,True,0.0003211706610482374,0.8536678073808155,1.0,0.24416150560312225
confirmation,11,0,convex_box_conditioned_control,1.0,0.12946587521068867,1.0807462160493606,-0.4479457847357148,0.15292750718991144,0.9999202273772615,0.5774116599464018,0.5774116602977818,False,True,True,0.0033501184527879877,0.9999999999999979,1.0,0.05300212161573295
confirmation,11,1,moving_conditioned_gaussian,1.8773569801167693,0.16099133526861226,2.0418017395472168,-0.085247903914217,0.22466869930544736,0.8896230676296504,0.2751126634149176,0.2462392426719992,True,False,False,0.5299718745041901,1.1271209505681354,1.8128742383703627,0.005316225605435626
confirmation,11,1,fixed_vertical_collision_repair,1.8773569801167693,0.16099133526861226,2.0418017395472168,-0.085247903914217,0.22466869930544736,0.8634628963612416,0.2462392391828293,0.24623923918282925,False,True,True,0.4649949709837273,,,
confirmation,11,1,anchor_frozen_corridor_projection,1.8773569801167693,0.16099133526861226,2.0418017395472168,-0.085247903914217,0.22466869930544736,0.8896230740971018,0.2751126711234223,0.3225342612294538,False,True,True,0.3325583099888731,,,
confirmation,11,1,fixed_uniform_conditioned_coarse4,1.8773569801167693,0.16099133526861226,2.0418017395472168,-0.085247903914217,0.22466869930544736,0.6817314440608537,0.10616629649831197,0.24623924170508815,False,True,True,0.09720916831924091,0.6053418111636237,1.8773569801167693,0.32949285974769776
confirmation,11,1,anchor_frozen_conditioned_coarse4,1.8773569801167693,0.16099133526861226,2.0418017395472168,-0.085247903914217,0.22466869930544736,0.8896230676296504,0.2751126634149176,0.3225342746328288,False,True,True,0.3325582815535645,0.857963212924081,1.8773569801167693,0.32949285974769776
confirmation,11,1,anchor_frozen_conditioned_refined8,1.8773569801167693,0.16099133526861226,2.0418017395472168,-0.085247903914217,0.22466869930544736,0.8896230676296504,0.2751126634149176,,False,True,True,0.010532273080454785,0.4822958197948555,1.8773569801167693,0.32949285974769776
confirmation,11,1,convex_box_conditioned_control,1.8773569801167693,0.16099133526861226,2.0418017395472168,-0.085247903914217,0.22466869930544736,0.8634628881217074,0.24623923072262463,0.2462392417050882,False,True,True,0.4649949316330533,0.9999993271644853,1.8773569801167693,-0.00751018921047325
confirmation,11,2,moving_conditioned_gaussian,2.8999124050115532,0.19251679532653584,3.060720944957534,0.29416991946579296,0.16663221405091158,0.2543689757943782,0.1101112506374532,0.10165312417679404,True,False,False,0.6856805572939999,1.2277872142197763,2.9477379457232513,0.0770557263125282
confirmation,11,2,fixed_vertical_collision_repair,2.8999124050115532,0.19251679532653584,3.060720944957534,0.29416991946579296,0.16663221405091158,0.2709160487824066,0.10165312413925712,0.10165312413925712,False,True,True,0.5917181973730571,,,
confirmation,11,2,anchor_frozen_corridor_projection,2.8999124050115532,0.19251679532653584,3.060720944957534,0.29416991946579296,0.16663221405091158,0.254368975795637,0.11011125063679915,0.11738514016670012,False,True,True,0.5082652330268655,,,
confirmation,11,2,fixed_uniform_conditioned_coarse4,2.8999124050115532,0.19251679532653584,3.060720944957534,0.29416991946579296,0.16663221405091158,0.38545802439051996,0.04851944713979023,0.10165312416383401,False,True,True,0.14502192955019758,0.5710580517313264,2.8999124050115532,0.06754263478835215
confirmation,11,2,anchor_frozen_conditioned_coarse4,2.8999124050115532,0.19251679532653584,3.060720944957534,0.29416991946579296,0.16663221405091158,0.2543689757943783,0.11011125063745314,0.11738514020863691,False,True,True,0.5082652325904033,0.9364605769770054,2.8999124050115532,0.06754263478835215
confirmation,11,2,anchor_frozen_conditioned_refined8,2.8999124050115532,0.19251679532653584,3.060720944957534,0.29416991946579296,0.16663221405091158,0.2543689757943782,0.1101112506374532,0.14402845122873922,False,True,True,0.3382922017350874,0.6312044321455288,2.8999124050115532,0.31749095586471954
confirmation,11,2,convex_box_conditioned_control,2.8999124050115532,0.19251679532653584,3.060720944957534,0.29416991946579296,0.16663221405091158,0.2709160487810399,0.1016531241399447,0.10165312416383401,False,True,True,0.5917181968524619,0.9999999999713034,2.8999124050115532,0.06754263478835215
confirmation,11,3,moving_conditioned_gaussian,4.0,0.22404225538445943,3.9889895088552154,-0.16278089130179108,0.16204182357048885,0.997301321352223,0.4508504742322308,0.38682314668632234,True,False,False,0.05394670307047797,1.0643852514534686,4.1122803431556845,0.1775342144614696
confirmation,11,3,fixed_vertical_collision_repair,4.0,0.22404225538445943,3.9889895088552154,-0.16278089130179108,0.16204182357048885,0.9915109327309234,0.38682314668625034,0.3868231466862505,False,True,True,0.09973009097099708,,,
confirmation,11,3,anchor_frozen_corridor_projection,4.0,0.22404225538445943,3.9889895088552154,-0.16278089130179108,0.16204182357048885,0.9973013213522282,0.45085047423233027,,False,True,True,0.03089200751180961,,,
confirmation,11,3,fixed_uniform_conditioned_coarse4,4.0,0.22404225538445943,3.9889895088552154,-0.16278089130179108,0.16204182357048885,0.7457554663654539,0.1071407886863452,0.3868231466862745,False,True,True,0.0040528633713885365,0.6399479147609127,4.0,0.3455736230623261
confirmation,11,3,anchor_frozen_conditioned_coarse4,4.0,0.22404225538445943,3.9889895088552154,-0.16278089130179108,0.16204182357048885,0.9973013213522232,0.45085047423223296,,False,True,True,0.03089200751177823,0.6741830263103475,4.0,0.3455736230623261
confirmation,11,3,anchor_frozen_conditioned_refined8,4.0,0.22404225538445943,3.9889895088552154,-0.16278089130179108,0.16204182357048885,0.9973013213522233,0.4508504742322351,,False,True,True,0.0024502784155352817,0.5945146258794761,4.0,0.3455736230623261
confirmation,11,3,convex_box_conditioned_control,4.0,0.22404225538445943,3.9889895088552154,-0.16278089130179108,0.16204182357048885,0.9915109327309077,0.38682314668614043,0.3868231466862745,False,True,True,0.09973009097089659,0.9999999999718105,4.0,0.1025108877065928
confirmation,11,4,moving_conditioned_gaussian,5.0,0.255567715442383,5.11058385884579,-0.3861016219151905,0.16535718592020798,0.9999815112557452,0.6821970486274501,0.6416693384462988,True,False,False,0.0009106556916226411,0.9713218371997845,5.0,0.379585604882539
confirmation,11,4,fixed_vertical_collision_repair,5.0,0.255567715442383,5.11058385884579,-0.3861016219151905,0.16535718592020798,0.9999478800350441,0.6416693373575486,0.6416693373575735,False,True,True,0.002396023303150321,,,
confirmation,11,4,anchor_frozen_corridor_projection,5.0,0.255567715442383,5.11058385884579,-0.3861016219151905,0.16535718592020798,0.9999815112557455,0.6821970486281355,,False,True,True,0.0008489761112369802,,,
confirmation,11,4,fixed_uniform_conditioned_coarse4,5.0,0.255567715442383,5.11058385884579,-0.3861016219151905,0.16535718592020798,0.7499739400175216,0.1115181669115583,0.6416693379347205,False,True,True,1.5941630313411442e-06,0.74536937316623,5.0,0.379585604882539
confirmation,11,4,anchor_frozen_conditioned_coarse4,5.0,0.255567715442383,5.11058385884579,-0.3861016219151905,0.16535718592020798,0.9999815112557451,0.6821970486272216,,False,True,True,0.000848976111232532,0.9712784909545498,5.0,0.379585604882539
confirmation,11,4,anchor_frozen_conditioned_refined8,5.0,0.255567715442383,5.11058385884579,-0.3861016219151905,0.16535718592020798,0.9999815112557451,0.6821970486272216,,False,True,True,0.00014652090663306344,0.8998677575049886,5.0,0.379585604882539
confirmation,11,4,convex_box_conditioned_control,5.0,0.255567715442383,5.11058385884579,-0.3861016219151905,0.16535718592020798,0.9999478800350431,0.6416693373567776,0.6416693379347206,False,True,True,0.0023960233031406807,0.9999999997372225,5.0,0.131549826002227
confirmation,11,5,moving_conditioned_gaussian,6.030203894683728,0.28709317550030655,5.888185201046874,0.38293719451788755,0.15318820694999796,0.25742316075378807,0.09977302837798298,0.09584401905875933,True,False,False,0.6333056113965719,1.1891255652198436,5.986236953058619,0.1809475887329018
confirmation,11,5,fixed_vertical_collision_repair,6.030203894683728,0.28709317550030655,5.888185201046874,0.38293719451788755,0.15318820694999796,0.26576837623390026,0.09584401901758101,0.095844019017581,False,True,True,0.5886950509119923,,,
confirmation,11,5,anchor_frozen_corridor_projection,6.030203894683728,0.28709317550030655,5.888185201046874,0.38293719451788755,0.15318820694999796,0.2574231607551888,0.09977302837731802,0.10260386836339697,False,True,True,0.5494191040228147,,,
confirmation,11,5,fixed_uniform_conditioned_coarse4,6.030203894683728,0.28709317550030655,5.888185201046874,0.38293719451788755,0.15318820694999796,0.38288418811622305,0.04563699702085362,0.09584401904386902,False,True,True,0.14404464584321106,0.5581896784126239,6.030203894683728,0.17220202028780807
confirmation,11,5,anchor_frozen_conditioned_coarse4,6.030203894683728,0.28709317550030655,5.888185201046874,0.38293719451788755,0.15318820694999796,0.2574231607537881,0.09977302837798294,0.10260386839713254,False,True,True,0.5494191035147388,0.9691696399217687,6.030203894683728,0.17220202028780807
confirmation,11,5,anchor_frozen_conditioned_refined8,6.030203894683728,0.28709317550030655,5.888185201046874,0.38293719451788755,0.15318820694999796,0.2574231607537881,0.09977302837798294,0.10783910394116913,False,True,True,0.4967125591803443,0.8528878552000019,6.030203894683728,0.40198433071280504
confirmation,11,5,convex_box_conditioned_control,6.030203894683728,0.28709317550030655,5.888185201046874,0.38293719451788755,0.15318820694999796,0.26576837623244615,0.09584401901826012,0.09584401904386897,False,True,True,0.5886950503609817,0.9999999999701146,6.030203894683728,0.17220202028780807
confirmation,11,6,moving_conditioned_gaussian,7.0,0.31861863555823017,7.092221916603609,-0.3246937810052606,0.22395008379276984,0.9991124254795334,0.6999515956336468,0.6433134516583225,True,False,False,0.019317979961413243,0.9029848542113762,7.0,0.48658119840280756
confirmation,11,6,fixed_vertical_collision_repair,7.0,0.31861863555823017,7.092221916603609,-0.3246937810052606,0.22395008379276984,0.9979642642351313,0.643312416563492,0.6433124165634907,False,True,True,0.03791285441188345,,,
confirmation,11,6,anchor_frozen_corridor_projection,7.0,0.31861863555823017,7.092221916603609,-0.3246937810052606,0.22395008379276984,0.999112427294125,0.6999517302974928,,False,True,True,0.01629452532776462,,,
confirmation,11,6,fixed_uniform_conditioned_coarse4,7.0,0.31861863555823017,7.092221916603609,-0.3246937810052606,0.22395008379276984,0.748982130022511,0.1503354742239533,0.6433130745066566,False,True,True,0.0005152795213540476,0.7161254693318053,7.0,0.48658119840280756
confirmation,11,6,anchor_frozen_conditioned_coarse4,7.0,0.31861863555823017,7.092221916603609,-0.3246937810052606,0.22395008379276984,0.9991124254795334,0.6999515956336468,,False,True,True,0.016294512640229325,0.901386229355826,7.0,0.48658119840280756
confirmation,11,6,anchor_frozen_conditioned_refined8,7.0,0.31861863555823017,7.092221916603609,-0.3246937810052606,0.22395008379276984,0.9991124254795334,0.6999515956336468,,False,True,True,0.0019473408699969186,0.7981271965421051,7.0,0.48658119840280756
confirmation,11,6,convex_box_conditioned_control,7.0,0.31861863555823017,7.092221916603609,-0.3246937810052606,0.22395008379276984,0.997964260045022,0.6433122709198085,0.6433130745066568,False,True,True,0.03791282492291417,0.9999807890079566,7.0,0.15065607271365278
confirmation,12,0,moving_conditioned_gaussian,1.0482294064731161,0.213625516988954,0.9077978455122797,0.46583534371682755,0.16974528627625754,0.053989887837560896,0.27283841052860897,0.2522098549547393,True,False,False,0.3470985609346011,1.1221848772902399,1.096948438058111,0.3312436637871315
confirmation,12,0,fixed_vertical_collision_repair,1.0482294064731161,0.213625516988954,0.9077978455122797,0.46583534371682755,0.16974528627625754,0.06866423786608523,0.25220982672787357,0.25220982672787357,False,True,True,0.33779140358317183,,,
confirmation,12,0,anchor_frozen_corridor_projection,1.0482294064731161,0.213625516988954,0.9077978455122797,0.46583534371682755,0.16974528627625754,0.05398988784541184,0.2728384105164522,0.31343204317270995,False,True,True,0.25110167300658237,,,
confirmation,12,0,fixed_uniform_conditioned_coarse4,1.0482294064731161,0.213625516988954,0.9077978455122797,0.46583534371682755,0.16974528627625754,0.2843321189280068,0.09675818188999355,0.2522098469485336,False,True,True,0.05239211566260302,0.612826079776378,1.0482294064731161,0.08631655228176083
confirmation,12,0,anchor_frozen_conditioned_coarse4,1.0482294064731161,0.213625516988954,0.9077978455122797,0.46583534371682755,0.16974528627625754,0.053989887837560854,0.27283841052860897,0.3134321448201121,False,True,True,0.2511016705181627,0.8654980253118425,1.0482294064731161,0.08631655228176083
confirmation,12,0,anchor_frozen_conditioned_refined8,1.0482294064731161,0.213625516988954,0.9077978455122797,0.46583534371682755,0.16974528627625754,0.05398988783756087,0.27283841052860897,0.34861483392367104,False,True,True,0.20657274835658446,0.6155401298712171,1.0482294064731161,0.34093448169614715
confirmation,12,0,convex_box_conditioned_control,1.0482294064731161,0.213625516988954,0.9077978455122797,0.46583534371682755,0.16974528627625754,0.06866423785601362,0.2522098267407968,0.2522098469485336,False,True,True,0.3377914001713424,0.999999999841083,1.0482294064731161,0.08631655228176083
confirmation,12,1,moving_conditioned_gaussian,2.0,0.17249263142639754,2.040963110621834,-0.41481006069707704,0.1852720537726881,0.9996193864974938,0.6237223171274779,0.5873027803682096,True,False,False,0.01065483040316252,0.9068857363164068,2.0,0.3114466717559136
confirmation,12,1,fixed_vertical_collision_repair,2.0,0.17249263142639754,2.040963110621834,-0.41481006069707704,0.1852720537726881,0.9992376677059691,0.5873026921234722,0.5873026921234745,False,True,True,0.018683204628742324,,,
confirmation,12,1,anchor_frozen_corridor_projection,2.0,0.17249263142639754,2.040963110621834,-0.41481006069707704,0.1852720537726881,0.9996193864975333,0.6237223171327841,,False,True,True,0.009299602572924578,,,
confirmation,12,1,fixed_uniform_conditioned_coarse4,2.0,0.17249263142639754,2.040963110621834,-0.41481006069707704,0.1852720537726881,0.749618833852945,0.12474196122806813,0.5873027440512535,False,True,True,0.00011528738017097125,0.7102422499486194,2.0,0.3114466717559136
confirmation,12,1,anchor_frozen_conditioned_coarse4,2.0,0.17249263142639754,2.040963110621834,-0.41481006069707704,0.1852720537726881,0.9996193864974938,0.6237223171274779,,False,True,True,0.009299602572540358,0.9048592971618789,2.0,0.3114466717559136
confirmation,12,1,anchor_frozen_conditioned_refined8,2.0,0.17249263142639754,2.040963110621834,-0.41481006069707704,0.1852720537726881,0.9996193864974936,0.6237223171274481,,False,True,True,0.0023716677682821237,0.7022142749792467,2.0,0.3114466717559136
confirmation,12,1,convex_box_conditioned_control,2.0,0.17249263142639754,2.040963110621834,-0.41481006069707704,0.1852720537726881,0.9992376677058901,0.58730269211789,0.5873027440512535,False,True,True,0.0186832046279728,0.9999999985654752,2.0,0.033538591096881454
confirmation,12,2,moving_conditioned_gaussian,3.0736471454032,0.13135974586384108,2.9245020627055216,0.3358663712566895,0.17896644183004687,0.11373489192124797,0.2159950046857366,0.20450662792483149,True,False,False,0.4855161788517133,1.1846551305587631,3.0565252723437775,0.09002388771055307
confirmation,12,2,fixed_vertical_collision_repair,3.0736471454032,0.13135974586384108,2.9245020627055216,0.3358663712566895,0.17896644183004687,0.12657964441730657,0.2045066253928484,0.20450662539284842,False,True,True,0.45026029256757905,,,
confirmation,12,2,anchor_frozen_corridor_projection,3.0736471454032,0.13135974586384108,2.9245020627055216,0.3358663712566895,0.17896644183004687,0.11373489192508306,0.2159950046821726,0.23057251795183548,False,True,True,0.3878088325767171,,,
confirmation,12,2,fixed_uniform_conditioned_coarse4,3.0736471454032,0.13135974586384108,2.9245020627055216,0.3358663712566895,0.17896644183004687,0.313289822206512,0.08707552125708969,0.20450662702629369,False,True,True,0.09158403359622323,0.5746827819582556,3.0736471454032,-0.0028650855086940763
confirmation,12,2,anchor_frozen_conditioned_coarse4,3.0736471454032,0.13135974586384108,2.9245020627055216,0.3358663712566895,0.17896644183004687,0.11373489192124794,0.2159950046857366,0.2305725213306848,False,True,True,0.3878088312845435,0.9206458686465387,3.0736471454032,-0.0028650855086940763
confirmation,12,2,anchor_frozen_conditioned_refined8,3.0736471454032,0.13135974586384108,2.9245020627055216,0.3358663712566895,0.17896644183004687,0.11373489192124793,0.2159950046857366,0.3093090397709442,False,True,True,0.2261376561924595,0.49068955739885894,3.0736471454032,0.26558457723637624
confirmation,12,2,convex_box_conditioned_control,3.0736471454032,0.13135974586384108,2.9245020627055216,0.3358663712566895,0.17896644183004687,0.1265796444130241,0.20450662539653908,0.20450662702629369,False,True,True,0.45026029104302684,0.9999999999263509,3.0736471454032,-0.0028650855086940763
confirmation,12,3,moving_conditioned_gaussian,4.0,0.0902268603012846,4.075170813921064,0.4589828659268037,0.170433403315464,0.007789710708784209,0.4122139742216511,0.36875603164664483,True,False,False,0.09905020458878558,0.9600418049675237,3.9096140385812004,0.18061282172008442
confirmation,12,3,fixed_vertical_collision_repair,4.0,0.0902268603012846,4.075170813921064,0.4589828659268037,0.170433403315464,0.015246112441496169,0.3687560056255189,0.36875600562551913,False,True,True,0.1443442219948618,,,
confirmation,12,3,anchor_frozen_corridor_projection,4.0,0.0902268603012846,4.075170813921064,0.4589828659268037,0.170433403315464,0.007789710708819762,0.4122139742213683,,False,True,True,0.06929545987473601,,,
confirmation,12,3,fixed_uniform_conditioned_coarse4,4.0,0.0902268603012846,4.075170813921064,0.4589828659268037,0.170433403315464,0.25762305622071235,0.11089944511077199,0.3687560239317009,False,True,True,0.008914773509071671,0.6832249175002585,4.0,-0.037598192185313406
confirmation,12,3,anchor_frozen_conditioned_coarse4,4.0,0.0902268603012846,4.075170813921064,0.4589828659268037,0.170433403315464,0.007789710708784202,0.4122139742216511,,False,True,True,0.0692954598538183,0.8387956762244425,4.0,-0.037598192185313406
confirmation,12,3,anchor_frozen_conditioned_refined8,4.0,0.0902268603012846,4.075170813921064,0.4589828659268037,0.170433403315464,0.007789710708784199,0.4122139742216511,,False,True,True,0.04461952982016893,0.5372125595114216,4.0,-0.037598192185313406
confirmation,12,3,convex_box_conditioned_control,4.0,0.0902268603012846,4.075170813921064,0.4589828659268037,0.170433403315464,0.015246112441424726,0.36875600562583627,0.3687560239317009,False,True,True,0.14434422195080937,0.9999999999987376,4.0,-0.037598192185313406
confirmation,12,4,moving_conditioned_gaussian,4.89392140285118,0.049093974738728126,5.044857494276106,-0.008864331861536567,0.16371805482473803,0.6518514314193375,0.06390305090524839,0.057958306600264735,True,False,False,0.7610137605029946,1.2351887321550141,4.94091054322153,0.16253579470508028
confirmation,12,4,fixed_vertical_collision_repair,4.89392140285118,0.049093974738728126,5.044857494276106,-0.008864331861536567,0.16371805482473803,0.6383353995520815,0.05795830660026467,0.057958306600264686,False,True,True,0.6279541026881252,,,
confirmation,12,4,anchor_frozen_corridor_projection,4.89392140285118,0.049093974738728126,5.044857494276106,-0.008864331861536567,0.16371805482473803,0.6518514314193377,0.06390305090524843,0.06874878639897569,False,True,True,0.5311190297746848,,,
confirmation,12,4,fixed_uniform_conditioned_coarse4,4.89392140285118,0.049093974738728126,5.044857494276106,-0.008864331861536567,0.16371805482473803,0.5691676997760406,0.02852878598709994,0.05795830660026476,False,True,True,0.15458510491761546,0.5737772223061915,4.89392140285118,0.17188251585728165
confirmation,12,4,anchor_frozen_conditioned_coarse4,4.89392140285118,0.049093974738728126,5.044857494276106,-0.008864331861536567,0.16371805482473803,0.6518514314193375,0.06390305090524839,0.06874878639897572,False,True,True,0.5311190297746822,0.9362016641023058,4.89392140285118,0.17188251585728165
confirmation,12,4,anchor_frozen_conditioned_refined8,4.89392140285118,0.049093974738728126,5.044857494276106,-0.008864331861536567,0.16371805482473803,0.6518514314193375,0.06390305090524839,,False,True,True,0.0008131195269316689,0.3916390814444712,4.89392140285118,0.17188251585728165
confirmation,12,4,convex_box_conditioned_control,4.89392140285118,0.049093974738728126,5.044857494276106,-0.008864331861536567,0.16371805482473803,0.6383353995520813,0.05795830660026458,0.057958306600264714,False,True,True,0.6279541026881192,1.000000000000394,4.89392140285118,-0.03276505267364089
confirmation,12,5,moving_conditioned_gaussian,5.746231421595603,0.007961089176171658,5.968505154556822,0.005542029416336969,0.2085989236496102,0.5058586105855488,0.0030634601842881837,0.002419059753048283,True,False,False,1.0154125844629696,1.4985486223332676,5.746231421595603,-0.04418864173623089
confirmation,12,5,fixed_vertical_collision_repair,5.746231421595603,0.007961089176171658,5.968505154556822,0.005542029416336969,0.2085989236496102,0.504626311438589,0.002419059759834677,0.0024190597598346937,False,True,True,0.6362711485591981,,,
confirmation,12,5,anchor_frozen_corridor_projection,5.746231421595603,0.007961089176171658,5.968505154556822,0.005542029416336969,0.2085989236496102,0.5058586105948625,0.0030634601891586354,0.003912971315130952,False,True,True,0.3869962467423864,,,
confirmation,12,5,fixed_uniform_conditioned_coarse4,5.746231421595603,0.007961089176171658,5.968505154556822,0.005542029416336969,0.2085989236496102,0.5023131557133462,0.0012095095442484637,0.002419059755359055,False,True,True,0.15699195283934197,0.5849268933617867,5.746231421595603,0.1644102819133793
confirmation,12,5,anchor_frozen_conditioned_coarse4,5.746231421595603,0.007961089176171658,5.968505154556822,0.005542029416336969,0.2085989236496102,0.5058586105855489,0.003063460184288242,0.0039129713117231025,False,True,True,0.3869962460857055,0.8198743674378489,5.746231421595603,0.1644102819133793
confirmation,12,5,anchor_frozen_conditioned_refined8,5.746231421595603,0.007961089176171658,5.968505154556822,0.005542029416336969,0.2085989236496102,0.5058586105855489,0.003063460184288242,0.16588795571495762,False,True,True,0.00021501976741997782,0.3279631557656459,5.746231421595603,0.1644102819133793
confirmation,12,5,convex_box_conditioned_control,5.746231421595603,0.007961089176171658,5.968505154556822,0.005542029416336969,0.2085989236496102,0.5046263114266926,0.0024190597536138257,0.0024190597553590265,False,True,True,0.6362711474726628,0.9999999953795368,5.746231421595603,-0.04418864173623089
confirmation,12,6,moving_conditioned_gaussian,7.0,-0.03317179638638481,6.9416425357323375,-0.45484064855680717,0.2202069020989213,0.9846844524433912,0.4760504213815825,0.4216767301285979,True,False,False,0.15894271619044706,0.8759318657667992,7.063202149844274,-0.18575528371156738
confirmation,12,6,fixed_vertical_collision_repair,7.0,-0.03317179638638481,6.9416425357323375,-0.45484064855680717,0.2202069020989213,0.9722458231081083,0.42166885217042227,0.4216688521704224,False,True,True,0.20646720214536077,,,
confirmation,12,6,anchor_frozen_corridor_projection,7.0,-0.03317179638638481,6.9416425357323375,-0.45484064855680717,0.2202069020989213,0.9846844519181559,0.47605041838161466,,False,True,True,0.09149787304682938,,,
confirmation,12,6,fixed_uniform_conditioned_coarse4,7.0,-0.03317179638638481,6.9416425357323375,-0.45484064855680717,0.2202069020989213,0.7361229120942223,0.1390470059631011,0.4216754788665211,False,True,True,0.01900485991460305,0.6995556246102199,7.0,0.13198338018780617
confirmation,12,6,anchor_frozen_conditioned_coarse4,7.0,-0.03317179638638481,6.9416425357323375,-0.45484064855680717,0.2202069020989213,0.9846844524433911,0.47605042138158193,,False,True,True,0.09149777300310034,0.8585686048389396,7.0,0.13198338018780617
confirmation,12,6,anchor_frozen_conditioned_refined8,7.0,-0.03317179638638481,6.9416425357323375,-0.45484064855680717,0.2202069020989213,0.9846844524433912,0.4760504213815825,,False,True,True,0.04249343992843904,0.5489283750889556,7.0,0.13198338018780617
confirmation,12,6,convex_box_conditioned_control,7.0,-0.03317179638638481,6.9416425357323375,-0.45484064855680717,0.2202069020989213,0.9722458241884445,0.421668855900383,0.4216754788665211,False,True,True,0.20646697535889816,0.999999961423862,7.0,0.021879929138345515
confirmation,13,0,moving_conditioned_gaussian,1.0,-0.0015655158288572849,1.037714789117911,-0.4730341271595303,0.18850542018669564,0.9964089282317565,0.506755096258466,0.47146931090511157,True,False,False,0.06239422466590402,0.9628552694186436,0.900029904321676,-0.10153561150718127
confirmation,13,0,fixed_vertical_collision_repair,1.0,-0.0015655158288572849,1.037714789117911,-0.4730341271595303,0.18850542018669564,0.9938093764853579,0.47146861133067247,0.47146861133065726,False,True,True,0.08112588558977092,,,
confirmation,13,0,anchor_frozen_corridor_projection,1.0,-0.0015655158288572849,1.037714789117911,-0.4730341271595303,0.18850542018669564,0.9964089282315141,0.5067550962542163,0.6771689926939729,False,True,True,0.04650971336711275,,,
confirmation,13,0,fixed_uniform_conditioned_coarse4,1.0,-0.0015655158288572849,1.037714789117911,-0.4730341271595303,0.18850542018669564,0.7469046882428882,0.12531480798831782,0.47146899927271785,False,True,True,0.0026075002297329085,0.6473323762587365,1.0,0.13981354931116446
confirmation,13,0,anchor_frozen_conditioned_coarse4,1.0,-0.0015655158288572849,1.037714789117911,-0.4730341271595303,0.18850542018669564,0.9964089282317568,0.50675509625847,0.6771907860619295,False,True,True,0.04650971323857512,0.8125050798830492,1.0,0.13981354931116446
confirmation,13,0,anchor_frozen_conditioned_refined8,1.0,-0.0015655158288572849,1.037714789117911,-0.4730341271595303,0.18850542018669564,0.9964089282317568,0.50675509625847,,False,True,True,0.022636270567375216,0.4461216655548519,1.0,0.13981354931116446
confirmation,13,0,convex_box_conditioned_control,1.0,-0.0015655158288572849,1.037714789117911,-0.4730341271595303,0.18850542018669564,0.9938093764857765,0.4714686113351861,0.47146899927271785,False,True,True,0.08112588536414181,0.9999999999483442,1.0,0.045560839217816625
confirmation,13,1,moving_conditioned_gaussian,2.1011141532071695,-0.04517367611319713,1.9647229326309843,-0.12438688903224004,0.1725921073372198,0.6871205710766471,0.08417402197035721,0.07921321291924224,True,False,False,0.6927906182178899,1.1830602867437336,2.051578048180971,0.0744170604681892
confirmation,13,1,fixed_vertical_collision_repair,2.1011141532071695,-0.04517367611319713,1.9647229326309843,-0.12438688903224004,0.1725921073372198,0.6768692605753722,0.0792132129190429,0.0792132129190429,False,True,True,0.6162778266311798,,,
confirmation,13,1,anchor_frozen_corridor_projection,2.1011141532071695,-0.04517367611319713,1.9647229326309843,-0.12438688903224004,0.1725921073372198,0.6871205710766343,0.08417402197035094,0.0876696506039522,False,True,True,0.5577351724950887,,,
confirmation,13,1,fixed_uniform_conditioned_coarse4,2.1011141532071695,-0.04517367611319713,1.9647229326309843,-0.12438688903224004,0.1725921073372198,0.5884346302876928,0.03857780550191469,0.07921321291917673,False,True,True,0.1516795825314945,0.5647450660006402,2.1011141532071695,0.08427040438971771
confirmation,13,1,anchor_frozen_conditioned_coarse4,2.1011141532071695,-0.04517367611319713,1.9647229326309843,-0.12438688903224004,0.1725921073372198,0.6871205710766469,0.0841740219703571,0.0876696506041355,False,True,True,0.5577351724878341,0.9605513282311252,2.1011141532071695,0.08427040438971771
confirmation,13,1,anchor_frozen_conditioned_refined8,2.1011141532071695,-0.04517367611319713,1.9647229326309843,-0.12438688903224004,0.1725921073372198,0.6871205710766471,0.08417402197035721,0.23460560216545545,False,True,True,0.0980862946188974,0.38948308664613185,2.1011141532071695,-0.17461775661611195
confirmation,13,1,convex_box_conditioned_control,2.1011141532071695,-0.04517367611319713,1.9647229326309843,-0.12438688903224004,0.1725921073372198,0.6768692605753857,0.07921321291904937,0.07921321291917666,False,True,True,0.6162778266230203,0.999999999999473,2.1011141532071695,0.04112237755541277
confirmation,13,2,moving_conditioned_gaussian,3.2365880268212583,-0.08878183639753698,3.071456953309292,-0.07808286910694473,0.16857804082938688,0.46991154756365816,0.012726328911314574,0.010698967290585254,True,False,False,0.8996858483501509,1.3686264294661223,3.2365880268212583,-0.04663732619019026
confirmation,13,2,fixed_vertical_collision_repair,3.2365880268212583,-0.08878183639753698,3.071456953309292,-0.07808286910694473,0.16857804082938688,0.47469773205823307,0.010698967290592247,0.010698967290592235,False,True,True,0.6366173362507785,,,
confirmation,13,2,anchor_frozen_corridor_projection,3.2365880268212583,-0.08878183639753698,3.071456953309292,-0.07808286910694473,0.16857804082938688,0.4699115475636433,0.01272632891132088,0.014882319227443347,False,True,True,0.4630134264839021,,,
confirmation,13,2,fixed_uniform_conditioned_coarse4,3.2365880268212583,-0.08878183639753698,3.071456953309292,-0.07808286910694473,0.16857804082938688,0.48734886602912525,0.005346790906718874,0.01069896729058746,False,True,True,0.15808512421256427,0.5816040712857383,3.2365880268212583,-0.21521536701957714
confirmation,13,2,anchor_frozen_conditioned_coarse4,3.2365880268212583,-0.08878183639753698,3.071456953309292,-0.07808286910694473,0.16857804082938688,0.46991154756365816,0.012726328911314574,0.014882319227439364,False,True,True,0.4630134264837711,0.8789447356495381,3.2365880268212583,-0.21521536701957714
confirmation,13,2,anchor_frozen_conditioned_refined8,3.2365880268212583,-0.08878183639753698,3.071456953309292,-0.07808286910694473,0.16857804082938688,0.46991154756365816,0.012726328911314574,0.042305214819477396,False,True,True,0.05890102060866731,0.4209138446317312,3.2365880268212583,-0.21521536701957714
confirmation,13,2,convex_box_conditioned_control,3.2365880268212583,-0.08878183639753698,3.071456953309292,-0.07808286910694473,0.16857804082938688,0.4746977320582505,0.010698967290584865,0.010698967290587488,False,True,True,0.6366173362505965,0.9999999999993275,3.2365880268212583,0.03765169422450318
confirmation,13,3,moving_conditioned_gaussian,4.0,-0.13238999668187681,3.8952054123307622,0.441505526523972,0.21047440558043648,0.001290957432863784,0.634279844934786,0.5738985722751542,True,False,False,0.025086195733077906,0.9050207301866158,4.0,-0.2902458008672042
confirmation,13,3,fixed_vertical_collision_repair,4.0,-0.13238999668187681,3.8952054123307622,0.441505526523972,0.21047440558043648,0.003198790605129243,0.5738955232058479,0.5738955232058488,False,True,True,0.05194527021785107,,,
confirmation,13,3,anchor_frozen_corridor_projection,4.0,-0.13238999668187681,3.8952054123307622,0.441505526523972,0.21047440558043648,0.0012909574286611406,0.6342798451426883,,False,True,True,0.020180189521280277,,,
confirmation,13,3,fixed_uniform_conditioned_coarse4,4.0,-0.13238999668187681,3.8952054123307622,0.441505526523972,0.21047440558043648,0.2515993953078923,0.14090528404888997,0.5738976149624823,False,True,True,0.0010070133762799221,0.7212084156716165,4.0,-0.2902458008672042
confirmation,13,3,anchor_frozen_conditioned_coarse4,4.0,-0.13238999668187681,3.8952054123307622,0.441505526523972,0.21047440558043648,0.0012909574328637842,0.634279844934786,,False,True,True,0.020180189306422,0.9035888730123944,4.0,-0.2902458008672042
confirmation,13,3,anchor_frozen_conditioned_refined8,4.0,-0.13238999668187681,3.8952054123307622,0.441505526523972,0.21047440558043648,0.0012909574328637831,0.634279844934786,,False,True,True,0.005971438570707835,0.7039868091678393,4.0,-0.2902458008672042
confirmation,13,3,convex_box_conditioned_control,4.0,-0.13238999668187681,3.8952054123307622,0.441505526523972,0.21047440558043648,0.003198790615784615,0.573895522974484,0.5738976149624823,False,True,True,0.051945269663411384,0.999999954750172,4.0,0.025465807503450538
confirmation,13,4,moving_conditioned_gaussian,5.0,-0.17599815696621665,5.10085530079466,0.2417647436257725,0.2148187712597996,0.013800854655659825,0.4732245403396456,0.417762943975586,True,False,False,0.14880657406677694,0.9013788942821596,4.938344311458387,-0.027148157491602126
confirmation,13,4,fixed_vertical_collision_repair,5.0,-0.17599815696621665,5.10085530079466,0.2417647436257725,0.2148187712597996,0.02590419225681792,0.417762900591989,0.4177629005919892,False,True,True,0.1983617031066505,,,
confirmation,13,4,anchor_frozen_corridor_projection,5.0,-0.17599815696621665,5.10085530079466,0.2417647436257725,0.2148187712597996,0.013800854356887968,0.4732245421604714,,False,True,True,0.09267084433544742,,,
confirmation,13,4,fixed_uniform_conditioned_coarse4,5.0,-0.17599815696621665,5.10085530079466,0.2417647436257725,0.2148187712597996,0.262952096427758,0.13625324642592432,0.4177629340261341,False,True,True,0.01747064255325598,0.6847857671162678,5.0,-0.3371122354110664
confirmation,13,4,anchor_frozen_conditioned_coarse4,5.0,-0.17599815696621665,5.10085530079466,0.2417647436257725,0.2148187712597996,0.01380085465565982,0.4732245403396456,,False,True,True,0.09267084265481086,0.8367425119678893,5.0,-0.3371122354110664
confirmation,13,4,anchor_frozen_conditioned_refined8,5.0,-0.17599815696621665,5.10085530079466,0.2417647436257725,0.2148187712597996,0.013800854655659825,0.4732245403396456,,False,True,True,0.01287152519604645,0.6148756441822504,5.0,-0.3371122354110664
confirmation,13,4,convex_box_conditioned_control,5.0,-0.17599815696621665,5.10085530079466,0.2417647436257725,0.2148187712597996,0.02590419285551602,0.41776289845595044,0.41776293402613407,False,True,True,0.19836169950936844,0.9999997331931261,5.0,-0.014884078521366945
confirmation,13,5,moving_conditioned_gaussian,6.0,-0.21960631725055652,5.897933137433469,0.23210134584451692,0.2280360275727589,0.014067210420345026,0.500631873978855,0.4517078683223175,True,False,False,0.15435698132758255,0.9508555293790792,6.065449207300833,-0.06159795333831797
confirmation,13,5,fixed_vertical_collision_repair,6.0,-0.21960631725055652,5.897933137433469,0.23210134584451692,0.2280360275727589,0.023803434459294767,0.45170766309507343,0.45170766309507343,False,True,True,0.1887749280952179,,,
confirmation,13,5,anchor_frozen_corridor_projection,6.0,-0.21960631725055652,5.897933137433469,0.23210134584451692,0.2280360275727589,0.014067205444988249,0.5006319056399893,0.6933375737004752,False,True,True,0.1063081319900507,,,
confirmation,13,5,fixed_uniform_conditioned_coarse4,6.0,-0.21960631725055652,5.897933137433469,0.23210134584451692,0.2280360275727589,0.26190172148660357,0.14537148518669102,0.4517077984587827,False,True,True,0.01573969558751038,0.6516909916999716,6.0,-0.39063333793012567
confirmation,13,5,anchor_frozen_conditioned_coarse4,6.0,-0.21960631725055652,5.897933137433469,0.23210134584451692,0.2280360275727589,0.014067210420345031,0.500631873978855,0.693346396133531,False,True,True,0.10630810470205845,0.8147810042652156,6.0,-0.39063333793012567
confirmation,13,5,anchor_frozen_conditioned_refined8,6.0,-0.21960631725055652,5.897933137433469,0.23210134584451692,0.2280360275727589,0.014067210420345033,0.500631873978855,,False,True,True,0.011814621347520267,0.5840017386906396,6.0,-0.39063333793012567
confirmation,13,5,convex_box_conditioned_control,6.0,-0.21960631725055652,5.897933137433469,0.23210134584451692,0.2280360275727589,0.023803442973207106,0.4517076284798569,0.4517077984587827,False,True,True,0.18877487997415143,0.9999963413044751,6.0,-0.048579296570987335
confirmation,13,6,moving_conditioned_gaussian,7.0,-0.26321447753489635,7.033618121607151,0.21210056100851848,0.22644705598303302,0.009660973695302943,0.5297186895965467,0.4753151464253448,True,False,False,0.11792519290882823,0.8686296935565474,6.935006847525583,-0.10630712736977507
confirmation,13,6,fixed_vertical_collision_repair,7.0,-0.26321447753489635,7.033618121607151,0.21210056100851848,0.22644705598303302,0.01790793106216329,0.47531503854341506,0.4753150385434291,False,True,True,0.15925663064268938,,,
confirmation,13,6,anchor_frozen_corridor_projection,7.0,-0.26321447753489635,7.033618121607151,0.21210056100851848,0.22644705598303302,0.009660966116773945,0.5297187559558593,0.8280186117103799,False,True,True,0.08179966475973978,,,
confirmation,13,6,fixed_uniform_conditioned_coarse4,7.0,-0.26321447753489635,7.033618121607151,0.21210056100851848,0.22644705598303302,0.2589539726594213,0.14641468939250807,0.4753151099773141,False,True,True,0.010984786757124986,0.666063355880192,7.0,-0.4330497695221711
confirmation,13,6,anchor_frozen_conditioned_coarse4,7.0,-0.26321447753489635,7.033618121607151,0.21210056100851848,0.22644705598303302,0.009660973695302943,0.5297186895965467,0.8280485567210586,False,True,True,0.08179962280423617,0.8185460650232936,7.0,-0.4330497695221711
confirmation,13,6,anchor_frozen_conditioned_refined8,7.0,-0.26321447753489635,7.033618121607151,0.21210056100851848,0.22644705598303302,0.009660973695302945,0.5297186895965467,,False,True,True,0.006979758090429629,0.6457723255363512,7.0,-0.4330497695221711
confirmation,13,6,convex_box_conditioned_control,7.0,-0.26321447753489635,7.033618121607151,0.21210056100851848,0.22644705598303302,0.01790794531884262,0.4753149652958622,0.4753151099773141,False,True,True,0.1592565494638075,0.9999921799716807,7.0,-0.09337918554762159
confirmation,14,0,moving_conditioned_gaussian,1.1482990017089771,-0.07655755263475024,0.9331741007032333,-0.16802316617284552,0.1502455861890879,0.7478550043236211,0.10032724240418975,0.09146561353809578,True,False,False,0.7020594059654682,1.253718150677001,1.1051766292435683,0.027549063812943836
confirmation,14,0,fixed_vertical_collision_repair,1.1482990017089771,-0.07655755263475024,0.9331741007032333,-0.16802316617284552,0.1502455861890879,0.7286628907979397,0.09146561353809528,0.0914656135380953,False,True,True,0.5919603951786333,,,
confirmation,14,0,anchor_frozen_corridor_projection,1.1482990017089771,-0.07655755263475024,0.9331741007032333,-0.16802316617284552,0.1502455861890879,0.7478550043236212,0.1003272424041898,0.1081778512426257,False,True,True,0.4956027955116295,,,
confirmation,14,0,fixed_uniform_conditioned_coarse4,1.1482990017089771,-0.07655755263475024,0.9331741007032333,-0.16802316617284552,0.1502455861890879,0.6143314453989699,0.0436653255212959,0.09146561353809564,False,True,True,0.14509920346641317,0.5715739580531182,1.1482990017089771,0.036126637007065684
confirmation,14,0,anchor_frozen_conditioned_coarse4,1.1482990017089771,-0.07655755263475024,0.9331741007032333,-0.16802316617284552,0.1502455861890879,0.7478550043236212,0.1003272424041898,0.10817785124262645,False,True,True,0.4956027955116213,0.9261553727924784,1.1482990017089771,0.036126637007065684
confirmation,14,0,anchor_frozen_conditioned_refined8,1.1482990017089771,-0.07655755263475024,0.9331741007032333,-0.16802316617284552,0.1502455861890879,0.7478550043236211,0.10032724240418975,0.1956163852730572,False,True,True,0.16835118161980941,0.43101729774448233,1.1482990017089771,-0.18924174227656615
confirmation,14,0,convex_box_conditioned_control,1.1482990017089771,-0.07655755263475024,0.9331741007032333,-0.16802316617284552,0.1502455861890879,0.7286628907979397,0.09146561353809528,0.09146561353809561,False,True,True,0.5919603951786233,1.0000000000000073,1.1482990017089771,-0.0014347595402062902
confirmation,14,1,moving_conditioned_gaussian,2.0,-0.08175527663612864,1.9432905622580194,0.49888937632132,0.19245890468808952,0.000676233004950173,0.6167553204846712,0.5806460924412054,True,False,False,0.015618110664299249,0.96686512555843,2.0,-0.22609945515219576
confirmation,14,1,fixed_vertical_collision_repair,2.0,-0.08175527663612864,1.9432905622580194,0.49888937632132,0.19245890468808952,0.0012765335707845523,0.5806446529574513,0.5806446529574487,False,True,True,0.027186860713331408,,,
confirmation,14,1,anchor_frozen_corridor_projection,2.0,-0.08175527663612864,1.9432905622580194,0.49888937632132,0.19245890468808952,0.0006762330049617534,0.6167553204837162,0.9370852409969859,False,True,True,0.013914793302708327,,,
confirmation,14,1,fixed_uniform_conditioned_coarse4,2.0,-0.08175527663612864,1.9432905622580194,0.49888937632132,0.19245890468808952,0.2506382667853811,0.12942525859112483,0.5806458307860018,False,True,True,0.0002545630882776022,0.7434516324365665,2.0,-0.22609945515219576
confirmation,14,1,anchor_frozen_conditioned_coarse4,2.0,-0.08175527663612864,1.9432905622580194,0.49888937632132,0.19245890468808952,0.0006762330049501726,0.6167553204846712,0.9375250654094271,False,True,True,0.013914793284609683,0.9665774463189667,2.0,-0.22609945515219576
confirmation,14,1,anchor_frozen_conditioned_refined8,2.0,-0.08175527663612864,1.9432905622580194,0.49888937632132,0.19245890468808952,0.000676233004950172,0.6167553204846712,,False,True,True,0.005379348736076527,0.6760405160227231,2.0,-0.22609945515219576
confirmation,14,1,convex_box_conditioned_control,2.0,-0.08175527663612864,1.9432905622580194,0.49888937632132,0.19245890468808952,0.0012765335707621312,0.5806446529584711,0.5806458307860018,False,True,True,0.02718686067799325,0.9999999996435034,2.0,0.06258890187993849
confirmation,14,2,moving_conditioned_gaussian,3.0,-0.08695300063750704,3.056791375053613,0.4016633015586615,0.18269797611775335,0.0016153875567621663,0.5380240409932644,0.4886163367004972,True,False,False,0.029958882679560213,0.9015636102948402,3.0,-0.22397648272582205
confirmation,14,2,fixed_vertical_collision_repair,3.0,-0.08695300063750704,3.056791375053613,0.4016633015586615,0.18269797611775335,0.003742615181748222,0.48861630219616836,0.48861630219616853,False,True,True,0.05784785061992091,,,
confirmation,14,2,anchor_frozen_corridor_projection,3.0,-0.08695300063750704,3.056791375053613,0.4016633015586615,0.18269797611775335,0.0016153875567591956,0.5380240409933694,,False,True,True,0.024077487915627086,,,
confirmation,14,2,fixed_uniform_conditioned_coarse4,3.0,-0.08695300063750704,3.056791375053613,0.4016633015586615,0.18269797611775335,0.2518713075908776,0.12215417390332878,0.4886163261777411,False,True,True,0.0012667207166053116,0.7177631527685685,3.0,-0.22397648272582205
confirmation,14,2,anchor_frozen_conditioned_coarse4,3.0,-0.08695300063750704,3.056791375053613,0.4016633015586615,0.18269797611775335,0.0016153875567621657,0.5380240409932644,,False,True,True,0.024077487914896393,0.8997461786022644,3.0,-0.22397648272582205
confirmation,14,2,anchor_frozen_conditioned_refined8,3.0,-0.08695300063750704,3.056791375053613,0.4016633015586615,0.18269797611775335,0.001615387556762165,0.5380240409932644,,False,True,True,0.008135164540420911,0.6674485845312256,3.0,-0.22397648272582205
confirmation,14,2,convex_box_conditioned_control,3.0,-0.08695300063750704,3.056791375053613,0.4016633015586615,0.18269797611775335,0.003742615181755248,0.4886163021960539,0.4886163261777411,False,True,True,0.057847850618158295,0.9999999999620022,3.0,0.05007048145080796
confirmation,14,3,moving_conditioned_gaussian,4.0,-0.09215072463888543,4.083184823621704,0.17068440814078367,0.16083666453782253,0.030787641263550432,0.3006586926012472,0.2628351327796993,True,False,False,0.26235137298914524,1.0605680864433267,3.91470347788141,-0.006854202520295269
confirmation,14,3,fixed_vertical_collision_repair,4.0,-0.09215072463888543,4.083184823621704,0.17068440814078367,0.16083666453782253,0.05111113574611842,0.262835132779669,0.2628351327796691,False,True,True,0.28988309863588896,,,
confirmation,14,3,anchor_frozen_corridor_projection,4.0,-0.09215072463888543,4.083184823621704,0.17068440814078367,0.16083666453782253,0.030787641263550346,0.3006586926012472,0.44966917068254064,False,True,True,0.150701657520897,,,
confirmation,14,3,fixed_uniform_conditioned_coarse4,4.0,-0.09215072463888543,4.083184823621704,0.17068440814078367,0.16083666453782253,0.2755555678730593,0.09587408286479357,0.26283513277969184,False,True,True,0.03843560726688065,0.6569618420633117,4.0,-0.21277822304225233
confirmation,14,3,anchor_frozen_conditioned_coarse4,4.0,-0.09215072463888543,4.083184823621704,0.17068440814078367,0.16083666453782253,0.03078764126355043,0.3006586926012472,0.4496691707155468,False,True,True,0.15070165752089704,0.8079560789690582,4.0,-0.21277822304225233
confirmation,14,3,anchor_frozen_conditioned_refined8,4.0,-0.09215072463888543,4.083184823621704,0.17068440814078367,0.16083666453782253,0.030787641263550432,0.3006586926012472,,False,True,True,0.023492030748981,0.5110879374659124,4.0,-0.21277822304225233
confirmation,14,3,convex_box_conditioned_control,4.0,-0.09215072463888543,4.083184823621704,0.17068440814078367,0.16083666453782253,0.05111113574611856,0.26283513277966886,0.2628351327796919,False,True,True,0.2898830986358881,0.999999999999977,4.0,-0.0519415585044298
confirmation,14,4,moving_conditioned_gaussian,4.808609695902683,-0.09734844864026383,5.027641453414815,0.07909213751887943,0.20289204719370169,0.1483057087115319,0.2117640378731275,0.17644058621736558,True,False,False,0.7017822422703562,1.1856092851237885,4.808609695902683,0.05482058675501243
confirmation,14,4,fixed_vertical_collision_repair,4.808609695902683,-0.09734844864026383,5.027641453414815,0.07909213751887943,0.20289204719370169,0.19225189115430336,0.17644058615914318,0.17644058615914326,False,True,True,0.5313519405311191,,,
confirmation,14,4,anchor_frozen_corridor_projection,4.808609695902683,-0.09734844864026383,5.027641453414815,0.07909213751887943,0.20289204719370169,0.14830570867079693,0.2117640379088445,0.30791293138045406,False,True,True,0.26201536405107734,,,
confirmation,14,4,fixed_uniform_conditioned_coarse4,4.808609695902683,-0.09734844864026383,5.027641453414815,0.07909213751887943,0.20289204719370169,0.3461259456089602,0.08030486082465906,0.17644058620662467,False,True,True,0.12303350157628401,0.6299590600680128,4.808609695902683,-0.24951748403554008
confirmation,14,4,anchor_frozen_conditioned_coarse4,4.808609695902683,-0.09734844864026383,5.027641453414815,0.07909213751887943,0.20289204719370169,0.14830570871153184,0.2117640378731276,0.30791293296542177,False,True,True,0.2620153638289968,0.7795977941056547,4.808609695902683,-0.24951748403554008
confirmation,14,4,anchor_frozen_conditioned_refined8,4.808609695902683,-0.09734844864026383,5.027641453414815,0.07909213751887943,0.20289204719370169,0.14830570871153184,0.2117640378731276,,False,True,True,0.010513804931392428,0.4283759021244235,4.808609695902683,-0.24951748403554008
confirmation,14,4,convex_box_conditioned_control,4.808609695902683,-0.09734844864026383,5.027641453414815,0.07909213751887943,0.20289204719370169,0.19225189121792044,0.17644058611192098,0.17644058620662464,False,True,True,0.5313519400765088,0.999999995260735,4.808609695902683,0.05482058675501243
confirmation,14,5,moving_conditioned_gaussian,5.941479233443679,-0.10254617264164223,6.116606040799467,-0.004857696679902546,0.1546464129809829,0.2549894898399867,0.1018919476634088,0.09768847596173973,True,False,False,0.6341184502100441,1.1944581021502323,5.985864698535563,-0.2097021644387056
confirmation,14,5,fixed_vertical_collision_repair,5.941479233443679,-0.10254617264164223,6.116606040799467,-0.004857696679902546,0.1546464129809829,0.2637949783581566,0.09768847596173967,0.09768847596173967,False,True,True,0.5875053269341663,,,
confirmation,14,5,anchor_frozen_corridor_projection,5.941479233443679,-0.10254617264164223,6.116606040799467,-0.004857696679902546,0.1546464129809829,0.2549894898399866,0.10189194766340887,0.10491994641155933,False,True,True,0.5465519200824542,,,
confirmation,14,5,fixed_uniform_conditioned_coarse4,5.941479233443679,-0.10254617264164223,6.116606040799467,-0.004857696679902546,0.1546464129809829,0.3818974891790784,0.04647141298199581,0.09768847596173973,False,True,True,0.14365392320213324,0.5569739152461914,5.941479233443679,-0.2185309823773794
confirmation,14,5,anchor_frozen_conditioned_coarse4,5.941479233443679,-0.10254617264164223,6.116606040799467,-0.004857696679902546,0.1546464129809829,0.2549894898399867,0.1018919476634088,0.10491994641155934,False,True,True,0.5465519200824538,0.9674768112828025,5.941479233443679,-0.2185309823773794
confirmation,14,5,anchor_frozen_conditioned_refined8,5.941479233443679,-0.10254617264164223,6.116606040799467,-0.004857696679902546,0.1546464129809829,0.25498948983998676,0.1018919476634088,,False,True,True,0.0008225408882876237,0.49104626154922315,5.941479233443679,-0.2185309823773794
confirmation,14,5,convex_box_conditioned_control,5.941479233443679,-0.10254617264164223,6.116606040799467,-0.004857696679902546,0.1546464129809829,0.26379497835815674,0.09768847596173959,0.09768847596173968,False,True,True,0.5875053269341652,1.0000000000046576,5.941479233443679,-0.0638845693963965
confirmation,14,6,moving_conditioned_gaussian,7.0,-0.10774389664302061,6.974958640291097,0.4145576657787602,0.1535853440947027,0.00011931285997737921,0.56429835234009,0.5223015626175815,True,False,False,0.00394973091302692,0.9395079049727053,7.0,-0.22293290471404764
confirmation,14,6,fixed_vertical_collision_repair,7.0,-0.10774389664302061,6.974958640291097,0.4145576657787602,0.1535853440947027,0.000336036661875053,0.5223015624217757,0.5223015624217769,False,True,True,0.010144238069064636,,,
confirmation,14,6,anchor_frozen_corridor_projection,7.0,-0.10774389664302061,6.974958640291097,0.4145576657787602,0.1535853440947027,0.00011931285997737898,0.56429835234009,,False,True,True,0.0035860682617828757,,,
confirmation,14,6,fixed_uniform_conditioned_coarse4,7.0,-0.10774389664302061,6.974958640291097,0.4145576657787602,0.1535853440947027,0.25016801833093755,0.10351054950945089,0.5223015625299737,False,True,True,3.198058342973443e-05,0.7342178852531066,7.0,-0.22293290471404764
confirmation,14,6,anchor_frozen_conditioned_coarse4,7.0,-0.10774389664302061,6.974958640291097,0.4145576657787602,0.1535853440947027,0.00011931285997737893,0.56429835234009,,False,True,True,0.0035860682617828757,0.9392251489393162,7.0,-0.22293290471404764
confirmation,14,6,anchor_frozen_conditioned_refined8,7.0,-0.10774389664302061,6.974958640291097,0.4145576657787602,0.1535853440947027,0.00011931285997737895,0.56429835234009,,False,True,True,0.0012024051520640028,0.767988070028915,7.0,-0.22293290471404764
confirmation,14,6,convex_box_conditioned_control,7.0,-0.10774389664302061,6.974958640291097,0.4145576657787602,0.1535853440947027,0.0003360366618750528,0.5223015624217757,0.5223015625299737,False,True,True,0.010144238069064638,1.0000000000009166,7.0,-0.06934756061934494
confirmation,15,0,moving_conditioned_gaussian,1.0,-0.16867625933058883,1.030176818316815,0.06989947712172549,0.17936814446494592,0.049023549051174106,0.2967459235685611,0.23857573645249036,True,False,False,0.41632407723716236,1.1481141362031073,0.9048756765399913,-0.07355193587058016
confirmation,15,0,fixed_vertical_collision_repair,1.0,-0.16867625933058883,1.030176818316815,0.06989947712172549,0.17936814446494592,0.09174434561215355,0.23857573645231434,0.23857573645231428,False,True,True,0.38920844505692914,,,
confirmation,15,0,anchor_frozen_corridor_projection,1.0,-0.16867625933058883,1.030176818316815,0.06989947712172549,0.17936814446494592,0.0490235490501577,0.29674592357035673,,False,True,True,0.1620025713874445,,,
confirmation,15,0,fixed_uniform_conditioned_coarse4,1.0,-0.16867625933058883,1.030176818316815,0.06989947712172549,0.17936814446494592,0.29587217280711287,0.09619692304533117,0.23857573645242147,False,True,True,0.06933774737191192,0.6248246795336897,1.0,-0.30320236767929826
confirmation,15,0,anchor_frozen_conditioned_coarse4,1.0,-0.16867625933058883,1.030176818316815,0.06989947712172549,0.17936814446494592,0.049023549051174106,0.2967459235685611,,False,True,True,0.16200257138327007,0.7057372941930479,1.0,-0.30320236767929826
confirmation,15,0,anchor_frozen_conditioned_refined8,1.0,-0.16867625933058883,1.030176818316815,0.06989947712172549,0.17936814446494592,0.049023549051174085,0.2967459235685611,,False,True,True,0.004378156144564813,0.508146501324192,1.0,-0.30320236767929826
confirmation,15,0,convex_box_conditioned_control,1.0,-0.16867625933058883,1.030176818316815,0.06989947712172549,0.17936814446494592,0.09174434561422576,0.23857573645005797,0.23857573645242147,False,True,True,0.38920844504705177,0.9999999996744422,1.0,-0.0341501509818794
confirmation,15,1,moving_conditioned_gaussian,2.1749201091722137,-0.16256893898771027,1.954811073269966,-0.3838260501777433,0.16779655523738915,0.9292129949339166,0.24665334315293203,0.22125711261323341,True,False,False,0.426932686278354,1.170763970670186,2.2230798304451755,-0.2788367912450028
confirmation,15,1,fixed_vertical_collision_repair,2.1749201091722137,-0.16256893898771027,1.954811073269966,-0.3838260501777433,0.16779655523738915,0.9063491347117159,0.22125711119003294,0.22125711119003302,False,True,True,0.3930030823354509,,,
confirmation,15,1,anchor_frozen_corridor_projection,2.1749201091722137,-0.16256893898771027,1.954811073269966,-0.3838260501777433,0.16779655523738915,0.9292129949334174,0.24665334315231346,0.29466514277725264,False,True,True,0.27264368472341044,,,
confirmation,15,1,fixed_uniform_conditioned_coarse4,2.1749201091722137,-0.16256893898771027,1.954811073269966,-0.3838260501777433,0.16779655523738915,0.7031745673561927,0.08952834763295771,0.2212571120849954,False,True,True,0.07065980735818557,0.6007532941196424,2.1749201091722137,-0.0367215225596684
confirmation,15,1,anchor_frozen_conditioned_coarse4,2.1749201091722137,-0.16256893898771027,1.954811073269966,-0.3838260501777433,0.16779655523738915,0.9292129949339167,0.24665334315293216,0.29466515070006716,False,True,True,0.272643684523787,0.8319331170217089,2.1749201091722137,-0.0367215225596684
confirmation,15,1,anchor_frozen_conditioned_refined8,2.1749201091722137,-0.16256893898771027,1.954811073269966,-0.3838260501777433,0.16779655523738915,0.9292129949339166,0.24665334315293203,0.36362828884087806,False,True,True,0.1940990435890741,0.5164821963040943,2.1749201091722137,-0.28841635541575217
confirmation,15,1,convex_box_conditioned_control,2.1749201091722137,-0.16256893898771027,1.954811073269966,-0.3838260501777433,0.16779655523738915,0.9063491347123853,0.22125711119070457,0.2212571120849954,False,True,True,0.3930030820396388,0.999999999988407,2.1749201091722137,-0.0367215225596684
confirmation,15,2,moving_conditioned_gaussian,3.246546756000949,-0.1564616186448317,3.0550273679248754,-0.3856424937545251,0.18109065788423687,0.927097643298651,0.2633983359834336,0.22918089410685688,True,False,False,0.4581438828118908,1.1577552050946258,3.2985220518972427,-0.28194108290601927
confirmation,15,2,fixed_vertical_collision_repair,3.246546756000949,-0.1564616186448317,3.0550273679248754,-0.3856424937545251,0.18109065788423687,0.8971644572658548,0.2291808751096935,0.22918087510969337,False,True,True,0.4104723485857907,,,
confirmation,15,2,anchor_frozen_corridor_projection,3.246546756000949,-0.1564616186448317,3.0550273679248754,-0.3856424937545251,0.18109065788423687,0.9270976432850642,0.2633983359656713,0.33448874238242937,False,True,True,0.2579150288213606,,,
confirmation,15,2,fixed_uniform_conditioned_coarse4,3.246546756000949,-0.1564616186448317,3.0550273679248754,-0.3856424937545251,0.18109065788423687,0.698582228642737,0.09422639451687413,0.22918088654872082,False,True,True,0.07685898743277239,0.602980901071866,3.246546756000949,-0.020643625231654056
confirmation,15,2,anchor_frozen_conditioned_coarse4,3.246546756000949,-0.1564616186448317,3.0550273679248754,-0.3856424937545251,0.18109065788423687,0.9270976432986511,0.2633983359834338,0.3344889005175522,False,True,True,0.2579150251757657,0.7981175496561452,3.246546756000949,-0.020643625231654056
confirmation,15,2,anchor_frozen_conditioned_refined8,3.246546756000949,-0.1564616186448317,3.0550273679248754,-0.3856424937545251,0.18109065788423687,0.927097643298651,0.2633983359834336,0.4534135331244696,False,True,True,0.17145183693874277,0.4733130191944789,3.246546756000949,-0.29227961205800934
confirmation,15,2,convex_box_conditioned_control,3.246546756000949,-0.1564616186448317,3.0550273679248754,-0.3856424937545251,0.18109065788423687,0.8971644572854741,0.22918087512952984,0.22918088654872082,False,True,True,0.4104723425780198,0.9999999996844653,3.246546756000949,-0.020643625231654056
confirmation,15,3,moving_conditioned_gaussian,4.228789815051002,-0.15035429830195318,4.047097078415074,-0.17932394852298653,0.22559089323402182,0.5598777194463285,0.03398734303064154,0.028969697178079595,True,False,False,0.8737743094425623,1.3575432218739139,4.228789815051002,-0.20675202161045864
confirmation,15,3,fixed_vertical_collision_repair,4.228789815051002,-0.15035429830195318,4.047097078415074,-0.17932394852298653,0.22559089323402182,0.5510904133874059,0.028969650221033334,0.028969650221033344,False,True,True,0.6367284671041269,,,
confirmation,15,3,anchor_frozen_corridor_projection,4.228789815051002,-0.15035429830195318,4.047097078415074,-0.17932394852298653,0.22559089323402182,0.5598776939749522,0.03398732846288225,0.03854557122261307,False,True,True,0.49161238325649714,,,
confirmation,15,3,fixed_uniform_conditioned_coarse4,4.228789815051002,-0.15035429830195318,4.047097078415074,-0.17932394852298653,0.22559089323402182,0.5255452211611552,0.014455005738124534,0.028969680047955026,False,True,True,0.15845091159183067,0.5751812395313735,4.228789815051002,0.01883887162356318
confirmation,15,3,anchor_frozen_conditioned_coarse4,4.228789815051002,-0.15035429830195318,4.047097078415074,-0.17932394852298653,0.22559089323402182,0.5598777194463284,0.03398734303064148,0.03854560741890467,False,True,True,0.49161177035694825,0.8992224712040878,4.228789815051002,0.01883887162356318
confirmation,15,3,anchor_frozen_conditioned_refined8,4.228789815051002,-0.15035429830195318,4.047097078415074,-0.17932394852298653,0.22559089323402182,0.5598777194463284,0.03398734303064148,0.0758576708279646,False,True,True,0.13086189518882074,0.46225224965073963,4.228789815051002,-0.31954746822746954
confirmation,15,3,convex_box_conditioned_control,4.228789815051002,-0.15035429830195318,4.047097078415074,-0.17932394852298653,0.22559089323402182,0.5510904423223104,0.02896966671839511,0.028969680047955026,False,True,True,0.6367251967619708,0.9999994088402003,4.228789815051002,0.01883887162356318
confirmation,15,4,moving_conditioned_gaussian,5.175342990040075,-0.14424697795907462,5.003972944644021,-0.33319994287730403,0.17646519437744163,0.8773495715860443,0.20502415026012727,0.1889529664368885,True,False,False,0.5295672060303893,1.19981865496799,5.158460413470742,-0.1034888326375886
confirmation,15,4,fixed_vertical_collision_repair,5.175342990040075,-0.14424697795907462,5.003972944644021,-0.33319994287730403,0.17646519437744163,0.8578627149935316,0.18895296491822935,0.1889529649182294,False,True,True,0.4728413957779159,,,
confirmation,15,4,anchor_frozen_corridor_projection,5.175342990040075,-0.14424697795907462,5.003972944644021,-0.33319994287730403,0.17646519437744163,0.8773495715829865,0.2050241502574711,0.22589215182877173,False,True,True,0.3809384683385128,,,
confirmation,15,4,fixed_uniform_conditioned_coarse4,5.175342990040075,-0.14424697795907462,5.003972944644021,-0.33319994287730403,0.17646519437744163,0.6789313574985516,0.08200559903886037,0.18895296583719504,False,True,True,0.10023315116693071,0.578534232334732,5.175342990040075,-0.01189808217599339
confirmation,15,4,anchor_frozen_conditioned_coarse4,5.175342990040075,-0.14424697795907462,5.003972944644021,-0.33319994287730403,0.17646519437744163,0.8773495715860443,0.20502415026012727,0.22589215448086516,False,True,True,0.38093846732704506,0.8920536430755621,5.175342990040075,-0.01189808217599339
confirmation,15,4,anchor_frozen_conditioned_refined8,5.175342990040075,-0.14424697795907462,5.003972944644021,-0.33319994287730403,0.17646519437744163,0.8773495715860443,0.20502415026012727,0.29729625275039084,False,True,True,0.23168856591239856,0.5016970973701596,5.175342990040075,-0.2765958737421559
confirmation,15,4,convex_box_conditioned_control,5.175342990040075,-0.14424697795907462,5.003972944644021,-0.33319994287730403,0.17646519437744163,0.8578627149971032,0.18895296492103206,0.18895296583719504,False,True,True,0.47284139449223106,0.99999999993727,5.175342990040075,-0.01189808217599339
confirmation,15,5,moving_conditioned_gaussian,6.161672080440749,-0.13813965761619607,5.986005209685809,-0.05194390181607145,0.19697379320661929,0.3077436529237197,0.09893131142890649,0.08619575579246558,True,False,False,0.8094262593338933,1.2884535728818434,6.161672080440749,0.009590687288768385
confirmation,15,5,fixed_vertical_collision_repair,6.161672080440749,-0.13813965761619607,5.986005209685809,-0.05194390181607145,0.19697379320661929,0.33083809162904276,0.08619575580012462,0.08619575580012465,False,True,True,0.6190269107736982,,,
confirmation,15,5,anchor_frozen_corridor_projection,6.161672080440749,-0.13813965761619607,5.986005209685809,-0.05194390181607145,0.19697379320661929,0.3077436528142124,0.09893131149024302,0.11217567904874969,False,True,True,0.4688190152381293,,,
confirmation,15,5,fixed_uniform_conditioned_coarse4,6.161672080440749,-0.13813965761619607,5.986005209685809,-0.05194390181607145,0.19697379320661929,0.41541904587764,0.04207888281361862,0.08619575579483107,False,True,True,0.1521878436541023,0.5830115396224046,6.161672080440749,-0.2858700025211605
confirmation,15,5,anchor_frozen_conditioned_coarse4,6.161672080440749,-0.13813965761619607,5.986005209685809,-0.05194390181607145,0.19697379320661929,0.3077436529237197,0.09893131142890649,0.11217567904659806,False,True,True,0.46881901427705586,0.8949911441970894,6.161672080440749,-0.2858700025211605
confirmation,15,5,anchor_frozen_conditioned_refined8,6.161672080440749,-0.13813965761619607,5.986005209685809,-0.05194390181607145,0.19697379320661929,0.30774365292371975,0.09893131142890643,0.42181655395325607,False,True,True,0.031892871708651,0.475565619443415,6.161672080440749,-0.2858700025211605
confirmation,15,5,convex_box_conditioned_control,6.161672080440749,-0.13813965761619607,5.986005209685809,-0.05194390181607145,0.19697379320661929,0.33083809175528006,0.08619575573153344,0.08619575579483113,False,True,True,0.6190269102313939,0.9999999949116369,6.161672080440749,0.009590687288768385
confirmation,15,6,moving_conditioned_gaussian,7.0,-0.13203233727331753,6.93577119323025,0.49180230032014216,0.18625930701090576,0.0001677696986567718,0.6679620064162967,0.623835531440371,True,False,False,0.005447399635251081,0.9162535300042661,7.0,-0.27172681753149686
confirmation,15,6,fixed_vertical_collision_repair,7.0,-0.13203233727331753,6.93577119323025,0.49180230032014216,0.18625930701090576,0.00040510883898277767,0.623834637593455,0.6238346375934642,False,True,True,0.011678272377380191,,,
confirmation,15,6,anchor_frozen_corridor_projection,7.0,-0.13203233727331753,6.93577119323025,0.49180230032014216,0.18625930701090576,0.00016776969865194873,0.6679620064176796,,False,True,True,0.004824709552193253,,,
confirmation,15,6,fixed_uniform_conditioned_coarse4,7.0,-0.13203233727331753,6.93577119323025,0.49180230032014216,0.18625930701090576,0.25020255441949724,0.12551129515228587,0.623835113184449,False,True,True,4.294970615117811e-05,0.721225139846882,7.0,-0.27172681753149686
confirmation,15,6,anchor_frozen_conditioned_coarse4,7.0,-0.13203233727331753,6.93577119323025,0.49180230032014216,0.18625930701090576,0.00016776969865677196,0.6679620064162967,,False,True,True,0.0048247095517690115,0.9153337127410133,7.0,-0.27172681753149686
confirmation,15,6,anchor_frozen_conditioned_refined8,7.0,-0.13203233727331753,6.93577119323025,0.49180230032014216,0.18625930701090576,0.00016776969865677193,0.6679620064162967,,False,True,True,0.0015895637138156355,0.716231537563099,7.0,-0.27172681753149686
confirmation,15,6,convex_box_conditioned_control,7.0,-0.13203233727331753,6.93577119323025,0.49180230032014216,0.18625930701090576,0.00040510883899443187,0.6238346375919701,0.623835113184449,False,True,True,0.011678272376350897,0.9999999995567759,7.0,0.007662142984861786
confirmation,16,0,moving_conditioned_gaussian,1.0,-0.11995224048458766,1.056198708276706,0.22829424882629656,0.21078014365455888,0.023523533748614916,0.4185832792925273,0.3482465067449292,True,False,False,0.23554167784212263,0.8927801109802166,0.9395034483639,0.02609935495208912
confirmation,16,0,fixed_vertical_collision_repair,1.0,-0.11995224048458766,1.056198708276706,0.22829424882629656,0.21078014365455888,0.04924905124685775,0.3482464893108842,0.3482464893108842,False,True,True,0.28420522924399655,,,
confirmation,16,0,anchor_frozen_corridor_projection,1.0,-0.11995224048458766,1.056198708276706,0.22829424882629656,0.21078014365455888,0.0235235336973744,0.4185832794870178,,False,True,True,0.09436834261824063,,,
confirmation,16,0,fixed_uniform_conditioned_coarse4,1.0,-0.11995224048458766,1.056198708276706,0.22829424882629656,0.21078014365455888,0.2746245256886505,0.12623323177610069,0.3482465028907158,False,True,True,0.036910353723989604,0.6769867427136658,1.0,-0.27803734822550685
confirmation,16,0,anchor_frozen_conditioned_coarse4,1.0,-0.11995224048458766,1.056198708276706,0.22829424882629656,0.21078014365455888,0.02352353374861492,0.4185832792925273,,False,True,True,0.09436834219116108,0.7732844589424755,1.0,-0.27803734822550685
confirmation,16,0,anchor_frozen_conditioned_refined8,1.0,-0.11995224048458766,1.056198708276706,0.22829424882629656,0.21078014365455888,0.02352353374861491,0.4185832792925273,,False,True,True,0.014769730434191787,0.5675072625413426,1.0,-0.27803734822550685
confirmation,16,0,convex_box_conditioned_control,1.0,-0.11995224048458766,1.056198708276706,0.22829424882629656,0.21078014365455888,0.04924905137730092,0.3482464890410564,0.3482465028907158,False,True,True,0.2842052279457809,0.9999999657734077,1.0,0.0381328672563315
confirmation,16,1,moving_conditioned_gaussian,2.0,-0.15404886631330636,1.8803330060605175,-0.39617844649222844,0.1660447255200786,0.9495116605350692,0.2723361026755907,0.24212958150228628,True,False,False,0.3517413412048815,1.1133401260992204,2.047656924116107,-0.2691028588553977
confirmation,16,1,fixed_vertical_collision_repair,2.0,-0.15404886631330636,1.8803330060605175,-0.39617844649222844,0.1660447255200786,0.9276099112951535,0.24212958017892205,0.24212958017892208,False,True,True,0.34686180033084535,,,
confirmation,16,1,anchor_frozen_corridor_projection,2.0,-0.15404886631330636,1.8803330060605175,-0.39617844649222844,0.1660447255200786,0.949511660534884,0.27233610267529484,0.3474081943980235,False,True,True,0.2167397210737123,,,
confirmation,16,1,fixed_uniform_conditioned_coarse4,2.0,-0.15404886631330636,1.8803330060605175,-0.39617844649222844,0.1660447255200786,0.7138049556477137,0.09373805882958451,0.24212958113898295,False,True,True,0.055242251220159536,0.6307740271062817,2.0,-0.029515322173247413
confirmation,16,1,anchor_frozen_conditioned_coarse4,2.0,-0.15404886631330636,1.8803330060605175,-0.39617844649222844,0.1660447255200786,0.9495116605350692,0.2723361026755907,0.34740821592081106,False,True,True,0.21673972099148567,0.822605290481031,2.0,-0.029515322173247413
confirmation,16,1,anchor_frozen_conditioned_refined8,2.0,-0.15404886631330636,1.8803330060605175,-0.39617844649222844,0.1660447255200786,0.9495116605350693,0.2723361026755909,0.45036457133428354,False,True,True,0.1548020936767067,0.5099569968588528,2.0,-0.2785824104533653
confirmation,16,1,convex_box_conditioned_control,2.0,-0.15404886631330636,1.8803330060605175,-0.39617844649222844,0.1660447255200786,0.9276099112954275,0.24212958017925224,0.24212958113898295,False,True,True,0.3468618001958313,0.9999999999953102,2.0,-0.029515322173247413
confirmation,16,2,moving_conditioned_gaussian,2.882774183961879,-0.18814549214202506,3.0497341144044623,0.03914766686744997,0.20418883022778936,0.10808959878451345,0.2525309274059972,0.22729315903258165,True,False,False,0.5201357639963814,1.1511276303987061,2.824169422160242,-0.046661081380867664
confirmation,16,2,fixed_vertical_collision_repair,2.882774183961879,-0.18814549214202506,3.0497341144044623,0.03914766686744997,0.20418883022778936,0.1328216249783667,0.22729315900947508,0.22729315900947503,False,True,True,0.45961779415777404,,,
confirmation,16,2,anchor_frozen_corridor_projection,2.882774183961879,-0.18814549214202506,3.0497341144044623,0.03914766686744997,0.20418883022778936,0.10808959811347366,0.2525309281439164,0.29249748088041927,False,True,True,0.3362308713672016,,,
confirmation,16,2,fixed_uniform_conditioned_coarse4,2.882774183961879,-0.18814549214202506,3.0497341144044623,0.03914766686744997,0.20418883022778936,0.3164108129107693,0.09755308576939502,0.22729315902562583,False,True,True,0.09514764234468787,0.6003407421927226,2.882774183961879,-0.3412871148128671
confirmation,16,2,anchor_frozen_conditioned_coarse4,2.882774183961879,-0.18814549214202506,3.0497341144044623,0.03914766686744997,0.20418883022778936,0.10808959878451337,0.2525309274059972,0.2924974809869665,False,True,True,0.3362308685410153,0.8621059702151995,2.882774183961879,-0.3412871148128671
confirmation,16,2,anchor_frozen_conditioned_refined8,2.882774183961879,-0.18814549214202506,3.0497341144044623,0.03914766686744997,0.20418883022778936,0.10808959878451337,0.2525309274059972,,False,True,True,0.002854934721317887,0.5362383093022166,2.882774183961879,-0.3412871148128671
confirmation,16,2,convex_box_conditioned_control,2.882774183961879,-0.18814549214202506,3.0497341144044623,0.03914766686744997,0.20418883022778936,0.13282162582153859,0.22729315820760015,0.22729315902562586,False,True,True,0.45961779034206607,0.999999923197795,2.882774183961879,-0.03500386947118303
confirmation,16,3,moving_conditioned_gaussian,4.0,-0.22224211797074375,4.005307112167604,0.175503461711917,0.1772659932976648,0.006315844625872178,0.44209922138602725,0.39774557968954327,True,False,False,0.0911744920332988,0.9569612944244364,3.8771706827365033,-0.1713645489031757
confirmation,16,3,fixed_vertical_collision_repair,4.0,-0.22224211797074375,4.005307112167604,0.175503461711917,0.1772659932976648,0.012423336345886144,0.39774557968266094,0.3977455796826608,False,True,True,0.12710100306895486,,,
confirmation,16,3,anchor_frozen_corridor_projection,4.0,-0.22224211797074375,4.005307112167604,0.175503461711917,0.1772659932976648,0.006315844625245942,0.4420992213922665,0.7973094975437306,False,True,True,0.06277568994380466,,,
confirmation,16,3,fixed_uniform_conditioned_coarse4,4.0,-0.22224211797074375,4.005307112167604,0.175503461711917,0.1772659932976648,0.2562116681735618,0.116121455229887,0.39774557968650204,False,True,True,0.006799768918838304,0.6536053362774866,4.0,-0.3551916129439924
confirmation,16,3,anchor_frozen_conditioned_coarse4,4.0,-0.22224211797074375,4.005307112167604,0.175503461711917,0.1772659932976648,0.006315844625872174,0.44209922138602725,0.7973099180400468,False,True,True,0.06277568994003527,0.7880199578304549,4.0,-0.3551916129439924
confirmation,16,3,anchor_frozen_conditioned_refined8,4.0,-0.22224211797074375,4.005307112167604,0.175503461711917,0.1772659932976648,0.006315844625872174,0.44209922138602725,,False,True,True,0.005385018589878918,0.6393907688970334,4.0,-0.3551916129439924
confirmation,16,3,convex_box_conditioned_control,4.0,-0.22224211797074375,4.005307112167604,0.175503461711917,0.1772659932976648,0.012423336347123528,0.39774557967584584,0.3977455796865021,False,True,True,0.1271010030613667,0.9999999986224473,4.0,-0.08929262299749516
confirmation,16,4,moving_conditioned_gaussian,5.160160689405696,-0.2563387437994625,4.956981063224222,-0.4321638725974729,0.16765214303793996,0.8877385670331389,0.20362845773089705,0.17582513486948215,True,False,False,0.5721889832108626,1.1639655579484787,5.208278962561538,-0.37250653145026796
confirmation,16,4,fixed_vertical_collision_repair,5.160160689405696,-0.2563387437994625,4.956981063224222,-0.4321638725974729,0.16765214303793996,0.8528533251857717,0.17582512879801038,0.17582512879803153,False,True,True,0.47960840470622174,,,
confirmation,16,4,anchor_frozen_corridor_projection,5.160160689405696,-0.2563387437994625,4.956981063224222,-0.4321638725974729,0.16765214303793996,0.8877385670123734,0.20362845771265037,0.2610647926335276,False,True,True,0.29342620908296496,,,
confirmation,16,4,fixed_uniform_conditioned_coarse4,5.160160689405696,-0.2563387437994625,4.956981063224222,-0.4321638725974729,0.16765214303793996,0.6764266626075407,0.07673935878625318,0.17582513340374545,False,True,True,0.1028541167553762,0.6196987260690341,5.160160689405696,-0.1305996365210075
confirmation,16,4,anchor_frozen_conditioned_coarse4,5.160160689405696,-0.2563387437994625,4.956981063224222,-0.4321638725974729,0.16765214303793996,0.8877385670331388,0.20362845773089697,0.26106484251820145,False,True,True,0.29342620415661863,0.8194909162417345,5.160160689405696,-0.1305996365210075
confirmation,16,4,anchor_frozen_conditioned_refined8,5.160160689405696,-0.2563387437994625,4.956981063224222,-0.4321638725974729,0.16765214303793996,0.8877385670331388,0.20362845773089697,0.2840718341226091,False,True,True,0.2527053389136286,0.6449436621993563,5.160160689405696,-0.3820778510779175
confirmation,16,4,convex_box_conditioned_control,5.160160689405696,-0.2563387437994625,4.956981063224222,-0.4321638725974729,0.16765214303793996,0.8528533252150814,0.17582512881935783,0.1758251334037455,False,True,True,0.47960839634028535,0.999999999510266,5.160160689405696,-0.1305996365210075
confirmation,16,5,moving_conditioned_gaussian,5.914267398075122,-0.2904353696281812,6.095144359911643,-0.38301118759052366,0.1737617117807383,0.7326290846745501,0.10786846970928014,0.09257582156863742,True,False,False,0.810695466228774,1.2671018858248906,5.914267398075122,-0.4207566534637349
confirmation,16,5,fixed_vertical_collision_repair,5.914267398075122,-0.2904353696281812,6.095144359911643,-0.38301118759052366,0.1737617117807383,0.7029051737626799,0.09257581796234249,0.09257581796234249,False,True,True,0.6053707045487341,,,
confirmation,16,5,anchor_frozen_corridor_projection,5.914267398075122,-0.2904353696281812,6.095144359911643,-0.38301118759052366,0.1737617117807383,0.732629084372048,0.10786846954952492,0.13110324989464123,False,True,True,0.39976957973110205,,,
confirmation,16,5,fixed_uniform_conditioned_coarse4,5.914267398075122,-0.2904353696281812,6.095144359911643,-0.38301118759052366,0.1737617117807383,0.6014525870703096,0.0446756558777838,0.09257582081643395,False,True,True,0.14908062938286423,0.6036761799203042,5.914267398075122,-0.16011408579262745
confirmation,16,5,anchor_frozen_conditioned_coarse4,5.914267398075122,-0.2904353696281812,6.095144359911643,-0.38301118759052366,0.1737617117807383,0.7326290846745502,0.10786846970928023,0.1311032582928104,False,True,True,0.39976955913033785,0.8540859039453932,5.914267398075122,-0.16011408579262745
confirmation,16,5,anchor_frozen_conditioned_refined8,5.914267398075122,-0.2904353696281812,6.095144359911643,-0.38301118759052366,0.1737617117807383,0.7326290846745502,0.10786846970928023,0.14247159048906022,False,True,True,0.33826250933493507,0.708572888380219,5.914267398075122,-0.4207566534637349
confirmation,16,5,convex_box_conditioned_control,5.914267398075122,-0.2904353696281812,6.095144359911643,-0.38301118759052366,0.1737617117807383,0.7029051741406193,0.0925758181520581,0.09257582081643395,False,True,True,0.6053706281445803,0.9999999929309603,5.914267398075122,-0.16011408579262745
confirmation,16,6,moving_conditioned_gaussian,7.0,-0.32453199545689987,6.946436585370773,0.08542379457686877,0.18126555942841968,0.004841907875634728,0.46891944614495484,0.40995579003427957,True,False,False,0.06992556150269026,0.898173568183557,7.0961305797005565,-0.22840141575634337
confirmation,16,6,fixed_vertical_collision_repair,7.0,-0.32453199545689987,6.946436585370773,0.08542379457686877,0.18126555942841968,0.011860108665135795,0.4099557900337687,0.40995579003376864,False,True,True,0.1234499733425784,,,
confirmation,16,6,anchor_frozen_corridor_projection,7.0,-0.32453199545689987,6.946436585370773,0.08542379457686877,0.18126555942841968,0.004841907839914209,0.4689194466057479,,False,True,True,0.04644299971141914,,,
confirmation,16,6,fixed_uniform_conditioned_coarse4,7.0,-0.32453199545689987,6.946436585370773,0.08542379457686877,0.18126555942841968,0.25593005437817024,0.11890006951793188,0.4099557900341124,False,True,True,0.006390199411769709,0.6936281271587605,7.0,-0.4604811650282146
confirmation,16,6,anchor_frozen_conditioned_coarse4,7.0,-0.32453199545689987,6.946436585370773,0.08542379457686877,0.18126555942841968,0.004841907875634727,0.46891944614495484,,False,True,True,0.04644299950195755,0.8306880162039126,7.0,-0.4604811650282146
confirmation,16,6,anchor_frozen_conditioned_refined8,7.0,-0.32453199545689987,6.946436585370773,0.08542379457686877,0.18126555942841968,0.00484190787563473,0.46891944614495484,,False,True,True,0.00082453955585736,0.7767434919507227,7.0,-0.4604811650282146
confirmation,16,6,convex_box_conditioned_control,7.0,-0.32453199545689987,6.946436585370773,0.08542379457686877,0.18126555942841968,0.01186010875634047,0.40995578949905037,0.4099557900341124,False,True,True,0.1234499727863703,0.999999907639262,7.0,-0.18858282588558511
confirmation,17,0,moving_conditioned_gaussian,1.1476198506258113,-0.18876712628066233,0.9237261403223511,0.08339294903990113,0.1599890656302596,0.03490291025992684,0.2900871508716846,0.27216007532054787,True,False,False,0.2760955357118865,1.1832045322238982,1.162926141819879,-0.15181447049031188
confirmation,17,0,fixed_vertical_collision_repair,1.1476198506258113,-0.18876712628066233,0.9237261403223511,0.08339294903990113,0.1599890656302596,0.04446053547822686,0.2721600753205636,0.272160075320549,False,True,True,0.26896357090440415,,,
confirmation,17,0,anchor_frozen_corridor_projection,1.1476198506258113,-0.18876712628066233,0.9237261403223511,0.08339294903990113,0.1599890656302596,0.034902910259920004,0.29008715087169884,0.3284424278185295,False,True,True,0.20472107820604588,,,
confirmation,17,0,fixed_uniform_conditioned_coarse4,1.1476198506258113,-0.18876712628066233,0.9237261403223511,0.08339294903990113,0.1599890656302596,0.2722302677391178,0.09696643688400808,0.2721600753205493,False,True,True,0.032957576467173455,0.5901480711440615,1.1476198506258113,-0.30875892550335704
confirmation,17,0,anchor_frozen_conditioned_coarse4,1.1476198506258113,-0.18876712628066233,0.9237261403223511,0.08339294903990113,0.1599890656302596,0.03490291025992686,0.2900871508716846,0.3284424278185325,False,True,True,0.20472107820601082,0.8524710566183603,1.1476198506258113,-0.30875892550335704
confirmation,17,0,anchor_frozen_conditioned_refined8,1.1476198506258113,-0.18876712628066233,0.9237261403223511,0.08339294903990113,0.1599890656302596,0.03490291025992687,0.2900871508716846,,False,True,True,0.0071547958437546445,0.6023216457133787,1.1476198506258113,-0.30875892550335704
confirmation,17,0,convex_box_conditioned_control,1.1476198506258113,-0.18876712628066233,0.9237261403223511,0.08339294903990113,0.1599890656302596,0.04446053547823559,0.27216007532054864,0.27216007532054926,False,True,True,0.2689635709043581,0.999999999996814,1.1476198506258113,-0.06877532705796763
confirmation,17,1,moving_conditioned_gaussian,2.0,-0.10909041762818548,1.9127334644505947,-0.38190399372808825,0.19945498644608844,0.9400788762400495,0.3102394816661902,0.27281378619743163,True,False,False,0.39589375401587173,1.0906277648997873,2.0572460891116413,-0.24729470235432838
confirmation,17,1,fixed_vertical_collision_repair,2.0,-0.10909041762818548,1.9127334644505947,-0.38190399372808825,0.19945498644608844,0.9143119070665363,0.27281357609990275,0.27281357609990275,False,True,True,0.37673740645163084,,,
confirmation,17,1,anchor_frozen_corridor_projection,2.0,-0.10909041762818548,1.9127334644505947,-0.38190399372808825,0.19945498644608844,0.940078876088592,0.31023948141233404,0.4009759740387082,False,True,True,0.23066658125038123,,,
confirmation,17,1,fixed_uniform_conditioned_coarse4,2.0,-0.10909041762818548,1.9127334644505947,-0.38190399372808825,0.19945498644608844,0.7071559536458185,0.10872194154529223,0.27281372755685107,False,True,True,0.06505814749365858,0.627159583950378,2.0,0.04050082220638086
confirmation,17,1,anchor_frozen_conditioned_coarse4,2.0,-0.10909041762818548,1.9127334644505947,-0.38190399372808825,0.19945498644608844,0.9400788762400496,0.31023948166619036,0.4009780061739735,False,True,True,0.23066654979903337,0.8145573070770719,2.0,0.04050082220638086
confirmation,17,1,anchor_frozen_conditioned_refined8,2.0,-0.10909041762818548,1.9127334644505947,-0.38190399372808825,0.19945498644608844,0.9400788762400495,0.3102394816661902,,False,True,True,0.12599364792963602,0.4215837365165529,2.0,-0.25868165746275185
confirmation,17,1,convex_box_conditioned_control,2.0,-0.10909041762818548,1.9127334644505947,-0.38190399372808825,0.19945498644608844,0.9143119072916371,0.2728135763866933,0.27281372755685107,False,True,True,0.3767373535436897,0.9999999965951543,2.0,0.04050082220638086
confirmation,17,2,moving_conditioned_gaussian,3.067303585504153,-0.029413708975708636,2.894309741031568,0.06197230190552805,0.2196606778605606,0.31372811646861276,0.10660359483361964,0.09138601161065195,True,False,False,0.8401093984572582,1.2670864440358727,3.067303585504153,0.13533179941971182
confirmation,17,2,fixed_vertical_collision_repair,3.067303585504153,-0.029413708975708636,2.894309741031568,0.06197230190552805,0.2196606778605606,0.33869306095266477,0.09138601088123664,0.09138601088123668,False,True,True,0.6216117660523088,,,
confirmation,17,2,anchor_frozen_corridor_projection,3.067303585504153,-0.029413708975708636,2.894309741031568,0.06197230190552805,0.2196606778605606,0.3137281163111546,0.10660359493115257,0.13197252146062877,False,True,True,0.39695392965064524,,,
confirmation,17,2,fixed_uniform_conditioned_coarse4,3.067303585504153,-0.029413708975708636,2.894309741031568,0.06197230190552805,0.2196606778605606,0.41934653057548854,0.04471533415563934,0.09138601148647998,False,True,True,0.1525874504484242,0.6081716575198208,3.067303585504153,-0.1941592173711291
confirmation,17,2,anchor_frozen_conditioned_coarse4,3.067303585504153,-0.029413708975708636,2.894309741031568,0.06197230190552805,0.2196606778605606,0.3137281164686129,0.1066035948336195,0.13197252307406576,False,True,True,0.39695392487986325,0.8478740007733113,3.067303585504153,-0.1941592173711291
confirmation,17,2,anchor_frozen_conditioned_refined8,3.067303585504153,-0.029413708975708636,2.894309741031568,0.06197230190552805,0.2196606778605606,0.3137281164686128,0.10660359483361964,,False,True,True,0.01360355885476188,0.3573228200914048,3.067303585504153,-0.1941592173711291
confirmation,17,2,convex_box_conditioned_control,3.067303585504153,-0.029413708975708636,2.894309741031568,0.06197230190552805,0.2196606778605606,0.3386930611509771,0.09138601076217379,0.09138601148647996,False,True,True,0.6216117388214243,0.9999999658797397,3.067303585504153,0.025501460489431513
confirmation,17,3,moving_conditioned_gaussian,4.0,0.0502629996767682,3.946063706164182,-0.25752521765223235,0.18277812722055442,0.9738499214649539,0.35470925786809226,0.30778821769200504,True,False,False,0.2391301283567596,0.9983302583479117,4.096932739907674,-0.04666974023090546
confirmation,17,3,fixed_vertical_collision_repair,4.0,0.0502629996767682,3.946063706164182,-0.25752521765223235,0.18277812722055442,0.9539037999204941,0.3077882173290005,0.3077882173290005,False,True,True,0.2742784870549449,,,
confirmation,17,3,anchor_frozen_corridor_projection,4.0,0.0502629996767682,3.946063706164182,-0.25752521765223235,0.18277812722055442,0.9738499214649634,0.35470925786812096,0.5725451610414823,False,True,True,0.13575582412339482,,,
confirmation,17,3,fixed_uniform_conditioned_coarse4,4.0,0.0502629996767682,3.946063706164182,-0.25752521765223235,0.18277812722055442,0.7269518999602382,0.11032856412501744,0.30778821758924346,False,True,True,0.03431229316172805,0.6551548139261223,4.0,0.18734659509218402
confirmation,17,3,anchor_frozen_conditioned_coarse4,4.0,0.0502629996767682,3.946063706164182,-0.25752521765223235,0.18277812722055442,0.9738499214649539,0.35470925786809226,0.572545447474478,False,True,True,0.13575582412029566,0.7933307794110223,4.0,0.18734659509218402
confirmation,17,3,anchor_frozen_conditioned_refined8,4.0,0.0502629996767682,3.946063706164182,-0.25752521765223235,0.18277812722055442,0.973849921464954,0.35470925786809254,,False,True,True,0.035875598035783315,0.4729196312549846,4.0,0.18734659509218402
confirmation,17,3,convex_box_conditioned_control,4.0,0.0502629996767682,3.946063706164182,-0.25752521765223235,0.18277812722055442,0.9539037999204764,0.3077882173289669,0.30778821758924346,False,True,True,0.27427848704854757,0.9999999999849133,4.0,-0.04112606393350901
confirmation,17,4,moving_conditioned_gaussian,5.066505510022943,0.12993970832924506,4.886779803902788,0.08993803748297635,0.20445779864644115,0.5891992641584173,0.046102303806951773,0.04000167072359796,True,False,False,0.8412544573374865,1.2892418785210424,5.066505510022943,0.02771080900602449
confirmation,17,4,fixed_vertical_collision_repair,5.066505510022943,0.12993970832924506,4.886779803902788,0.08993803748297635,0.20445779864644115,0.577556986672047,0.040001670846268725,0.0400016708462687,False,True,True,0.6365164301173544,,,
confirmation,17,4,anchor_frozen_corridor_projection,5.066505510022943,0.12993970832924506,4.886779803902788,0.08993803748297635,0.20445779864644115,0.5891992646031111,0.046102304040725295,0.05262515702799837,False,True,True,0.4830420487804048,,,
confirmation,17,4,fixed_uniform_conditioned_coarse4,5.066505510022943,0.12993970832924506,4.886779803902788,0.08993803748297635,0.20445779864644115,0.538778493081338,0.01990536640037481,0.040001670755022936,False,True,True,0.15765175219222693,0.585661319766712,5.066505510022943,0.28328305731407594
confirmation,17,4,anchor_frozen_conditioned_coarse4,5.066505510022943,0.12993970832924506,4.886779803902788,0.08993803748297635,0.20445779864644115,0.5891992641584172,0.04610230380695172,0.05262515696336549,False,True,True,0.483042045065194,0.8966013715828969,5.066505510022943,0.28328305731407594
confirmation,17,4,anchor_frozen_conditioned_refined8,5.066505510022943,0.12993970832924506,4.886779803902788,0.08993803748297635,0.20445779864644115,0.5891992641584172,0.04610230380695172,0.14587780040402457,False,True,True,0.06291419186778406,0.4565253748797837,5.066505510022943,0.28328305731407594
confirmation,17,4,convex_box_conditioned_control,5.066505510022943,0.12993970832924506,4.886779803902788,0.08993803748297635,0.20445779864644115,0.577556986162676,0.040001670580171844,0.040001670755022964,False,True,True,0.6365164278965751,0.9999999844020954,5.066505510022943,-0.02340364065558581
confirmation,17,5,moving_conditioned_gaussian,6.0,0.2096164169817219,5.994700957943215,-0.19803370089624797,0.20686686554201464,0.985936571744987,0.4541787854416797,0.4076501237564679,True,False,False,0.1615890107800409,0.940990339248662,6.109707722570673,0.09990869441104865
confirmation,17,5,fixed_vertical_collision_repair,6.0,0.2096164169817219,5.994700957943215,-0.19803370089624797,0.20686686554201464,0.9756146987481474,0.40765011787797,0.40765011787796984,False,True,True,0.19147340309933814,,,
confirmation,17,5,anchor_frozen_corridor_projection,6.0,0.2096164169817219,5.994700957943215,-0.19803370089624797,0.20686686554201464,0.9859365719922069,0.4541787868691719,0.642125644435739,False,True,True,0.10589849861182213,,,
confirmation,17,5,fixed_uniform_conditioned_coarse4,6.0,0.2096164169817219,5.994700957943215,-0.19803370089624797,0.20686686554201464,0.7378073491585918,0.13169148582205617,0.4076501212062124,False,True,True,0.01621772005957567,0.6325598384086815,6.0,0.3647665661382329
confirmation,17,5,anchor_frozen_conditioned_coarse4,6.0,0.2096164169817219,5.994700957943215,-0.19803370089624797,0.20686686554201464,0.985936571744987,0.4541787854416797,0.6421262271393399,False,True,True,0.1058984972640512,0.7794045299106932,6.0,0.3647665661382329
confirmation,17,5,anchor_frozen_conditioned_refined8,6.0,0.2096164169817219,5.994700957943215,-0.19803370089624797,0.20686686554201464,0.985936571744987,0.4541787854416797,,False,True,True,0.010478205506891892,0.5629871486030834,6.0,0.3647665661382329
confirmation,17,5,convex_box_conditioned_control,6.0,0.2096164169817219,5.994700957943215,-0.19803370089624797,0.20686686554201464,0.9756146983171836,0.4076501163203746,0.40765012120621236,False,True,True,0.1914734006827256,0.9999997942711363,6.0,0.05446626782521091
confirmation,17,6,moving_conditioned_gaussian,7.0,0.28929312563419873,6.979905088985602,-0.19223209110924377,0.19854222950204112,0.9974950404971172,0.5571879803504574,0.481525217676257,True,False,False,0.0420256928202042,0.8786587289380849,7.0,0.4381997977607296
confirmation,17,6,fixed_vertical_collision_repair,7.0,0.28929312563419873,6.979905088985602,-0.19223209110924377,0.19854222950204112,0.9923522087822677,0.4815252167434423,0.4815252167434425,False,True,True,0.0931994642572416,,,
confirmation,17,6,anchor_frozen_corridor_projection,7.0,0.28929312563419873,6.979905088985602,-0.19223209110924377,0.19854222950204112,0.9974950405995034,0.5571879829650522,,False,True,True,0.02571963239210894,,,
confirmation,17,6,fixed_uniform_conditioned_coarse4,7.0,0.28929312563419873,6.979905088985602,-0.19223209110924377,0.19854222950204112,0.7461761042158349,0.13153517014972071,0.48152521742752735,False,True,True,0.003507031765116575,0.7195562322572382,7.0,0.4381997977607296
confirmation,17,6,anchor_frozen_conditioned_coarse4,7.0,0.28929312563419873,6.979905088985602,-0.19223209110924377,0.19854222950204112,0.9974950404971172,0.5571879803504574,,False,True,True,0.025719631784542153,0.8753050833388326,7.0,0.4381997977607296
confirmation,17,6,anchor_frozen_conditioned_refined8,7.0,0.28929312563419873,6.979905088985602,-0.19223209110924377,0.19854222950204112,0.9974950404971172,0.5571879803504574,,False,True,True,0.0017565214819567463,0.8087806962406427,7.0,0.4381997977607296
confirmation,17,6,convex_box_conditioned_control,7.0,0.28929312563419873,6.979905088985602,-0.19223209110924377,0.19854222950204112,0.9923522084316698,0.48152521343949184,0.4815252174275274,False,True,True,0.09319946202650052,0.9999994864088053,7.0,0.1403864535076679
confirmation,18,0,moving_conditioned_gaussian,1.0,0.24634999911210437,0.9413526750288064,-0.3248123480688412,0.21228100474582504,0.9985526345677094,0.6323216441630557,0.571162591212089,True,False,False,0.02723667378046327,0.9204252014417917,1.0,0.4055607526714732
confirmation,18,0,fixed_vertical_collision_repair,1.0,0.24634999911210437,0.9413526750288064,-0.3248123480688412,0.21228100474582504,0.996433770691849,0.5711623471809452,0.5711623471809455,False,True,True,0.05597064474597165,,,
confirmation,18,0,anchor_frozen_corridor_projection,1.0,0.24634999911210437,0.9413526750288064,-0.3248123480688412,0.21228100474582504,0.998552634706051,0.6323216503807261,,False,True,True,0.021192122614445554,,,
confirmation,18,0,fixed_uniform_conditioned_coarse4,1.0,0.24634999911210437,0.9413526750288064,-0.3248123480688412,0.21228100474582504,0.7482168851673074,0.14199244827015103,0.5711625293658021,False,True,True,0.0011806710504467983,0.7289241328835129,1.0,0.4055607526714732
confirmation,18,0,anchor_frozen_conditioned_coarse4,1.0,0.24634999911210437,0.9413526750288064,-0.3248123480688412,0.21228100474582504,0.9985526345677094,0.6323216441630557,,False,True,True,0.021192121684536498,0.9191826777342131,1.0,0.4055607526714732
confirmation,18,0,anchor_frozen_conditioned_refined8,1.0,0.24634999911210437,0.9413526750288064,-0.3248123480688412,0.21228100474582504,0.9985526345677096,0.6323216441630657,,False,True,True,0.0032325093002384406,0.7930609539125187,1.0,0.4055607526714732
confirmation,18,0,convex_box_conditioned_control,1.0,0.24634999911210437,0.9413526750288064,-0.3248123480688412,0.21228100474582504,0.9964337703346148,0.571162340085997,0.5711625293658021,False,True,True,0.055970642277530604,0.9999989143490369,1.0,0.08713924555273558
confirmation,18,1,moving_conditioned_gaussian,2.0,0.25460880188618235,2.102408742369391,-0.3304282656273134,0.16591838524368893,0.9999236449285712,0.628269935671503,0.5850370677171741,True,False,False,0.0030769073677650244,0.9241060482542081,1.912008488502999,0.16661729038918152
confirmation,18,1,fixed_vertical_collision_repair,2.0,0.25460880188618235,2.102408742369391,-0.3304282656273134,0.16591838524368893,0.9997890989542139,0.5850370675134885,0.5850370675134957,False,True,True,0.0071175651304219555,,,
confirmation,18,1,anchor_frozen_corridor_projection,2.0,0.25460880188618235,2.102408742369391,-0.3304282656273134,0.16591838524368893,0.9999236449285729,0.6282699356724027,,False,True,True,0.002574005864019762,,,
confirmation,18,1,fixed_uniform_conditioned_coarse4,2.0,0.25460880188618235,2.102408742369391,-0.3304282656273134,0.16591838524368893,0.7498945494771048,0.11185519825622335,0.5850370675966268,False,True,True,1.5257143262823674e-05,0.7071607666796794,2.0,0.379047590818949
confirmation,18,1,anchor_frozen_conditioned_coarse4,2.0,0.25460880188618235,2.102408742369391,-0.3304282656273134,0.16591838524368893,0.9999236449285713,0.6282699356715632,,False,True,True,0.00257400586400478,0.8749848851308195,2.0,0.379047590818949
confirmation,18,1,anchor_frozen_conditioned_refined8,2.0,0.25460880188618235,2.102408742369391,-0.3304282656273134,0.16591838524368893,0.9999236449285713,0.6282699356715632,,False,True,True,0.0003908002024261885,0.8009006478244838,2.0,0.379047590818949
confirmation,18,1,convex_box_conditioned_control,2.0,0.25460880188618235,2.102408742369391,-0.3304282656273134,0.16591838524368893,0.9997890989542095,0.5850370675125863,0.5850370675966268,False,True,True,0.007117565130383539,0.9999999997068549,2.0,0.13017001295341565
confirmation,18,2,moving_conditioned_gaussian,3.0,0.2628676046602603,2.8855876823363737,-0.12262878068816396,0.21640228434966902,0.9733301346266915,0.41812389003406825,0.3854963878122911,True,False,False,0.22452520779125498,0.9821977285206623,3.062110176709933,0.11292037368575028
confirmation,18,2,fixed_vertical_collision_repair,3.0,0.2628676046602603,2.8855876823363737,-0.12262878068816396,0.21640228434966902,0.9625754385894916,0.38549638534842406,0.3854963853484243,False,True,True,0.24465089753788594,,,
confirmation,18,2,anchor_frozen_corridor_projection,3.0,0.2628676046602603,2.8855876823363737,-0.12262878068816396,0.21640228434966902,0.9733301412771448,0.4181239133614785,0.5068825036320286,False,True,True,0.16462360242649277,,,
confirmation,18,2,fixed_uniform_conditioned_coarse4,3.0,0.2628676046602603,2.8855876823363737,-0.12262878068816396,0.21640228434966902,0.7312877145516843,0.13345792947936197,0.3854963872642863,False,True,True,0.027090640375129524,0.6522203332667327,3.0,0.4251693179225121
confirmation,18,2,anchor_frozen_conditioned_coarse4,3.0,0.2628676046602603,2.8855876823363737,-0.12262878068816396,0.21640228434966902,0.9733301346266916,0.4181238900340686,0.5068825329029837,False,True,True,0.16462356888975893,0.864640906935216,3.0,0.4251693179225121
confirmation,18,2,anchor_frozen_conditioned_refined8,3.0,0.2628676046602603,2.8855876823363737,-0.12262878068816396,0.21640228434966902,0.9733301346266916,0.4181238900340686,,False,True,True,0.006387675698679047,0.6494367209747346,3.0,0.4251693179225121
confirmation,18,2,convex_box_conditioned_control,3.0,0.2628676046602603,2.8855876823363737,-0.12262878068816396,0.21640228434966902,0.9625754291033687,0.38549636019929046,0.38549638726428626,False,True,True,0.24465084802711048,0.9999973662208341,3.0,0.10056589139800856
confirmation,18,3,moving_conditioned_gaussian,4.0,0.2711264074343383,3.9310398740781456,-0.2822126921185688,0.20766805425768614,0.9977638392259894,0.5903526869849223,0.5533391485409304,True,False,False,0.03965360080952519,0.9093254913186922,4.0,0.4268774481276029
confirmation,18,3,fixed_vertical_collision_repair,4.0,0.2711264074343383,3.9310398740781456,-0.2822126921185688,0.20766805425768614,0.9961452744215705,0.5533390995529066,0.553339099552907,False,True,True,0.05902375034847535,,,
confirmation,18,3,anchor_frozen_corridor_projection,4.0,0.2711264074343383,3.9310398740781456,-0.2822126921185688,0.20766805425768614,0.9977638394534254,0.5903526937171805,0.783897398869345,False,True,True,0.033752166316221986,,,
confirmation,18,3,fixed_uniform_conditioned_coarse4,4.0,0.2711264074343383,3.9310398740781456,-0.2822126921185688,0.20766805425768614,0.7480726370136963,0.1388129975141664,0.5533391349658233,False,True,True,0.0013222742427958015,0.7049737890470475,4.0,0.4268774481276029
confirmation,18,3,anchor_frozen_conditioned_coarse4,4.0,0.2711264074343383,3.9310398740781456,-0.2822126921185688,0.20766805425768614,0.9977638392259895,0.5903526869849256,0.7839009632943317,False,True,True,0.033752164779037884,0.9061119433130906,4.0,0.4268774481276029
confirmation,18,3,anchor_frozen_conditioned_refined8,4.0,0.2711264074343383,3.9310398740781456,-0.2822126921185688,0.20766805425768614,0.9977638392259893,0.590352686984919,,False,True,True,0.0040961600392873145,0.7466977222172082,4.0,0.4268774481276029
confirmation,18,3,convex_box_conditioned_control,4.0,0.2711264074343383,3.9310398740781456,-0.2822126921185688,0.20766805425768614,0.9961452740273925,0.5533390924105075,0.5533391349658234,False,True,True,0.05902374766476386,0.9999988928233233,4.0,0.11537536674107368
confirmation,18,4,moving_conditioned_gaussian,5.0,0.2793852102084163,4.889893146833713,-0.4426732210949429,0.16320893045857032,0.9999978313410811,0.7498678521377521,0.7220584359112041,True,False,False,0.00015941292252226225,0.9934201431525275,5.0,0.401791908052344
confirmation,18,4,fixed_vertical_collision_repair,5.0,0.2793852102084163,4.889893146833713,-0.4426732210949429,0.16320893045857032,0.9999951585393513,0.722058431303097,0.7220584313033591,False,True,True,0.0003519213144718062,,,
confirmation,18,4,anchor_frozen_corridor_projection,5.0,0.2793852102084163,4.889893146833713,-0.4426732210949429,0.16320893045857032,0.9999978313410812,0.7498678521394947,,False,True,True,0.00015759383611454062,,,
confirmation,18,4,fixed_uniform_conditioned_coarse4,5.0,0.2793852102084163,4.889893146833713,-0.4426732210949429,0.16320893045857032,0.7499975792696756,0.11008150745938121,0.7220584340736567,False,True,True,3.106548577427716e-08,0.7525776388473967,5.0,0.401791908052344
confirmation,18,4,anchor_frozen_conditioned_coarse4,5.0,0.2793852102084163,4.889893146833713,-0.4426732210949429,0.16320893045857032,0.9999978313410812,0.7498678521394947,,False,True,True,0.00015759383611454062,0.9934180283975186,5.0,0.401791908052344
confirmation,18,4,anchor_frozen_conditioned_refined8,5.0,0.2793852102084163,4.889893146833713,-0.4426732210949429,0.16320893045857032,0.9999978313410811,0.7498678521377521,,False,True,True,2.7148355334706746e-05,0.923279761411175,5.0,0.401791908052344
confirmation,18,4,convex_box_conditioned_control,5.0,0.2793852102084163,4.889893146833713,-0.4426732210949429,0.16320893045857032,0.9999951585393512,0.7220584313022892,0.7220584340736567,False,True,True,0.00035192131447014653,0.9999999996134208,5.0,0.15697851236448854
confirmation,18,5,moving_conditioned_gaussian,6.0,0.2876440129824943,6.115639993371621,-0.2251269969694526,0.15179315316263675,0.9997834810065094,0.534173004240688,0.5127710099519655,True,False,False,0.007041274893788776,0.9625117339472485,5.919499524045759,0.2071435370282528
confirmation,18,5,fixed_vertical_collision_repair,6.0,0.2876440129824943,6.115639993371621,-0.2251269969694526,0.15179315316263675,0.9996350447376158,0.5127710099519415,0.5127710099519469,False,True,True,0.010796232985093128,,,
confirmation,18,5,anchor_frozen_corridor_projection,6.0,0.2876440129824943,6.115639993371621,-0.2251269969694526,0.15179315316263675,0.9997834810065097,0.53417300424075,0.6655379446112648,False,True,True,0.006397467160367108,,,
confirmation,18,5,fixed_uniform_conditioned_coarse4,6.0,0.2876440129824943,6.115639993371621,-0.2251269969694526,0.15179315316263675,0.7498175223688077,0.10229577826938697,0.5127710099519589,False,True,True,3.6434565368750585e-05,0.7138804433284833,6.0,0.40148887785447185
confirmation,18,5,anchor_frozen_conditioned_coarse4,6.0,0.2876440129824943,6.115639993371621,-0.2251269969694526,0.15179315316263675,0.9997834810065095,0.5341730042407086,0.6655379446187644,False,True,True,0.006397467160365164,0.9299532875583694,6.0,0.40148887785447185
confirmation,18,5,anchor_frozen_conditioned_refined8,6.0,0.2876440129824943,6.115639993371621,-0.2251269969694526,0.15179315316263675,0.9997834810065095,0.5341730042407086,,False,True,True,0.0005489089824544237,0.8617550740065593,6.0,0.40148887785447185
confirmation,18,5,convex_box_conditioned_control,6.0,0.2876440129824943,6.115639993371621,-0.2251269969694526,0.15179315316263675,0.9996350447376153,0.5127710099518907,0.5127710099519589,False,True,True,0.010796232985089237,0.9999999999800985,6.0,0.17379914811051675
confirmation,18,6,moving_conditioned_gaussian,7.0,0.2959028157565723,7.0670989382685905,-0.18539797833049487,0.16543283131248193,0.9991475143563435,0.5190165267982989,0.4813007940873848,True,False,False,0.019105398310840432,0.9236919857387083,6.91226599236104,0.20816880811761265
confirmation,18,6,fixed_vertical_collision_repair,7.0,0.2959028157565723,7.0670989382685905,-0.18539797833049487,0.16543283131248193,0.998189051797553,0.481300794087068,0.48130079408706716,False,True,True,0.03490348752326181,,,
confirmation,18,6,anchor_frozen_corridor_projection,7.0,0.2959028157565723,7.0670989382685905,-0.18539797833049487,0.16543283131248193,0.9991475143564229,0.5190165268028151,,False,True,True,0.016275111812160806,,,
confirmation,18,6,fixed_uniform_conditioned_coarse4,7.0,0.2959028157565723,7.0670989382685905,-0.18539797833049487,0.16543283131248193,0.7490945258986919,0.11111181571838843,0.4813007940872669,False,True,True,0.0004322899737739158,0.7121148547869042,7.0,0.4199774392409337
confirmation,18,6,anchor_frozen_conditioned_coarse4,7.0,0.2959028157565723,7.0670989382685905,-0.18539797833049487,0.16543283131248193,0.9991475143563435,0.5190165267982989,,False,True,True,0.016275111811567346,0.8999781572364614,7.0,0.4199774392409337
confirmation,18,6,anchor_frozen_conditioned_refined8,7.0,0.2959028157565723,7.0670989382685905,-0.18539797833049487,0.16543283131248193,0.9991475143563434,0.5190165267982926,,False,True,True,0.0010760567600613612,0.8351863253330287,7.0,0.4199774392409337
confirmation,18,6,convex_box_conditioned_control,7.0,0.2959028157565723,7.0670989382685905,-0.18539797833049487,0.16543283131248193,0.9981890517973838,0.4813007940822363,0.4813007940872669,False,True,True,0.03490348752199144,0.9999999987051136,7.0,0.17182819227221086
confirmation,19,0,moving_conditioned_gaussian,1.0,0.07986235965400149,0.9052296689713974,-0.42504990654344377,0.17786294355645588,0.9990331995799664,0.5514188499981658,0.5049123134090523,True,False,False,0.022947110907416468,0.9497564830961586,1.0943260701329276,-0.014463710478926126
confirmation,19,0,fixed_vertical_collision_repair,1.0,0.07986235965400149,0.9052296689713974,-0.42504990654344377,0.17786294355645588,0.9977356217304645,0.5049122661974441,0.5049122661974452,False,True,True,0.04085869267167558,,,
confirmation,19,0,anchor_frozen_corridor_projection,1.0,0.07986235965400149,0.9052296689713974,-0.42504990654344377,0.17786294355645588,0.9990331995799666,0.5514188499981778,,False,True,True,0.017317079481275404,,,
confirmation,19,0,fixed_uniform_conditioned_coarse4,1.0,0.07986235965400149,0.9052296689713974,-0.42504990654344377,0.17786294355645588,0.748867810865232,0.1193337928796217,0.5049122883678259,False,True,True,0.0006040990729068717,0.6754491364390628,1.0,0.2132595673213434
confirmation,19,0,anchor_frozen_conditioned_coarse4,1.0,0.07986235965400149,0.9052296689713974,-0.42504990654344377,0.17786294355645588,0.9990331995799664,0.5514188499981658,,False,True,True,0.017317079481068236,0.8105008917370499,1.0,0.2132595673213434
confirmation,19,0,anchor_frozen_conditioned_refined8,1.0,0.07986235965400149,0.9052296689713974,-0.42504990654344377,0.17786294355645588,0.9990331995799665,0.5514188499981718,,False,True,True,0.006304111230471985,0.5730580804025669,1.0,0.2132595673213434
confirmation,19,0,convex_box_conditioned_control,1.0,0.07986235965400149,0.9052296689713974,-0.42504990654344377,0.17786294355645588,0.9977356217304639,0.5049122661974302,0.5049122883678259,False,True,True,0.040858692671184846,0.9999999999921153,1.0,-0.053534848013340436
confirmation,19,1,moving_conditioned_gaussian,2.0,0.045823462539973624,2.041845635728884,-0.33377556893820237,0.18566797824576442,0.9906300133165051,0.43644293664319006,0.3795990443947908,True,False,False,0.1347121253229663,1.1098994225812115,1.9015346851499177,-0.05264185231010867
confirmation,19,1,fixed_vertical_collision_repair,2.0,0.045823462539973624,2.041845635728884,-0.33377556893820237,0.18566797824576442,0.9795481371864321,0.3795990314781758,0.379599031478176,False,True,True,0.1725194208711507,,,
confirmation,19,1,anchor_frozen_corridor_projection,2.0,0.045823462539973624,2.041845635728884,-0.33377556893820237,0.18566797824576442,0.9906300133165027,0.43644293664317196,,False,True,True,0.07579315585572993,,,
confirmation,19,1,fixed_uniform_conditioned_coarse4,2.0,0.045823462539973624,2.041845635728884,-0.33377556893820237,0.18566797824576442,0.7397740685932187,0.11931934562701992,0.3795990366164957,False,True,True,0.013013419453228339,0.619039794699643,2.0,0.18507444622429695
confirmation,19,1,anchor_frozen_conditioned_coarse4,2.0,0.045823462539973624,2.041845635728884,-0.33377556893820237,0.18566797824576442,0.9906300133165051,0.43644293664319006,,False,True,True,0.07579315584782113,0.6926628566068671,2.0,0.18507444622429695
confirmation,19,1,anchor_frozen_conditioned_refined8,2.0,0.045823462539973624,2.041845635728884,-0.33377556893820237,0.18566797824576442,0.9906300133165052,0.4364429366431908,,False,True,True,0.025578701411254276,0.41842423221623903,2.0,0.18507444622429695
confirmation,19,1,convex_box_conditioned_control,2.0,0.045823462539973624,2.041845635728884,-0.33377556893820237,0.18566797824576442,0.9795481371864374,0.3795990314781959,0.3795990366164957,False,True,True,0.1725194208528073,0.9999999999695696,2.0,-0.047010526582908586
confirmation,19,2,moving_conditioned_gaussian,3.0,0.011784565425945762,3.1094601933175405,0.4375723125927776,0.1690110494706658,0.002577175805338865,0.47276204793888105,0.4257877637576027,True,False,False,0.05070551623870223,1.0583884969333022,2.910368355617878,0.1014162098080679
confirmation,19,2,fixed_vertical_collision_repair,3.0,0.011784565425945762,3.1094601933175405,0.4375723125927776,0.1690110494706658,0.005879597927342333,0.42578774716683143,0.4257877471668319,False,True,True,0.0784028996678107,,,
confirmation,19,2,anchor_frozen_corridor_projection,3.0,0.011784565425945762,3.1094601933175405,0.4375723125927776,0.1690110494706658,0.0025771758053393912,0.47276204793887167,,False,True,True,0.033847930778561165,,,
confirmation,19,2,fixed_uniform_conditioned_coarse4,3.0,0.011784565425945762,3.1094601933175405,0.4375723125927776,0.1690110494706658,0.2529397989636706,0.11243750970373197,0.42578775427910437,False,True,True,0.0024241068087833308,0.6463893311919279,3.0,-0.1149737216770536
confirmation,19,2,anchor_frozen_conditioned_coarse4,3.0,0.011784565425945762,3.1094601933175405,0.4375723125927776,0.1690110494706658,0.002577175805338869,0.47276204793888105,,False,True,True,0.03384793077807339,0.7474410602698485,3.0,-0.1149737216770536
confirmation,19,2,anchor_frozen_conditioned_refined8,3.0,0.011784565425945762,3.1094601933175405,0.4375723125927776,0.1690110494706658,0.0025771758053388695,0.47276204793888105,,False,True,True,0.017303773087737895,0.4692344723984564,3.0,-0.1149737216770536
confirmation,19,2,convex_box_conditioned_control,3.0,0.011784565425945762,3.1094601933175405,0.4375723125927776,0.1690110494706658,0.005879597927341141,0.4257877471668438,0.4257877542791043,False,True,True,0.07840289966667309,0.9999999999998384,3.0,-0.03046819694172069
confirmation,19,3,moving_conditioned_gaussian,4.048536140333732,-0.022254331688082093,3.90421981060706,0.22030141150955274,0.19974409375761143,0.09655785455551799,0.2599503876848011,0.24255574600039037,True,False,False,0.46197573529945096,1.1398881124204605,4.08675551803064,0.07001540829325424
confirmation,19,3,fixed_vertical_collision_repair,4.048536140333732,-0.022254331688082093,3.90421981060706,0.22030141150955274,0.19974409375761143,0.11231039137824667,0.24255574319763487,0.24255574319763484,False,True,True,0.4272082096337746,,,
confirmation,19,3,anchor_frozen_corridor_projection,4.048536140333732,-0.022254331688082093,3.90421981060706,0.22030141150955274,0.19974409375761143,0.09655785455651808,0.2599503876836333,0.285339552611189,False,True,True,0.347257530907364,,,
confirmation,19,3,fixed_uniform_conditioned_coarse4,4.048536140333732,-0.022254331688082093,3.90421981060706,0.22030141150955274,0.19974409375761143,0.3061551956885377,0.10122597012738364,0.24255574514010886,False,True,True,0.08295891455212738,0.5899517687053183,4.048536140333732,-0.1720624020062907
confirmation,19,3,anchor_frozen_conditioned_coarse4,4.048536140333732,-0.022254331688082093,3.90421981060706,0.22030141150955274,0.19974409375761143,0.09655785455551802,0.2599503876848011,0.2853395582290972,False,True,True,0.34725753004951904,0.8970980117167598,4.048536140333732,-0.1720624020062907
confirmation,19,3,anchor_frozen_conditioned_refined8,4.048536140333732,-0.022254331688082093,3.90421981060706,0.22030141150955274,0.19974409375761143,0.09655785455551798,0.2599503876848011,,False,True,True,0.0779478901597542,0.3671396009215601,4.048536140333732,-0.1720624020062907
confirmation,19,3,convex_box_conditioned_control,4.048536140333732,-0.022254331688082093,3.90421981060706,0.22030141150955274,0.19974409375761143,0.11231039137707544,0.24255574319886053,0.24255574514010886,False,True,True,0.4272082085578735,0.9999999992909114,4.048536140333732,0.027681691751320764
confirmation,19,4,moving_conditioned_gaussian,5.0,-0.056293228802109956,4.9244491746059165,-0.4719497696748458,0.18377642651225135,0.9955678415041139,0.4809875952914069,0.41565684452667695,True,False,False,0.06552366647822863,0.8947220361411479,5.097462168056783,-0.15375539685889308
confirmation,19,4,fixed_vertical_collision_repair,5.0,-0.056293228802109956,4.9244491746059165,-0.4719497696748458,0.18377642651225135,0.9881436082053602,0.4156565408727357,0.41565654087273585,False,True,True,0.12342561969763545,,,
confirmation,19,4,anchor_frozen_corridor_projection,5.0,-0.056293228802109956,4.9244491746059165,-0.4719497696748458,0.18377642651225135,0.9955678415037772,0.4809875952866414,,False,True,True,0.041644550409954156,,,
confirmation,19,4,fixed_uniform_conditioned_coarse4,5.0,-0.056293228802109956,4.9244491746059165,-0.4719497696748458,0.18377642651225135,0.7440718041031564,0.12054811952207216,0.41565674495519456,False,True,True,0.00638751221689202,0.6967443281048615,5.0,0.08153909108207855
confirmation,19,4,anchor_frozen_conditioned_coarse4,5.0,-0.056293228802109956,4.9244491746059165,-0.4719497696748458,0.18377642651225135,0.9955678415041139,0.4809875952914069,,False,True,True,0.04164455025689176,0.827526662953598,5.0,0.08153909108207855
confirmation,19,4,anchor_frozen_conditioned_refined8,5.0,-0.056293228802109956,4.9244491746059165,-0.4719497696748458,0.18377642651225135,0.9955678415041138,0.48098759529140533,,False,True,True,0.02377312822019357,0.6042305472376064,5.0,0.08153909108207855
confirmation,19,4,convex_box_conditioned_control,5.0,-0.056293228802109956,4.9244491746059165,-0.4719497696748458,0.18377642651225135,0.9881436082063129,0.4156565408784,0.4156567449551946,False,True,True,0.12342561924041037,0.9999999999766881,5.0,0.03559498445401572
confirmation,19,5,moving_conditioned_gaussian,6.0,-0.09033212591613782,6.035663140980484,0.44300693188566387,0.17710683724985443,0.000389130542793277,0.5951520736626318,0.5333391328060066,True,False,False,0.010268722035626275,0.8687948538131801,5.918187308998526,-0.05644419972908799
confirmation,19,5,fixed_vertical_collision_repair,6.0,-0.09033212591613782,6.035663140980484,0.44300693188566387,0.17710683724985443,0.00130024161627586,0.5333390578018024,0.5333390578018017,False,True,True,0.027549321688983622,,,
confirmation,19,5,anchor_frozen_corridor_projection,6.0,-0.09033212591613782,6.035663140980484,0.44300693188566387,0.17710683724985443,0.0003891305427931182,0.5951520736626595,,False,True,True,0.008177752923147647,,,
confirmation,19,5,fixed_uniform_conditioned_coarse4,6.0,-0.09033212591613782,6.035663140980484,0.44300693188566387,0.17710683724985443,0.2506501208081382,0.1190946632349416,0.5333390915031996,False,True,True,0.00026179990223104064,0.7051329551200543,6.0,-0.22316225385352864
confirmation,19,5,anchor_frozen_conditioned_coarse4,6.0,-0.09033212591613782,6.035663140980484,0.44300693188566387,0.17710683724985443,0.00038913054279327675,0.5951520736626318,,False,True,True,0.008177752923074086,0.8507947615982425,6.0,-0.22316225385352864
confirmation,19,5,anchor_frozen_conditioned_refined8,6.0,-0.09033212591613782,6.035663140980484,0.44300693188566387,0.17710683724985443,0.00038913054279327664,0.5951520736626318,,False,True,True,0.002950123254633826,0.689461820421887,6.0,-0.22316225385352864
confirmation,19,5,convex_box_conditioned_control,6.0,-0.09033212591613782,6.035663140980484,0.44300693188566387,0.17710683724985443,0.0013002416162763912,0.5333390578017795,0.5333390915031995,False,True,True,0.027549321688733464,0.9999999999904912,6.0,0.042498002021253006
confirmation,19,6,moving_conditioned_gaussian,7.0,-0.12437102303016567,7.090854158848054,-0.43421655165612616,0.1739417134225356,0.9777317613022662,0.34944997877864425,0.30984555023743926,True,False,False,0.21010761952101398,1.031181092831886,6.907753476180789,-0.21661754684937717
confirmation,19,6,fixed_vertical_collision_repair,7.0,-0.12437102303016567,7.090854158848054,-0.43421655165612616,0.1739417134225356,0.9625697532742143,0.30984552862596054,0.3098455286259605,False,True,True,0.24467158545464715,,,
confirmation,19,6,anchor_frozen_corridor_projection,7.0,-0.12437102303016567,7.090854158848054,-0.43421655165612616,0.1739417134225356,0.9777317613017551,0.3494499787769676,0.501177429143125,False,True,True,0.13312390883878128,,,
confirmation,19,6,fixed_uniform_conditioned_coarse4,7.0,-0.12437102303016567,7.090854158848054,-0.43421655165612616,0.1739417134225356,0.7312848766375496,0.10727048073721059,0.30984554391627084,False,True,True,0.027095403115574363,0.6536421838313978,7.0,0.006085262036736011
confirmation,19,6,anchor_frozen_conditioned_coarse4,7.0,-0.12437102303016567,7.090854158848054,-0.43421655165612616,0.1739417134225356,0.9777317613022662,0.34944997877864425,0.5011791162127562,False,True,True,0.1331239086236167,0.8109823343128345,7.0,0.006085262036736011
confirmation,19,6,anchor_frozen_conditioned_refined8,7.0,-0.12437102303016567,7.090854158848054,-0.43421655165612616,0.1739417134225356,0.9777317613022662,0.34944997877864425,,False,True,True,0.08960961469366747,0.48178698323144853,7.0,0.006085262036736011
confirmation,19,6,convex_box_conditioned_control,7.0,-0.12437102303016567,7.090854158848054,-0.43421655165612616,0.1739417134225356,0.9625697532750992,0.30984552862784587,0.30984554391627084,False,True,True,0.24467158505141784,0.9999999999855866,7.0,0.006085262036736011
confirmation,20,0,moving_conditioned_gaussian,0.8268305453155304,-0.0871342572566387,1.0407230675120915,-0.06252442050906136,0.1929578056879132,0.438469897069977,0.029879461908835392,0.02460983674360334,True,False,False,0.9356877675741151,1.3786907776801454,0.8268305453155304,-0.0388948058346604
confirmation,20,0,fixed_vertical_collision_repair,0.8268305453155304,-0.0871342572566387,1.0407230675120915,-0.06252442050906136,0.1929578056879132,0.4492565117912294,0.02460983674757735,0.024609836747577316,False,True,True,0.6367175593145192,,,
confirmation,20,0,anchor_frozen_corridor_projection,0.8268305453155304,-0.0871342572566387,1.0407230675120915,-0.06252442050906136,0.1929578056879132,0.4384698970593645,0.029879461914030236,0.037536479625788516,False,True,True,0.4004037405399439,,,
confirmation,20,0,fixed_uniform_conditioned_coarse4,0.8268305453155304,-0.0871342572566387,1.0407230675120915,-0.06252442050906136,0.1929578056879132,0.4746282559022938,0.012279924192110483,0.024609836744562533,False,True,True,0.1584536304818842,0.5946609126608954,0.8268305453155304,-0.2318526115225736
confirmation,20,0,anchor_frozen_conditioned_coarse4,0.8268305453155304,-0.0871342572566387,1.0407230675120915,-0.06252442050906136,0.1929578056879132,0.43846989706997697,0.029879461908835392,0.03753647962380351,False,True,True,0.4004037404549958,0.8350973222327593,0.8268305453155304,-0.2318526115225736
confirmation,20,0,anchor_frozen_conditioned_refined8,0.8268305453155304,-0.0871342572566387,1.0407230675120915,-0.06252442050906136,0.1929578056879132,0.438469897069977,0.029879461908835392,0.1390937594396201,False,True,True,0.02927378241195476,0.3935298807762533,0.8268305453155304,-0.2318526115225736
confirmation,20,0,convex_box_conditioned_control,0.8268305453155304,-0.0871342572566387,1.0407230675120915,-0.06252442050906136,0.1929578056879132,0.4492565118045876,0.024609836741063575,0.024609836744562574,False,True,True,0.6367175592428471,0.9999999995373552,0.8268305453155304,0.0575840970092962
confirmation,20,1,moving_conditioned_gaussian,2.0,-0.05587629929372779,2.0223039312495814,0.26617687136324486,0.17815987465136174,0.017473832831739578,0.37573281036377576,0.3220531708548377,True,False,False,0.18536464125256438,0.9680299062797942,1.9055164583740076,0.0386072423322646
confirmation,20,1,fixed_vertical_collision_repair,2.0,-0.05587629929372779,2.0223039312495814,0.26617687136324486,0.17815987465136174,0.03532941457084856,0.3220531706569726,0.32205317065697264,False,True,True,0.2368996954248018,,,
confirmation,20,1,anchor_frozen_corridor_projection,2.0,-0.05587629929372779,2.0223039312495814,0.26617687136324486,0.17815987465136174,0.017473832831737115,0.37573281036378575,,False,True,True,0.1036776341331157,,,
confirmation,20,1,fixed_uniform_conditioned_coarse4,2.0,-0.05587629929372779,2.0223039312495814,0.26617687136324486,0.17815987465136174,0.2676647072854269,0.11043973990002527,0.3220531707883101,False,True,True,0.025336216720478453,0.6579272797475058,2.0,-0.18949620528224909
confirmation,20,1,anchor_frozen_conditioned_coarse4,2.0,-0.05587629929372779,2.0223039312495814,0.26617687136324486,0.17815987465136174,0.017473832831739575,0.37573281036377576,,False,True,True,0.10367763413256963,0.7726030991390344,2.0,-0.18949620528224909
confirmation,20,1,anchor_frozen_conditioned_refined8,2.0,-0.05587629929372779,2.0223039312495814,0.26617687136324486,0.17815987465136174,0.01747383283173957,0.37573281036377576,,False,True,True,0.02832899838978128,0.4952817942632522,2.0,-0.18949620528224909
confirmation,20,1,convex_box_conditioned_control,2.0,-0.05587629929372779,2.0223039312495814,0.26617687136324486,0.17815987465136174,0.03532941457085377,0.32205317065696065,0.3220531707883101,False,True,True,0.23689969542352815,0.9999999999953624,2.0,0.03320363803195308
confirmation,20,2,moving_conditioned_gaussian,3.164971630137876,-0.024618341330816876,2.985000857796981,0.07244364030923423,0.15069317664416246,0.22752650808361494,0.11257043539858408,0.09706198164005114,True,False,False,0.7670088717958752,1.2597614614702564,3.164971630137876,0.08840154115230496
confirmation,20,2,fixed_vertical_collision_repair,3.164971630137876,-0.024618341330816876,2.985000857796981,0.07244364030923423,0.15069317664416246,0.2597542053420907,0.09706198164005113,0.09706198164005111,False,True,True,0.5850151843096789,,,
confirmation,20,2,anchor_frozen_corridor_projection,3.164971630137876,-0.024618341330816876,2.985000857796981,0.07244364030923423,0.15069317664416246,0.22752650808361496,0.11257043539858408,0.13423422419739414,False,True,True,0.4004783021717647,,,
confirmation,20,2,fixed_uniform_conditioned_coarse4,3.164971630137876,-0.024618341330816876,2.985000857796981,0.07244364030923423,0.15069317664416246,0.37987710267104535,0.04608251234224532,0.09706198164005113,False,True,True,0.1428258001664379,0.5979855490789117,3.164971630137876,-0.1376382238139387
confirmation,20,2,anchor_frozen_conditioned_coarse4,3.164971630137876,-0.024618341330816876,2.985000857796981,0.07244364030923423,0.15069317664416246,0.22752650808361496,0.11257043539858408,0.13423422419739411,False,True,True,0.4004783021717653,0.8591552504609662,3.164971630137876,-0.1376382238139387
confirmation,20,2,anchor_frozen_conditioned_refined8,3.164971630137876,-0.024618341330816876,2.985000857796981,0.07244364030923423,0.15069317664416246,0.2275265080836149,0.11257043539858412,,False,True,True,0.02970142066680248,0.3638701813118129,3.164971630137876,-0.1376382238139387
confirmation,20,2,convex_box_conditioned_control,3.164971630137876,-0.024618341330816876,2.985000857796981,0.07244364030923423,0.15069317664416246,0.2597542053420907,0.09706198164005113,0.09706198164005113,False,True,True,0.5850151843096789,1.0000000000000913,3.164971630137876,0.013054952830223739
confirmation,20,3,moving_conditioned_gaussian,4.0,0.006639616632094038,4.047572331608554,0.21416764307262082,0.16883442578411936,0.052185149724035304,0.27419146569941905,0.20752802644336069,True,False,False,0.48867543949502973,1.1839393055426657,3.9104620244727344,0.09617759215935981
confirmation,20,3,fixed_vertical_collision_repair,4.0,0.006639616632094038,4.047572331608554,0.21416764307262082,0.16883442578411936,0.10950202197031589,0.20752802644052687,0.2075280264405268,False,True,True,0.4223747270268174,,,
confirmation,20,3,anchor_frozen_corridor_projection,4.0,0.006639616632094038,4.047572331608554,0.21416764307262082,0.16883442578411936,0.05218514972403557,0.27419146569941877,,False,True,True,0.12292718886602423,,,
confirmation,20,3,fixed_uniform_conditioned_coarse4,4.0,0.006639616632094038,4.047572331608554,0.21416764307262082,0.16883442578411936,0.3047510109851576,0.08623799373927991,0.20752802644235296,False,True,True,0.08118207884415365,0.6326113809181042,4.0,-0.1199862027059955
confirmation,20,3,anchor_frozen_conditioned_coarse4,4.0,0.006639616632094038,4.047572331608554,0.21416764307262082,0.16883442578411936,0.052185149724035304,0.27419146569941905,,False,True,True,0.12292718886583914,0.6550710345461431,4.0,-0.1199862027059955
confirmation,20,3,anchor_frozen_conditioned_refined8,4.0,0.006639616632094038,4.047572331608554,0.21416764307262082,0.16883442578411936,0.05218514972403529,0.27419146569941905,,False,True,True,0.03580398988899882,0.41163618276162456,4.0,-0.1199862027059955
confirmation,20,3,convex_box_conditioned_control,4.0,0.006639616632094038,4.047572331608554,0.21416764307262082,0.16883442578411936,0.1095020219703152,0.20752802644052742,0.20752802644235296,False,True,True,0.42237472702615425,1.000000000000651,4.0,-0.0355689898139358
confirmation,20,4,moving_conditioned_gaussian,4.875344707709599,0.03789757459500495,5.067629550161623,0.23528424382504176,0.22970241718652368,0.16115394714105663,0.22734253386598838,0.1973869124004674,True,False,False,0.6669407447382966,1.2074855520479841,4.875344707709599,0.21017438748489772
confirmation,20,4,fixed_vertical_collision_repair,4.875344707709599,0.03789757459500495,5.067629550161623,0.23528424382504176,0.22970241718652368,0.195083451469389,0.1973866692300368,0.1973866692300368,False,True,True,0.5341179257183102,,,
confirmation,20,4,anchor_frozen_corridor_projection,4.875344707709599,0.03789757459500495,5.067629550161623,0.23528424382504176,0.22970241718652368,0.1611539505222091,0.22734253068890495,0.2736582726701908,False,True,True,0.36120009292086824,,,
confirmation,20,4,fixed_uniform_conditioned_coarse4,4.875344707709599,0.03789757459500495,5.067629550161623,0.23528424382504176,0.22970241718652368,0.3475417235644402,0.09003550304518367,0.1973868443933748,False,True,True,0.12410368387567394,0.6016317536805619,4.875344707709599,-0.13437923829488782
confirmation,20,4,anchor_frozen_conditioned_coarse4,4.875344707709599,0.03789757459500495,5.067629550161623,0.23528424382504176,0.22970241718652368,0.1611539471410566,0.22734253386598838,0.2736589658831867,False,True,True,0.3611996450379601,0.8466413767686837,4.875344707709599,-0.13437923829488782
confirmation,20,4,anchor_frozen_conditioned_refined8,4.875344707709599,0.03789757459500495,5.067629550161623,0.23528424382504176,0.22970241718652368,0.16115394714105666,0.22734253386598827,,False,True,True,0.090429484518746,0.3515223187063377,4.875344707709599,0.21017438748489772
confirmation,20,4,convex_box_conditioned_control,4.875344707709599,0.03789757459500495,5.067629550161623,0.23528424382504176,0.22970241718652368,0.19508344712888037,0.19738667284532047,0.1973868443933748,False,True,True,0.5341172353020198,0.9999998272583173,4.875344707709599,-0.019528029701625968
confirmation,20,5,moving_conditioned_gaussian,5.944186018345906,0.06915553255791587,6.118863035162048,0.17235063013433957,0.18605133477540686,0.2760299709054154,0.11064029852327581,0.10319509762139745,True,False,False,0.6856481572768091,1.214703842482508,5.997585090886876,-0.05976123258863694
confirmation,20,5,fixed_vertical_collision_repair,5.944186018345906,0.06915553255791587,6.118863035162048,0.17235063013433957,0.18605133477540686,0.2895638700554236,0.1031950975764237,0.1031950975764237,False,True,True,0.6017295759147516,,,
confirmation,20,5,anchor_frozen_corridor_projection,5.944186018345906,0.06915553255791587,6.118863035162048,0.17235063013433957,0.18605133477540686,0.27602997090734693,0.11064029852220084,0.11638421355927167,False,True,True,0.5323348077485802,,,
confirmation,20,5,fixed_uniform_conditioned_coarse4,5.944186018345906,0.06915553255791587,6.118863035162048,0.17235063013433957,0.18605133477540686,0.3947819350266826,0.0496528210703161,0.10319509760506251,False,True,True,0.1480659097767305,0.5659272063197931,5.944186018345906,-0.07038296852363926
confirmation,20,5,anchor_frozen_conditioned_coarse4,5.944186018345906,0.06915553255791587,6.118863035162048,0.17235063013433957,0.18605133477540686,0.2760299709054155,0.11064029852327581,0.11638421360205095,False,True,True,0.5323348070996897,0.9492351711855207,5.944186018345906,-0.07038296852363926
confirmation,20,5,anchor_frozen_conditioned_refined8,5.944186018345906,0.06915553255791587,6.118863035162048,0.17235063013433957,0.18605133477540686,0.27602997090541553,0.11064029852327581,0.24896127372486596,False,True,True,0.13542836085458831,0.40718602310999313,5.944186018345906,0.208694033639471
confirmation,20,5,convex_box_conditioned_control,5.944186018345906,0.06915553255791587,6.118863035162048,0.17235063013433957,0.18605133477540686,0.28956387005336515,0.10319509757754332,0.10319509760506251,False,True,True,0.6017295751658105,0.9999999999451806,5.944186018345906,-0.07038296852363926
confirmation,20,6,moving_conditioned_gaussian,7.0,0.10041349052082678,6.992017215456992,-0.21152311415519442,0.19396851071819332,0.9733483371297306,0.37483548981603304,0.31193660555396563,True,False,False,0.26250976715636004,0.9801875313179754,7.102867336949117,-0.0024538464282907596
confirmation,20,6,fixed_vertical_collision_repair,7.0,0.10041349052082678,6.992017215456992,-0.21152311415519442,0.19396851071819332,0.9461023024339998,0.3119366046760212,0.31193660467602125,False,True,True,0.2981406665599711,,,
confirmation,20,6,anchor_frozen_corridor_projection,7.0,0.10041349052082678,6.992017215456992,-0.21152311415519442,0.19396851071819332,0.973348337131205,0.37483548982067155,,False,True,True,0.12633193276877056,,,
confirmation,20,6,fixed_uniform_conditioned_coarse4,7.0,0.10041349052082678,6.992017215456992,-0.21152311415519442,0.19396851071819332,0.7230511512154313,0.11481571283065369,0.31193660520768945,False,True,True,0.04070400574863174,0.6377606974739152,7.0,0.24588987355947178
confirmation,20,6,anchor_frozen_conditioned_coarse4,7.0,0.10041349052082678,6.992017215456992,-0.21152311415519442,0.19396851071819332,0.9733483371297306,0.37483548981603304,,False,True,True,0.12633193275279006,0.7273855839413621,7.0,0.24588987355947178
confirmation,20,6,anchor_frozen_conditioned_refined8,7.0,0.10041349052082678,6.992017215456992,-0.21152311415519442,0.19396851071819332,0.9733483371297307,0.3748354898160335,,False,True,True,0.021383947649594923,0.4743771355032589,7.0,0.24588987355947178
confirmation,20,6,convex_box_conditioned_control,7.0,0.10041349052082678,6.992017215456992,-0.21152311415519442,0.19396851071819332,0.9461023024308626,0.3119366046704625,0.31193660520768945,False,True,True,0.2981406665217861,0.9999999991440558,7.0,-0.04506289251781821
confirmation,21,0,moving_conditioned_gaussian,0.874037047132248,-0.18273859784073246,1.0278096105735988,-0.03637136796225304,0.21710819767948347,0.21882768961310753,0.1685103829467977,0.14636722967821295,True,False,False,0.7463047510679093,1.1928563114746702,0.874037047132248,-0.019907449581119868
confirmation,21,0,fixed_vertical_collision_repair,0.874037047132248,-0.18273859784073246,1.0278096105735988,-0.03637136796225304,0.21710819767948347,0.25010250396622336,0.14636722987847944,0.14636722987847942,False,True,True,0.5787668897091958,,,
confirmation,21,0,anchor_frozen_corridor_projection,0.874037047132248,-0.18273859784073246,1.0278096105735988,-0.03637136796225304,0.21710819767948347,0.2188276824674409,0.16851038820240863,0.21496556054482296,False,True,True,0.34893167616570153,,,
confirmation,21,0,fixed_uniform_conditioned_coarse4,0.874037047132248,-0.18273859784073246,1.0278096105735988,-0.03637136796225304,0.21710819767948347,0.3750512567340057,0.06914987161406438,0.14636722970533494,False,True,True,0.14069298602189678,0.6245828885114041,0.874037047132248,-0.3455697461003451
confirmation,21,0,anchor_frozen_conditioned_coarse4,0.874037047132248,-0.18273859784073246,1.0278096105735988,-0.03637136796225304,0.21710819767948347,0.2188276896131076,0.16851038294679763,0.2149655606481763,False,True,True,0.3489316407876387,0.8366965931313846,0.874037047132248,-0.3455697461003451
confirmation,21,0,anchor_frozen_conditioned_refined8,0.874037047132248,-0.18273859784073246,1.0278096105735988,-0.03637136796225304,0.21710819767948347,0.21882768961310756,0.16851038294679763,1.096852275610682,False,True,True,0.013336908609539008,0.5080779319011846,0.874037047132248,-0.3455697461003451
confirmation,21,0,convex_box_conditioned_control,0.874037047132248,-0.18273859784073246,1.0278096105735988,-0.03637136796225304,0.21710819767948347,0.2501025134680114,0.1463672233881727,0.14636722970533494,False,True,True,0.5787668492130922,0.9999995705677195,0.874037047132248,-0.019907449581119868
confirmation,21,1,moving_conditioned_gaussian,2.0,-0.15500322074174322,2.115174089351621,-0.4435207449268358,0.19098023657934085,0.9606936755791042,0.3358947317213181,0.28851785410724784,True,False,False,0.31588216294257293,1.0336342391086246,1.9451862706639407,-0.2873352695091055
confirmation,21,1,fixed_vertical_collision_repair,2.0,-0.15500322074174322,2.115174089351621,-0.4435207449268358,0.19098023657934085,0.9345700050737346,0.2885175241850927,0.2885175241850926,False,True,True,0.32963688073443986,,,
confirmation,21,1,anchor_frozen_corridor_projection,2.0,-0.15500322074174322,2.115174089351621,-0.4435207449268358,0.19098023657934085,0.9606936754775186,0.3358947314929561,0.5291533191680101,False,True,True,0.162821769736393,,,
confirmation,21,1,fixed_uniform_conditioned_coarse4,2.0,-0.15500322074174322,2.115174089351621,-0.4435207449268358,0.19098023657934085,0.7172850026284582,0.1097744720836252,0.2885177719367111,False,True,True,0.04988419867181035,0.6516857094515129,2.0,-0.011768043307237575
confirmation,21,1,anchor_frozen_conditioned_coarse4,2.0,-0.15500322074174322,2.115174089351621,-0.4435207449268358,0.19098023657934085,0.960693675579104,0.3358947317213177,0.529180242519539,False,True,True,0.16282174812134198,0.7898619068533731,2.0,-0.011768043307237575
confirmation,21,1,anchor_frozen_conditioned_refined8,2.0,-0.15500322074174322,2.115174089351621,-0.4435207449268358,0.19098023657934085,0.960693675579104,0.3358947317213177,,False,True,True,0.11027108538221626,0.48676351149850994,2.0,-0.011768043307237575
confirmation,21,1,convex_box_conditioned_control,2.0,-0.15500322074174322,2.115174089351621,-0.4435207449268358,0.19098023657934085,0.9345700052569164,0.2885175244595974,0.2885177719367111,False,True,True,0.329636835815341,0.9999999973405809,2.0,-0.011768043307237575
confirmation,21,2,moving_conditioned_gaussian,3.143367899568994,-0.127267843642754,2.983486860701595,0.2042068646346289,0.15914283471134819,0.013774454474361304,0.3506952413169092,0.3314747082774824,True,False,False,0.15578047217862073,1.1125353376629623,3.1890438942367307,-0.016996237841023
confirmation,21,2,fixed_vertical_collision_repair,3.143367899568994,-0.127267843642754,2.983486860701595,0.2042068646346289,0.15914283471134819,0.018631287576834105,0.33147470827738307,0.3314747082773829,False,True,True,0.16311835850256753,,,
confirmation,21,2,anchor_frozen_corridor_projection,3.143367899568994,-0.127267843642754,2.983486860701595,0.2042068646346289,0.15914283471134819,0.01377445447436119,0.35069524131690977,0.4043789567043333,False,True,True,0.11848987245131731,,,
confirmation,21,2,fixed_uniform_conditioned_coarse4,3.143367899568994,-0.127267843642754,2.983486860701595,0.2042068646346289,0.15914283471134819,0.25931564378841715,0.1027198045381546,0.331474708277443,False,True,True,0.011557262427666425,0.609020564059921,3.143367899568994,-0.24662496967626515
confirmation,21,2,anchor_frozen_conditioned_coarse4,3.143367899568994,-0.127267843642754,2.983486860701595,0.2042068646346289,0.15914283471134819,0.013774454474361299,0.3506952413169092,0.40437895670545515,False,True,True,0.11848987245131634,0.842752474164813,3.143367899568994,-0.24662496967626515
confirmation,21,2,anchor_frozen_conditioned_refined8,3.143367899568994,-0.127267843642754,2.983486860701595,0.2042068646346289,0.15914283471134819,0.0137744544743613,0.3506952413169092,,False,True,True,0.019618120813041474,0.5093082696018215,3.143367899568994,-0.24662496967626515
confirmation,21,2,convex_box_conditioned_control,3.143367899568994,-0.127267843642754,2.983486860701595,0.2042068646346289,0.15914283471134819,0.018631287576834254,0.33147470827738235,0.331474708277443,False,True,True,0.1631183585025657,0.9999999999999096,3.143367899568994,-0.007910717609242862
confirmation,21,3,moving_conditioned_gaussian,4.0,-0.09953246654376478,4.030477061541488,-0.4887071340579022,0.19560149521462356,0.9901692234799653,0.4562883348143409,0.38917659640311625,True,False,False,0.12155335152550965,0.8752267281692712,3.8962666422426335,-0.20326582430113105
confirmation,21,3,fixed_vertical_collision_repair,4.0,-0.09953246654376478,4.030477061541488,-0.4887071340579022,0.19560149521462356,0.9766841637531236,0.38917466751413765,0.38917466751413743,False,True,True,0.18648698154870313,,,
confirmation,21,3,anchor_frozen_corridor_projection,4.0,-0.09953246654376478,4.030477061541488,-0.4887071340579022,0.19560149521462356,0.9901692234485648,0.4562883345804317,,False,True,True,0.06871041451015654,,,
confirmation,21,3,fixed_uniform_conditioned_coarse4,4.0,-0.09953246654376478,4.030477061541488,-0.4887071340579022,0.19560149521462356,0.7383420819162956,0.12484118710625566,0.3891759743829551,False,True,True,0.015340059977085435,0.678005426326571,4.0,0.04716865486720288
confirmation,21,3,anchor_frozen_conditioned_coarse4,4.0,-0.09953246654376478,4.030477061541488,-0.4887071340579022,0.19560149521462356,0.9901692234799652,0.4562883348143401,,False,True,True,0.06871040622360719,0.789425693413505,4.0,0.04716865486720288
confirmation,21,3,anchor_frozen_conditioned_refined8,4.0,-0.09953246654376478,4.030477061541488,-0.4887071340579022,0.19560149521462356,0.9901692234799653,0.4562883348143409,,False,True,True,0.042492600551001056,0.5487328936522995,4.0,0.04716865486720288
confirmation,21,3,convex_box_conditioned_control,4.0,-0.09953246654376478,4.030477061541488,-0.4887071340579022,0.19560149521462356,0.976684163832591,0.38917466779614246,0.3891759743829551,False,True,True,0.18648695872868723,0.9999999988212118,4.0,0.04716865486720288
confirmation,21,4,moving_conditioned_gaussian,5.0,-0.07179708944477556,4.8989041440534224,0.3604748517541725,0.22682662851203533,0.01743765602923563,0.47855954318528177,0.432274190044158,True,False,False,0.1705778129032263,0.9110395422079943,5.06510209456309,0.08537327018833232
confirmation,21,4,fixed_vertical_collision_repair,5.0,-0.07179708944477556,4.8989041440534224,0.3604748517541725,0.22682662851203533,0.028342155937623452,0.432271941198948,0.4322719411989481,False,True,True,0.20898210643821621,,,
confirmation,21,4,anchor_frozen_corridor_projection,5.0,-0.07179708944477556,4.8989041440534224,0.3604748517541725,0.22682662851203533,0.017437655988140965,0.47855954340162854,0.6725524791551485,False,True,True,0.11516495032491621,,,
confirmation,21,4,fixed_uniform_conditioned_coarse4,5.0,-0.07179708944477556,4.8989041440534224,0.3604748517541725,0.22682662851203533,0.26417107800402206,0.14302297959590773,0.43227376922163985,False,True,True,0.019494026898574525,0.6842603635727783,5.0,-0.24191706082880207
confirmation,21,4,anchor_frozen_conditioned_coarse4,5.0,-0.07179708944477556,4.8989041440534224,0.3604748517541725,0.22682662851203533,0.017437656029235624,0.47855954318528177,0.6726215009825112,False,True,True,0.11516492454022505,0.8625571408008929,5.0,-0.24191706082880207
confirmation,21,4,anchor_frozen_conditioned_refined8,5.0,-0.07179708944477556,4.8989041440534224,0.3604748517541725,0.22682662851203533,0.017437656029235617,0.47855954318528177,,False,True,True,0.03306163966961288,0.5200423605295821,5.0,-0.24191706082880207
confirmation,21,4,convex_box_conditioned_control,5.0,-0.07179708944477556,4.8989041440534224,0.3604748517541725,0.22682662851203533,0.028342156008044152,0.43227194095283933,0.43227376922163985,False,True,True,0.20898205912053844,0.9999998383568656,5.0,0.09832288193925096
confirmation,21,5,moving_conditioned_gaussian,6.117991638773376,-0.044061712345786326,5.941772440712196,0.1581744571902177,0.16119499050048744,0.09468063356765283,0.21156374918147886,0.20223616953602855,True,False,False,0.44099792208196875,1.2263639982249743,6.071726649589788,-0.15575527669585001
confirmation,21,5,fixed_vertical_collision_repair,6.117991638773376,-0.044061712345786326,5.941772440712196,0.1581744571902177,0.16119499050048744,0.1048109489967507,0.20223616953600396,0.202236169536004,False,True,True,0.41406413057660985,,,
confirmation,21,5,anchor_frozen_corridor_projection,6.117991638773376,-0.044061712345786326,5.941772440712196,0.1581744571902177,0.16119499050048744,0.09468063356765288,0.21156374918147886,0.22413472934859283,False,True,True,0.36259460812485794,,,
confirmation,21,5,fixed_uniform_conditioned_coarse4,6.117991638773376,-0.044061712345786326,5.941772440712196,0.1581744571902177,0.16119499050048744,0.30240547449837535,0.08341753448510564,0.20223616953601847,False,True,True,0.07815546815538083,0.5673804045428271,6.117991638773376,-0.1649579552211519
confirmation,21,5,anchor_frozen_conditioned_coarse4,6.117991638773376,-0.044061712345786326,5.941772440712196,0.1581744571902177,0.16119499050048744,0.09468063356765291,0.21156374918147886,0.22413472934862855,False,True,True,0.3625946081248551,0.9237479355526125,6.117991638773376,-0.1649579552211519
confirmation,21,5,anchor_frozen_conditioned_refined8,6.117991638773376,-0.044061712345786326,5.941772440712196,0.1581744571902177,0.16119499050048744,0.09468063356765294,0.21156374918147886,,False,True,True,0.0629190634277797,0.38647045971126853,6.117991638773376,-0.1649579552211519
confirmation,21,5,convex_box_conditioned_control,6.117991638773376,-0.044061712345786326,5.941772440712196,0.1581744571902177,0.16119499050048744,0.10481094899675074,0.20223616953600396,0.20223616953601845,False,True,True,0.41406413057660657,0.9999999999998834,6.117991638773376,-0.12465920759603005
confirmation,21,6,moving_conditioned_gaussian,7.0,-0.016326335246797097,7.041666258562603,-0.34025768725512584,0.19089331698227235,0.9778762308032904,0.3840273836054292,0.3239313771881129,True,False,False,0.2284090926998656,1.026774151686473,6.898763530808981,-0.11756280443781551
confirmation,21,6,fixed_vertical_collision_repair,7.0,-0.016326335246797097,7.041666258562603,-0.34025768725512584,0.19089331698227235,0.9551444359868049,0.3239313520083287,0.32393135200832873,False,True,True,0.270257943589516,,,
confirmation,21,6,anchor_frozen_corridor_projection,7.0,-0.016326335246797097,7.041666258562603,-0.34025768725512584,0.19089331698227235,0.9778762308026575,0.3840273836031381,,False,True,True,0.11852368430031099,,,
confirmation,21,6,fixed_uniform_conditioned_coarse4,7.0,-0.016326335246797097,7.041666258562603,-0.34025768725512584,0.19089331698227235,0.7275722179940662,0.11558339189438352,0.32393136667535044,False,True,True,0.03328514608358924,0.6371729123923304,7.0,0.12684365248990714
confirmation,21,6,anchor_frozen_conditioned_coarse4,7.0,-0.016326335246797097,7.041666258562603,-0.34025768725512584,0.19089331698227235,0.9778762308032906,0.38402738360542965,,False,True,True,0.11852368405263447,0.7322298505777446,7.0,0.12684365248990714
confirmation,21,6,anchor_frozen_conditioned_refined8,7.0,-0.016326335246797097,7.041666258562603,-0.34025768725512584,0.19089331698227235,0.9778762308032907,0.38402738360543004,,False,True,True,0.04850873055483727,0.42910738364243234,7.0,0.12684365248990714
confirmation,21,6,convex_box_conditioned_control,7.0,-0.016326335246797097,7.041666258562603,-0.34025768725512584,0.19089331698227235,0.9551444359881326,0.3239313520110095,0.32393136667535044,False,True,True,0.27025794300863254,0.9999999999183745,7.0,0.031396993998770995
confirmation,22,0,moving_conditioned_gaussian,0.8979114200880406,0.09165412887165635,1.1188368902245684,-0.08018936660718377,0.2200600373909538,0.8222044664625829,0.20329120397189246,0.17184349677755978,True,False,False,0.7337513041336949,1.2028163249710397,0.8979114200880406,-0.07339089917155901
confirmation,22,0,fixed_vertical_collision_repair,0.8979114200880406,0.09165412887165635,1.1188368902245684,-0.08018936660718377,0.2200600373909538,0.7825674893388932,0.17184349547884015,0.1718434954788401,False,True,True,0.5542432183010884,,,
confirmation,22,0,anchor_frozen_corridor_projection,0.8979114200880406,0.09165412887165635,1.1188368902245684,-0.08018936660718377,0.2200600373909538,0.8222044672527834,0.2032912046397483,0.27821386134414644,False,True,True,0.2971465365259204,,,
confirmation,22,0,fixed_uniform_conditioned_coarse4,0.8979114200880406,0.09165412887165635,1.1188368902245684,-0.08018936660718377,0.2200600373909538,0.6412837440953809,0.07963803378091587,0.1718434965589767,False,True,True,0.13178633070182244,0.6264999165861966,0.8979114200880406,0.2566991569148717
confirmation,22,0,anchor_frozen_conditioned_coarse4,0.8979114200880406,0.09165412887165635,1.1188368902245684,-0.08018936660718377,0.2200600373909538,0.8222044664625829,0.20329120397189246,0.27821387346718185,False,True,True,0.2971465305243014,0.8017430274074601,0.8979114200880406,0.2566991569148717
confirmation,22,0,anchor_frozen_conditioned_refined8,0.8979114200880406,0.09165412887165635,1.1188368902245684,-0.08018936660718377,0.2200600373909538,0.822204466462583,0.20329120397189251,,False,True,True,0.011467258273590462,0.4132172435755371,0.8979114200880406,0.2566991569148717
confirmation,22,0,convex_box_conditioned_control,0.8979114200880406,0.09165412887165635,1.1188368902245684,-0.08018936660718377,0.2200600373909538,0.7825674881907619,0.17184349461975157,0.17184349655897668,False,True,True,0.5542432068802781,0.99999992340778,0.8979114200880406,-0.07339089917155901
confirmation,22,1,moving_conditioned_gaussian,1.8092638251378268,0.06669689554736564,2.034112471537207,0.07074613758905468,0.17449369714031587,0.48889996444503264,0.004855680418025065,0.004049242041724341,True,False,False,0.9126542242702746,1.3759218779005304,1.8092638251378268,0.11032031983244461
confirmation,22,1,fixed_vertical_collision_repair,1.8092638251378268,0.06669689554736564,2.034112471537207,0.07074613758905468,0.17449369714031587,0.4907431104501934,0.0040492420416890565,0.0040492420416890496,False,True,True,0.6364566506515836,,,
confirmation,22,1,anchor_frozen_corridor_projection,1.8092638251378268,0.06669689554736564,2.034112471537207,0.07074613758905468,0.17449369714031587,0.4888999644450737,0.004855680418007091,0.0057846594520394035,False,True,True,0.4458034640414472,,,
confirmation,22,1,fixed_uniform_conditioned_coarse4,1.8092638251378268,0.06669689554736564,2.034112471537207,0.07074613758905468,0.17449369714031587,0.4953715552250723,0.002024484742424966,0.004049242041713932,False,True,True,0.15729786675925128,0.5844079734700888,1.8092638251378268,-0.06417337730787125
confirmation,22,1,anchor_frozen_conditioned_coarse4,1.8092638251378268,0.06669689554736564,2.034112471537207,0.07074613758905468,0.17449369714031587,0.48889996444503275,0.004855680418025065,0.005784659452065979,False,True,True,0.44580346403962956,0.8666478184350094,1.8092638251378268,-0.06417337730787125
confirmation,22,1,anchor_frozen_conditioned_refined8,1.8092638251378268,0.06669689554736564,2.034112471537207,0.07074613758905468,0.17449369714031587,0.48889996444503275,0.004855680418025065,0.01969036892450192,False,True,True,0.04209851481791768,0.38558918228885297,1.8092638251378268,0.19756716840260252
confirmation,22,1,convex_box_conditioned_control,1.8092638251378268,0.06669689554736564,2.034112471537207,0.07074613758905468,0.17449369714031587,0.4907431104501446,0.00404924204171038,0.0040492420417139185,False,True,True,0.6364566506489631,0.9999999999981346,1.8092638251378268,-0.06417337730787125
confirmation,22,2,moving_conditioned_gaussian,2.922907101377476,0.04173966222307495,3.0821714878789885,-0.09735338932760218,0.20923850674429614,0.7771587064914518,0.15957208883420396,0.1390930518937779,True,False,False,0.744968847884197,1.212384339554921,2.922907101377476,-0.11518921783514716
confirmation,22,2,fixed_vertical_collision_repair,2.922907101377476,0.04173966222307495,3.0821714878789885,-0.09735338932760218,0.20923850674429614,0.7468974777092305,0.13909305155067714,0.1390930515506771,False,True,True,0.5807550891427772,,,
confirmation,22,2,anchor_frozen_corridor_projection,2.922907101377476,0.04173966222307495,3.0821714878789885,-0.09735338932760218,0.20923850674429614,0.7771587065234767,0.15957208885666935,0.1930517875931687,False,True,True,0.3866966757595268,,,
confirmation,22,2,fixed_uniform_conditioned_coarse4,2.922907101377476,0.04173966222307495,3.0821714878789885,-0.09735338932760218,0.20923850674429614,0.6234487388344725,0.06581619966831764,0.13909305183086992,False,True,True,0.1413795200007779,0.6106868793676508,2.922907101377476,0.19866854228129707
confirmation,22,2,anchor_frozen_conditioned_coarse4,2.922907101377476,0.04173966222307495,3.0821714878789885,-0.09735338932760218,0.20923850674429614,0.7771587064914518,0.15957208883420396,0.19305178868501213,False,True,True,0.3866966747344093,0.8576387214225449,2.922907101377476,0.19866854228129707
confirmation,22,2,anchor_frozen_conditioned_refined8,2.922907101377476,0.04173966222307495,3.0821714878789885,-0.09735338932760218,0.20923850674429614,0.7771587064914516,0.1595720888342038,,False,True,True,0.026365037065474217,0.3740481006350956,2.922907101377476,0.19866854228129707
confirmation,22,2,convex_box_conditioned_control,2.922907101377476,0.04173966222307495,3.0821714878789885,-0.09735338932760218,0.20923850674429614,0.7468974776689451,0.13909305152432366,0.13909305183086987,False,True,True,0.5807550856016358,0.9999999938222291,2.922907101377476,-0.06287959114907313
confirmation,22,3,moving_conditioned_gaussian,4.0,0.016782428898784257,3.9066362680179747,0.42622595844852273,0.21815194188756784,0.018553379751708007,0.4547568126153981,0.40944735252097475,True,False,False,0.1783412289424898,0.9150386854719085,4.062612350423983,0.16794201446442095
confirmation,22,3,fixed_vertical_collision_repair,4.0,0.016782428898784257,3.9066362680179747,0.42622595844852273,0.21815194188756784,0.030267738566121635,0.4094435295497385,0.4094435295497385,False,True,True,0.21702500132158256,,,
confirmation,22,3,anchor_frozen_corridor_projection,4.0,0.016782428898784257,3.9066362680179747,0.42622595844852273,0.21815194188756784,0.018553380024495726,0.454756811305347,0.6504589539660829,False,True,True,0.11743036907665824,,,
confirmation,22,3,fixed_uniform_conditioned_coarse4,4.0,0.016782428898784257,3.9066362680179747,0.42622595844852273,0.21815194188756784,0.265133869046474,0.1369115829705738,0.4094466605426179,False,True,True,0.021099814700658935,0.6848532465484709,4.0,-0.14683152751689163
confirmation,22,3,anchor_frozen_conditioned_coarse4,4.0,0.016782428898784257,3.9066362680179747,0.42622595844852273,0.21815194188756784,0.018553379751708007,0.4547568126153981,0.6505777666025355,False,True,True,0.11743031026919001,0.8603801470395376,4.0,-0.14683152751689163
confirmation,22,3,anchor_frozen_conditioned_refined8,4.0,0.016782428898784257,3.9066362680179747,0.42622595844852273,0.21815194188756784,0.018553379751708007,0.4547568126153981,,False,True,True,0.05069851582585012,0.49401606837715595,4.0,-0.14683152751689163
confirmation,22,3,convex_box_conditioned_control,4.0,0.016782428898784257,3.9066362680179747,0.42622595844852273,0.21815194188756784,0.030267738092948037,0.4094435310556655,0.4094466605426179,False,True,True,0.21702489136601258,0.9999999746221166,4.0,-0.0377555565731077
confirmation,22,4,moving_conditioned_gaussian,5.0,-0.00817480442550644,5.062807689796957,-0.4642924960807995,0.21102051590455073,0.9912880084924923,0.5017301242715725,0.456122400133168,True,False,False,0.10549762791378718,0.885948802615024,4.939434458505646,-0.15439295611364656
confirmation,22,4,fixed_vertical_collision_repair,5.0,-0.00817480442550644,5.062807689796957,-0.4642924960807995,0.21102051590455073,0.9846710549529184,0.45611769165529326,0.45611769165529303,False,True,True,0.14482638473989656,,,
confirmation,22,4,anchor_frozen_corridor_projection,5.0,-0.00817480442550644,5.062807689796957,-0.4642924960807995,0.21102051590455073,0.9912880084376259,0.501730123781468,0.7310142089665009,False,True,True,0.07745093002760331,,,
confirmation,22,4,fixed_uniform_conditioned_coarse4,5.0,-0.00817480442550644,5.062807689796957,-0.4642924960807995,0.21102051590455073,0.7423355275260632,0.13728203411478176,0.4561212645345298,False,True,True,0.008978204064367914,0.6891427049242473,5.0,0.1500905825029066
confirmation,22,4,anchor_frozen_conditioned_coarse4,5.0,-0.00817480442550644,5.062807689796957,-0.4642924960807995,0.21102051590455073,0.9912880084924924,0.5017301242715735,0.7312411508315098,False,True,True,0.07745091487431376,0.8662917911146026,5.0,0.1500905825029066
confirmation,22,4,anchor_frozen_conditioned_refined8,5.0,-0.00817480442550644,5.062807689796957,-0.4642924960807995,0.21102051590455073,0.9912880084924922,0.5017301242715716,,False,True,True,0.03549374251067697,0.5157799555777345,5.0,0.1500905825029066
confirmation,22,4,convex_box_conditioned_control,5.0,-0.00817480442550644,5.062807689796957,-0.4642924960807995,0.21102051590455073,0.9846710550521264,0.45611769219788967,0.4561212645345298,False,True,True,0.1448263561365227,0.9999999926647479,5.0,0.04458032455063124
confirmation,22,5,moving_conditioned_gaussian,6.0,-0.03313203774979713,6.079034073154984,0.39262718474409275,0.16788548703767053,0.003173522995167048,0.458208529988839,0.42575922439137776,True,False,False,0.052921991038571294,0.9632556697716026,5.910965275239643,0.055902687010560184
confirmation,22,5,fixed_vertical_collision_repair,6.0,-0.03313203774979713,6.079034073154984,0.39262718474409275,0.16788548703767053,0.005606181523952014,0.4257592224938903,0.42575922249388987,False,True,True,0.07596079699468675,,,
confirmation,22,5,anchor_frozen_corridor_projection,6.0,-0.03313203774979713,6.079034073154984,0.39262718474409275,0.16788548703767053,0.00317352299516709,0.458208529988839,0.628145729349042,False,True,True,0.04237970429535732,,,
confirmation,22,5,fixed_uniform_conditioned_coarse4,6.0,-0.03313203774979713,6.079034073154984,0.39262718474409275,0.16788548703767053,0.252803090761976,0.11176050002399437,0.4257592237357371,False,True,True,0.002265678927879482,0.681985652671241,6.0,-0.15904615302805003
confirmation,22,5,anchor_frozen_conditioned_coarse4,6.0,-0.03313203774979713,6.079034073154984,0.39262718474409275,0.16788548703767053,0.003173522995167047,0.458208529988839,0.6281460712035659,False,True,True,0.042379704295299636,0.8637202244977125,6.0,-0.15904615302805003
confirmation,22,5,anchor_frozen_conditioned_refined8,6.0,-0.03313203774979713,6.079034073154984,0.39262718474409275,0.16788548703767053,0.0031735229951670445,0.458208529988839,,False,True,True,0.017672337638206338,0.5202348999271847,6.0,-0.15904615302805003
confirmation,22,5,convex_box_conditioned_control,6.0,-0.03313203774979713,6.079034073154984,0.39262718474409275,0.16788548703767053,0.005606181523951937,0.4257592224938903,0.4257592237357371,False,True,True,0.07596079699458187,0.9999999999997726,6.0,0.09278207752845578
confirmation,22,6,moving_conditioned_gaussian,7.0,-0.05808927107408783,6.927701723199303,0.3586868211923073,0.1638656850497004,0.0018723571316160146,0.4750306297612655,0.41677609261848614,True,False,False,0.038331485346807755,0.9931982753722713,7.075696076249179,-0.026734929673249766
confirmation,22,6,fixed_vertical_collision_repair,7.0,-0.05808927107408783,6.927701723199303,0.3586868211923073,0.1638656850497004,0.005488963328476503,0.41677609226639545,0.41677609226639517,False,True,True,0.07489925319787434,,,
confirmation,22,6,anchor_frozen_corridor_projection,7.0,-0.05808927107408783,6.927701723199303,0.3586868211923073,0.1638656850497004,0.001872357131616015,0.4750306297612655,,False,True,True,0.025051827260446566,,,
confirmation,22,6,fixed_uniform_conditioned_coarse4,7.0,-0.05808927107408783,6.927701723199303,0.3586868211923073,0.1638656850497004,0.25274448166423824,0.1091145854392299,0.41677609241555263,False,True,True,0.002198590211141882,0.6657460354143577,7.0,-0.18098853486136313
confirmation,22,6,anchor_frozen_conditioned_coarse4,7.0,-0.05808927107408783,6.927701723199303,0.3586868211923073,0.1638656850497004,0.0018723571316160174,0.4750306297612655,,False,True,True,0.025051827260444613,0.752799695868258,7.0,-0.18098853486136313
confirmation,22,6,anchor_frozen_conditioned_refined8,7.0,-0.05808927107408783,6.927701723199303,0.3586868211923073,0.1638656850497004,0.0018723571316160172,0.4750306297612655,,False,True,True,0.009134174013138508,0.5559585757563799,7.0,-0.18098853486136313
confirmation,22,6,convex_box_conditioned_control,7.0,-0.05808927107408783,6.927701723199303,0.3586868211923073,0.1638656850497004,0.00548896332847651,0.41677609226639545,0.4167760924155526,False,True,True,0.07489925319786783,1.0000000000007618,7.0,0.023843571450762366
confirmation,23,0,moving_conditioned_gaussian,1.0,0.18110102588568294,0.9247043367503822,-0.07890717510819956,0.15859904811055223,0.9744192230103805,0.3092875270856846,0.2600082009938827,True,False,False,0.2567628413910737,1.1919510562994728,1.084109846806527,0.09699117907915569
confirmation,23,0,fixed_vertical_collision_repair,1.0,0.18110102588568294,0.9247043367503822,-0.07890717510819956,0.15859904811055223,0.9494356138186854,0.26000820099388255,0.2600082009938825,False,True,True,0.2882296188307421,,,
confirmation,23,0,anchor_frozen_corridor_projection,1.0,0.18110102588568294,0.9247043367503822,-0.07890717510819956,0.15859904811055223,0.9744192230103828,0.30928752708569046,,False,True,True,0.130050411120015,,,
confirmation,23,0,fixed_uniform_conditioned_coarse4,1.0,0.18110102588568294,0.9247043367503822,-0.07890717510819956,0.15859904811055223,0.7247178069093405,0.09467009043321056,0.2600082009938826,False,True,True,0.0379885111910119,0.6269394769347424,1.0,0.3000503119685971
confirmation,23,0,anchor_frozen_conditioned_coarse4,1.0,0.18110102588568294,0.9247043367503822,-0.07890717510819956,0.15859904811055223,0.9744192230103805,0.3092875270856846,,False,True,True,0.1300504111200043,0.7197665682504147,1.0,0.3000503119685971
confirmation,23,0,anchor_frozen_conditioned_refined8,1.0,0.18110102588568294,0.9247043367503822,-0.07890717510819956,0.15859904811055223,0.9744192230103805,0.3092875270856846,,False,True,True,0.004406535192555315,0.5563272640638562,1.0,0.3000503119685971
confirmation,23,0,convex_box_conditioned_control,1.0,0.18110102588568294,0.9247043367503822,-0.07890717510819956,0.15859904811055223,0.949435613818681,0.26000820099387606,0.26000820099388267,False,True,True,0.2882296188307195,0.999999999998588,1.0,0.06215173980276878
confirmation,23,1,moving_conditioned_gaussian,2.1942253551216235,0.09922884100091685,1.9769659994755497,0.04065921509894732,0.19516939752474927,0.6392506096003154,0.06956938538250079,0.058569625898535975,True,False,False,0.8864627984764869,1.3675347292123787,2.1942253551216235,0.001644142238542215
confirmation,23,1,fixed_vertical_collision_repair,2.1942253551216235,0.09922884100091685,1.9769659994755497,0.04065921509894732,0.19516939752474927,0.6179481724248305,0.05856962590196952,0.05856962590196951,False,True,True,0.632120342384614,,,
confirmation,23,1,anchor_frozen_corridor_projection,2.1942253551216235,0.09922884100091685,1.9769659994755497,0.04065921509894732,0.19516939752474927,0.6392506096240388,0.06956938539486791,0.08135715957040851,False,True,True,0.4541924857908657,,,
confirmation,23,1,fixed_uniform_conditioned_coarse4,2.1942253551216235,0.09922884100091685,1.9769659994755497,0.04065921509894732,0.19516939752474927,0.5589740861984094,0.02895702307045607,0.05856962589969545,False,True,True,0.15587018825967547,0.5820450763331081,2.1942253551216235,0.24560588914447878
confirmation,23,1,anchor_frozen_conditioned_coarse4,2.1942253551216235,0.09922884100091685,1.9769659994755497,0.04065921509894732,0.19516939752474927,0.6392506096003154,0.06956938538250079,0.08135715956949804,False,True,True,0.4541924855868875,0.8758846116156037,2.1942253551216235,0.24560588914447878
confirmation,23,1,anchor_frozen_conditioned_refined8,2.1942253551216235,0.09922884100091685,1.9769659994755497,0.04065921509894732,0.19516939752474927,0.6392506096003154,0.06956938538250079,0.3958751406243614,False,True,True,0.017800407540003314,0.41782257525536926,2.1942253551216235,0.24560588914447878
confirmation,23,1,convex_box_conditioned_control,2.1942253551216235,0.09922884100091685,1.9769659994755497,0.04065921509894732,0.19516939752474927,0.6179481723968189,0.058569625887634605,0.05856962589969548,False,True,True,0.6321203422468928,0.9999999989333228,2.1942253551216235,-0.0471482071426451
confirmation,23,2,moving_conditioned_gaussian,3.0,0.017356656116150754,2.9117942825090384,0.39576931598454856,0.18409858508943724,0.011465610041585755,0.4187467049600894,0.37841269086831364,True,False,False,0.12733569368960945,0.9192865042712318,3.0976330184426923,0.11498967455884303
confirmation,23,2,fixed_vertical_collision_repair,3.0,0.017356656116150754,2.9117942825090384,0.39576931598454856,0.18409858508943724,0.019915887177817174,0.37841265986839767,0.3784126598683978,False,True,True,0.16979697311616035,,,
confirmation,23,2,anchor_frozen_corridor_projection,3.0,0.017356656116150754,2.9117942825090384,0.39576931598454856,0.18409858508943724,0.01146561004170584,0.41874670495935273,0.6349711811349996,False,True,True,0.0877710082974642,,,
confirmation,23,2,fixed_uniform_conditioned_coarse4,3.0,0.017356656116150754,2.9117942825090384,0.39576931598454856,0.18409858508943724,0.2599579435887982,0.11846284963060837,0.37841268502316205,False,True,True,0.01258262355182755,0.6963773307550615,3.0,-0.12071728270092719
confirmation,23,2,anchor_frozen_conditioned_coarse4,3.0,0.017356656116150754,2.9117942825090384,0.39576931598454856,0.18409858508943724,0.011465610041585767,0.4187467049600894,0.6349786937467148,False,True,True,0.08777100823562,0.8732134950281311,3.0,-0.12071728270092719
confirmation,23,2,anchor_frozen_conditioned_refined8,3.0,0.017356656116150754,2.9117942825090384,0.39576931598454856,0.18409858508943724,0.011465610041585765,0.4187467049600894,,False,True,True,0.04076725605556093,0.5273303069304256,3.0,-0.12071728270092719
confirmation,23,2,convex_box_conditioned_control,3.0,0.017356656116150754,2.9117942825090384,0.39576931598454856,0.18409858508943724,0.019915887177596375,0.3784126598692404,0.37841268502316205,False,True,True,0.16979697299555377,0.9999999999866653,3.0,-0.028667990156208557
confirmation,23,3,moving_conditioned_gaussian,4.105093417191367,-0.06451552876861535,3.9580127967535224,0.14610588204391228,0.1729853670716477,0.0903324695338966,0.23157732599189612,0.21062141081304292,True,False,False,0.46686885191455474,1.1456273955650196,4.154742392706302,0.055347701277470046
confirmation,23,3,fixed_vertical_collision_repair,4.105093417191367,-0.06451552876861535,3.9580127967535224,0.14610588204391228,0.1729853670716477,0.111694130711113,0.21062141081252755,0.21062141081252764,False,True,True,0.4261564040526366,,,
confirmation,23,3,anchor_frozen_corridor_projection,4.105093417191367,-0.06451552876861535,3.9580127967535224,0.14610588204391228,0.1729853670716477,0.09033246953389196,0.23157732599190117,0.26682990099585213,False,True,True,0.3151975650493526,,,
confirmation,23,3,fixed_uniform_conditioned_coarse4,4.105093417191367,-0.06451552876861535,3.9580127967535224,0.14610588204391228,0.1729853670716477,0.30584706535555944,0.08781717784849756,0.2106214108128978,False,True,True,0.08257125723041309,0.6052901677009603,4.105093417191367,-0.19425455407235112
confirmation,23,3,anchor_frozen_conditioned_coarse4,4.105093417191367,-0.06451552876861535,3.9580127967535224,0.14610588204391228,0.1729853670716477,0.0903324695338966,0.23157732599189612,0.2668299009986236,False,True,True,0.3151975650492392,0.8660062311284206,4.105093417191367,-0.19425455407235112
confirmation,23,3,anchor_frozen_conditioned_refined8,4.105093417191367,-0.06451552876861535,3.9580127967535224,0.14610588204391228,0.1729853670716477,0.09033246953389659,0.23157732599189612,,False,True,True,0.042290456501553685,0.4094386510711192,4.105093417191367,-0.19425455407235112
confirmation,23,3,convex_box_conditioned_control,4.105093417191367,-0.06451552876861535,3.9580127967535224,0.14610588204391228,0.1729853670716477,0.11169413071111887,0.2106214108125222,0.2106214108128978,False,True,True,0.4261564040524808,0.9999999999989897,4.105093417191367,0.02197715476720849
confirmation,23,4,moving_conditioned_gaussian,5.224656300610779,-0.14638771365338143,5.0151897224895885,-0.02059413331352078,0.1568630857741405,0.17151631441865675,0.14873604265227983,0.1257935803398607,True,False,False,0.7229926834892565,1.255809581540558,5.224656300610779,-0.02874039932277607
confirmation,23,4,fixed_vertical_collision_repair,5.224656300610779,-0.14638771365338143,5.0151897224895885,-0.02059413331352078,0.1568630857741405,0.21129605082792108,0.12579358033986063,0.125793580339893,False,True,True,0.5490076965325899,,,
confirmation,23,4,anchor_frozen_corridor_projection,5.224656300610779,-0.14638771365338143,5.0151897224895885,-0.02059413331352078,0.1568630857741405,0.17151631441865542,0.14873604265228063,0.1861520045013506,False,True,True,0.3448158337290084,,,
confirmation,23,4,fixed_uniform_conditioned_coarse4,5.224656300610779,-0.14638771365338143,5.0151897224895885,-0.02059413331352078,0.1568630857741405,0.35564802541396145,0.05805754000519355,0.12579358033989302,False,True,True,0.1298100092892264,0.6012423497622862,5.224656300610779,-0.2640350279839868
confirmation,23,4,anchor_frozen_conditioned_coarse4,5.224656300610779,-0.14638771365338143,5.0151897224895885,-0.02059413331352078,0.1568630857741405,0.17151631441865678,0.14873604265227983,0.1861520045013506,False,True,True,0.34481583372900393,0.8240344555054144,5.224656300610779,-0.2640350279839868
confirmation,23,4,anchor_frozen_conditioned_refined8,5.224656300610779,-0.14638771365338143,5.0151897224895885,-0.02059413331352078,0.1568630857741405,0.1715163144186568,0.14873604265227983,1.1358613280194412,False,True,True,0.00978435672731184,0.5203895301564452,5.224656300610779,-0.2640350279839868
confirmation,23,4,convex_box_conditioned_control,5.224656300610779,-0.14638771365338143,5.0151897224895885,-0.02059413331352078,0.1568630857741405,0.2112960508279229,0.12579358033985966,0.12579358033989302,False,True,True,0.5490076965325823,0.9999999999996427,5.224656300610779,-0.02874039932277607
confirmation,23,5,moving_conditioned_gaussian,6.0,-0.22825989853814754,5.970373751086602,0.13906991349850262,0.22476055510188875,0.03373999403353287,0.4109665172937877,0.36732982423819427,True,False,False,0.2672523127419421,0.924399073783343,6.0,-0.05968948221173098
confirmation,23,5,fixed_vertical_collision_repair,6.0,-0.22825989853814754,5.970373751086602,0.13906991349850262,0.22476055510188875,0.05109623891199824,0.3673298120366502,0.36732981203665016,False,True,True,0.28983819578326236,,,
confirmation,23,5,anchor_frozen_corridor_projection,6.0,-0.22825989853814754,5.970373751086602,0.13906991349850262,0.22476055510188875,0.033739984563057185,0.4109665456838142,0.562398608346309,False,True,True,0.1641840225684413,,,
confirmation,23,5,fixed_uniform_conditioned_coarse4,6.0,-0.22825989853814754,5.970373751086602,0.13906991349850262,0.22476055510188875,0.2755481271355839,0.133983861669879,0.36732982208644893,False,True,True,0.03842342570911531,0.6683855897197141,6.0,-0.3968303148645641
confirmation,23,5,anchor_frozen_conditioned_coarse4,6.0,-0.22825989853814754,5.970373751086602,0.13906991349850262,0.22476055510188875,0.03373999403353286,0.4109665172937877,0.5623990982051266,False,True,True,0.16418397855449848,0.8449248545447895,6.0,-0.3968303148645641
confirmation,23,5,anchor_frozen_conditioned_refined8,6.0,-0.22825989853814754,5.970373751086602,0.13906991349850262,0.22476055510188875,0.033739994033532866,0.4109665172937877,,False,True,True,0.00849126779844631,0.6127979395805967,6.0,-0.3968303148645641
confirmation,23,5,convex_box_conditioned_control,6.0,-0.22825989853814754,5.970373751086602,0.13906991349850262,0.22476055510188875,0.05109625427116786,0.36732977913818127,0.36732982208644893,False,True,True,0.2898381184065586,0.9999969009190224,6.0,-0.05968948221173098
confirmation,23,6,moving_conditioned_gaussian,7.0,-0.31013208342291365,6.958230849985067,0.4084068298748843,0.15214043110928774,4.958506014452818e-07,0.7444654385986746,0.7185389133888689,True,False,False,4.6238852456400675e-05,0.9982842692395175,7.0,-0.4242374067548794
confirmation,23,6,fixed_vertical_collision_repair,7.0,-0.31013208342291365,6.958230849985067,0.4084068298748843,0.15214043110928774,1.1627187334226404e-06,0.718538913298264,0.718538913297798,False,True,True,0.00010797883605459496,,,
confirmation,23,6,anchor_frozen_corridor_projection,7.0,-0.31013208342291365,6.958230849985067,0.4084068298748843,0.15214043110928774,4.958506014432487e-07,0.7444654385986746,,False,True,True,4.6025063456232375e-05,,,
confirmation,23,6,fixed_uniform_conditioned_coarse4,7.0,-0.31013208342291365,6.958230849985067,0.4084068298748843,0.15214043110928774,0.2500005813593667,0.10261688303904387,0.7185389133555329,False,True,True,2.7957443428338745e-09,0.7546047027978805,7.0,-0.4242374067548794
confirmation,23,6,anchor_frozen_conditioned_coarse4,7.0,-0.31013208342291365,6.958230849985067,0.4084068298748843,0.15214043110928774,4.958506014452821e-07,0.7444654385986746,,False,True,True,4.6025063456214866e-05,0.9982841732810521,7.0,-0.4242374067548794
confirmation,23,6,anchor_frozen_conditioned_refined8,7.0,-0.31013208342291365,6.958230849985067,0.4084068298748843,0.15214043110928774,4.958506014452813e-07,0.7444654385986746,,False,True,True,6.2656429601194475e-06,0.9607175128489253,7.0,-0.4242374067548794
confirmation,23,6,convex_box_conditioned_control,7.0,-0.31013208342291365,6.958230849985067,0.4084068298748843,0.15214043110928774,1.1627187334274107e-06,0.718538913298264,0.718538913355533,False,True,True,0.00010797883605455388,0.9999999999379141,7.0,-0.19602676009094785
confirmation,24,0,moving_conditioned_gaussian,1.0,-0.23021933656947385,1.054949062427967,0.07665640047871879,0.16911295776947435,0.02171732622877084,0.3415246359295352,0.30687573704820065,True,False,False,0.20685081972341035,1.052228062685221,0.9103143105810179,-0.14053364715049166
confirmation,24,0,fixed_vertical_collision_repair,1.0,-0.23021933656947385,1.054949062427967,0.07665640047871879,0.16911295776947435,0.034791171754715446,0.3068757370481926,0.30687573704819265,False,True,True,0.23486607160531847,,,
confirmation,24,0,anchor_frozen_corridor_projection,1.0,-0.23021933656947385,1.054949062427967,0.07665640047871879,0.16911295776947435,0.02171732622839033,0.341524635930775,0.45673908780209244,False,True,True,0.13778343040892718,,,
confirmation,24,0,fixed_uniform_conditioned_coarse4,1.0,-0.23021933656947385,1.054949062427967,0.07665640047871879,0.16911295776947435,0.267395585877667,0.10496991818618082,0.30687573704819804,False,True,True,0.02488535359275421,0.6427834846051151,1.0,-0.3570540548965796
confirmation,24,0,anchor_frozen_conditioned_coarse4,1.0,-0.23021933656947385,1.054949062427967,0.07665640047871879,0.16911295776947435,0.021717326228770855,0.3415246359295352,0.4567390878038992,False,True,True,0.13778343040695004,0.8131073596905961,1.0,-0.3570540548965796
confirmation,24,0,anchor_frozen_conditioned_refined8,1.0,-0.23021933656947385,1.054949062427967,0.07665640047871879,0.16911295776947435,0.021717326228770848,0.3415246359295352,,False,True,True,0.0033152647399446117,0.6543848411526001,1.0,-0.3570540548965796
confirmation,24,0,convex_box_conditioned_control,1.0,-0.23021933656947385,1.054949062427967,0.07665640047871879,0.16911295776947435,0.034791171755333986,0.30687573704683235,0.30687573704819804,False,True,True,0.23486607160197762,0.9999999997421055,1.0,-0.10338461824236808
confirmation,24,1,moving_conditioned_gaussian,1.8065706667537844,-0.16538343648143944,2.017911733999504,0.03157755751729585,0.1725552302444995,0.10264558386907395,0.21856192014093817,0.196960993998739,True,False,False,0.5111148968942196,1.2086812753609864,1.790062159808156,-0.12552837511877302
confirmation,24,1,fixed_vertical_collision_repair,1.8065706667537844,-0.16538343648143944,2.017911733999504,0.03157755751729585,0.1725552302444995,0.12684397347418236,0.19696099399873526,0.19696099399873532,False,True,True,0.45066506075409307,,,
confirmation,24,1,anchor_frozen_corridor_projection,1.8065706667537844,-0.16538343648143944,2.017911733999504,0.03157755751729585,0.1725552302444995,0.10264558386873712,0.21856192014126313,0.25136860413336404,False,True,True,0.334105881380229,,,
confirmation,24,1,fixed_uniform_conditioned_coarse4,1.8065706667537844,-0.16538343648143944,2.017911733999504,0.03157755751729585,0.1725552302444995,0.3134219867373018,0.08389182522909154,0.1969609939987375,False,True,True,0.09173750585061308,0.5863412699887012,1.8065706667537844,-0.2947998591648141
confirmation,24,1,anchor_frozen_conditioned_coarse4,1.8065706667537844,-0.16538343648143944,2.017911733999504,0.03157755751729585,0.1725552302444995,0.10264558386907402,0.21856192014093812,0.25136860413338435,False,True,True,0.3341058813787783,0.855704355553638,1.8065706667537844,-0.2947998591648141
confirmation,24,1,anchor_frozen_conditioned_refined8,1.8065706667537844,-0.16538343648143944,2.017911733999504,0.03157755751729585,0.1725552302444995,0.102645583869074,0.21856192014093817,,False,True,True,0.0025327498555621766,0.5386075693873966,1.8065706667537844,-0.2947998591648141
confirmation,24,1,convex_box_conditioned_control,1.8065706667537844,-0.16538343648143944,2.017911733999504,0.03157755751729585,0.1725552302444995,0.12684397347460366,0.1969609939983857,0.19696099399873754,False,True,True,0.4506650607521609,0.9999999999497066,1.8065706667537844,-0.0359670137980648
confirmation,24,2,moving_conditioned_gaussian,2.7798747289122607,-0.10054753639340504,2.960395004204012,-0.3289052774657574,0.20689022828633746,0.9019496611528767,0.267455465431482,0.22835788511601318,True,False,False,0.5477858315601631,1.122493123340155,2.720494631899701,-0.24390377193615614
confirmation,24,2,fixed_vertical_collision_repair,2.7798747289122607,-0.10054753639340504,2.960395004204012,-0.3289052774657574,0.20689022828633746,0.8651519807345281,0.2283577410723524,0.22835774107235235,False,True,True,0.4625678161543873,,,
confirmation,24,2,anchor_frozen_corridor_projection,2.7798747289122607,-0.10054753639340504,2.960395004204012,-0.3289052774657574,0.20689022828633746,0.9019496606984004,0.26745546488794014,0.35341442983863175,False,True,True,0.27115936193545614,,,
confirmation,24,2,fixed_uniform_conditioned_coarse4,2.7798747289122607,-0.10054753639340504,2.960395004204012,-0.3289052774657574,0.20689022828633746,0.6825759907021616,0.09825513951564423,0.2283578447523808,False,True,True,0.09627744720114684,0.6179512963880851,2.7798747289122607,0.054620134821348074
confirmation,24,2,anchor_frozen_conditioned_coarse4,2.7798747289122607,-0.10054753639340504,2.960395004204012,-0.3289052774657574,0.20689022828633746,0.9019496611528768,0.2674554654314821,0.3534156902537931,False,True,True,0.27115928651173266,0.8009569769230347,2.7798747289122607,0.054620134821348074
confirmation,24,2,anchor_frozen_conditioned_refined8,2.7798747289122607,-0.10054753639340504,2.960395004204012,-0.3289052774657574,0.20689022828633746,0.9019496611528768,0.2674554654314821,,False,True,True,0.12613594335794123,0.3983983782130926,2.7798747289122607,-0.25571520760815813
confirmation,24,2,convex_box_conditioned_control,2.7798747289122607,-0.10054753639340504,2.960395004204012,-0.3289052774657574,0.20689022828633746,0.8651519814043233,0.22835774171108725,0.2283578447523808,False,True,True,0.4625676822399319,0.9999999892845006,2.7798747289122607,0.054620134821348074
confirmation,24,3,moving_conditioned_gaussian,3.834692568401387,-0.035711636305370636,3.9851929788379348,-0.15775206973367994,0.17382206840045128,0.7747487124383678,0.13116220822002977,0.12204043342950557,True,False,False,0.6508504520379204,1.1999926472096658,3.8845816877186,0.08473135216509475
confirmation,24,3,fixed_vertical_collision_repair,3.834692568401387,-0.035711636305370636,3.9851929788379348,-0.15775206973367994,0.17382206840045128,0.7586915256502055,0.12204043342830931,0.12204043342832704,False,True,True,0.5726928322668406,,,
confirmation,24,3,anchor_frozen_corridor_projection,3.834692568401387,-0.035711636305370636,3.9851929788379348,-0.15775206973367994,0.17382206840045128,0.774748712438354,0.13116220822002175,0.13925125426218235,False,True,True,0.4969639611515442,,,
confirmation,24,3,fixed_uniform_conditioned_coarse4,3.834692568401387,-0.035711636305370636,3.9851929788379348,-0.15775206973367994,0.17382206840045128,0.6293457628251102,0.05738232926682781,0.12204043342908236,False,True,True,0.13855594431623225,0.5688385392431324,3.834692568401387,0.09465491499496784
confirmation,24,3,anchor_frozen_conditioned_coarse4,3.834692568401387,-0.035711636305370636,3.9851929788379348,-0.15775206973367994,0.17382206840045128,0.7747487124383677,0.13116220822002972,0.13925125426357368,False,True,True,0.4969639611437764,0.9369905178524875,3.834692568401387,0.09465491499496784
confirmation,24,3,anchor_frozen_conditioned_refined8,3.834692568401387,-0.035711636305370636,3.9851929788379348,-0.15775206973367994,0.17382206840045128,0.7747487124383675,0.1311622082200296,0.36377737419442757,False,True,True,0.10992764977831837,0.37351473309791233,3.834692568401387,-0.1660781876057091
confirmation,24,3,convex_box_conditioned_control,3.834692568401387,-0.035711636305370636,3.9851929788379348,-0.15775206973367994,0.17382206840045128,0.7586915256502205,0.12204043342831768,0.12204043342908233,False,True,True,0.5726928322576924,0.9999999999991145,3.834692568401387,0.051199397894855
confirmation,24,4,moving_conditioned_gaussian,4.95354107053771,0.029124263782663765,5.110804885930683,0.009479625376280332,0.15889436976691182,0.5536832759558932,0.021446404301257268,0.019644638406383468,True,False,False,0.7584769109101757,1.21894860600161,4.999145752642128,0.13922370582686128
confirmation,24,4,fixed_vertical_collision_repair,4.95354107053771,0.029124263782663765,5.110804885930683,0.009479625376280332,0.15889436976691182,0.5491971951939253,0.01964463840638343,0.01964463840638342,False,True,True,0.6366646689626871,,,
confirmation,24,4,anchor_frozen_corridor_projection,4.95354107053771,0.029124263782663765,5.110804885930683,0.009479625376280332,0.15889436976691182,0.5536832759558933,0.021446404301257313,0.022695979021010112,False,True,True,0.5658612280717743,,,
confirmation,24,4,fixed_uniform_conditioned_coarse4,4.95354107053771,0.029124263782663765,5.110804885930683,0.009479625376280332,0.15889436976691182,0.5245985975969627,0.00980357015450697,0.019644638406383412,False,True,True,0.15846238215211894,0.5676593913273426,4.95354107053771,0.14829504110784764
confirmation,24,4,anchor_frozen_conditioned_coarse4,4.95354107053771,0.029124263782663765,5.110804885930683,0.009479625376280332,0.15889436976691182,0.5536832759558932,0.021446404301257268,0.022695979021010088,False,True,True,0.5658612280717739,0.9521115401439513,4.95354107053771,0.14829504110784764
confirmation,24,4,anchor_frozen_conditioned_refined8,4.95354107053771,0.029124263782663765,5.110804885930683,0.009479625376280332,0.15889436976691182,0.5536832759558931,0.021446404301257226,0.3709785955376084,False,True,True,0.0017276243638108966,0.37537382362151134,4.95354107053771,0.14829504110784764
confirmation,24,4,convex_box_conditioned_control,4.95354107053771,0.029124263782663765,5.110804885930683,0.009479625376280332,0.15889436976691182,0.5491971951939253,0.01964463840638343,0.019644638406383412,False,True,True,0.6366646689626854,1.0000000000011642,4.95354107053771,-0.01059932865906419
confirmation,24,5,moving_conditioned_gaussian,6.0,0.09396016387069818,5.896820766481435,0.49076741674809177,0.1986592011496764,0.0157156908871819,0.42742881274932887,0.3968101397608573,True,False,False,0.16616629424505022,1.0293140046399083,6.057017688725149,0.2316130412861197
confirmation,24,5,fixed_vertical_collision_repair,6.0,0.09396016387069818,5.896820766481435,0.49076741674809177,0.1986592011496764,0.02288940841108522,0.3968072528773937,0.3968072528773936,False,True,True,0.18446558481593034,,,
confirmation,24,5,anchor_frozen_corridor_projection,6.0,0.09396016387069818,5.896820766481435,0.49076741674809177,0.1986592011496764,0.015715690973206953,0.42742881231576696,0.5187399185965671,False,True,True,0.12310446779126126,,,
confirmation,24,5,fixed_uniform_conditioned_coarse4,6.0,0.09396016387069818,5.896820766481435,0.49076741674809177,0.1986592011496764,0.26144470414271104,0.12692292992492682,0.3968091504799172,False,True,True,0.014991310152920411,0.6330321146857624,6.0,-0.05503423699155911
confirmation,24,5,anchor_frozen_conditioned_coarse4,6.0,0.09396016387069818,5.896820766481435,0.49076741674809177,0.1986592011496764,0.01571569088718191,0.42742881274932887,0.5187566342794464,False,True,True,0.12310444519939101,0.8376473157004699,6.0,-0.05503423699155911
confirmation,24,5,anchor_frozen_conditioned_refined8,6.0,0.09396016387069818,5.896820766481435,0.49076741674809177,0.1986592011496764,0.015715690887181902,0.42742881274932887,,False,True,True,0.07455919949930144,0.42247920585845977,6.0,0.24295456473295546
confirmation,24,5,convex_box_conditioned_control,6.0,0.09396016387069818,5.896820766481435,0.49076741674809177,0.1986592011496764,0.02288940828542213,0.3968072533373981,0.39680915047991716,False,True,True,0.18446555054549202,0.9999999981121364,6.0,-0.05503423699155911
confirmation,24,6,moving_conditioned_gaussian,7.0,0.15879606395873258,7.04046747614646,-0.20298208560060782,0.185168119785369,0.9881362142444403,0.41875992176380017,0.3617781496581539,True,False,False,0.1380600438050301,0.9249009039643209,6.901799775130152,0.060595839088884565
confirmation,24,6,fixed_vertical_collision_repair,7.0,0.15879606395873258,7.04046747614646,-0.20298208560060782,0.185168119785369,0.9746365013000543,0.3617781495593403,0.3617781495593404,False,True,True,0.19593472542941992,,,
confirmation,24,6,anchor_frozen_corridor_projection,7.0,0.15879606395873258,7.04046747614646,-0.20298208560060782,0.185168119785369,0.9881362142451449,0.4187599217680186,,False,True,True,0.08161949363829195,,,
confirmation,24,6,fixed_uniform_conditioned_coarse4,7.0,0.15879606395873258,7.04046747614646,-0.20298208560060782,0.185168119785369,0.7373182506492344,0.11760018722983313,0.3617781496272016,False,True,True,0.01702384418301821,0.6732288781517217,7.0,0.29767215379775935
confirmation,24,6,anchor_frozen_conditioned_coarse4,7.0,0.15879606395873258,7.04046747614646,-0.20298208560060782,0.185168119785369,0.9881362142444404,0.41875992176380084,,False,True,True,0.08161949363448914,0.7958661705528873,7.0,0.29767215379775935
confirmation,24,6,anchor_frozen_conditioned_refined8,7.0,0.15879606395873258,7.04046747614646,-0.20298208560060782,0.185168119785369,0.9881362142444403,0.41875992176380017,,False,True,True,0.010729098551216615,0.6041033988128086,7.0,0.29767215379775935
confirmation,24,6,convex_box_conditioned_control,7.0,0.15879606395873258,7.04046747614646,-0.20298208560060782,0.185168119785369,0.9746365012984689,0.36177814955437776,0.36177814962720156,False,True,True,0.19593472542032264,0.9999999991237991,7.0,0.019919974119705808
confirmation,25,0,moving_conditioned_gaussian,1.0,-0.03167202734986441,1.0630687022635623,-0.35563121618853355,0.19680498267070046,0.9727245129461568,0.37834489801952464,0.32395927313036027,True,False,False,0.25503347376229335,1.0197129377066656,0.895628396636685,-0.13604363071317935
confirmation,25,0,fixed_vertical_collision_repair,1.0,-0.03167202734986441,1.0630687022635623,-0.35563121618853355,0.19680498267070046,0.95012763289428,0.32395918883866914,0.32395918883866914,False,True,True,0.2861206115069996,,,
confirmation,25,0,anchor_frozen_corridor_projection,1.0,-0.03167202734986441,1.0630687022635623,-0.35563121618853355,0.19680498267070046,0.97272451294092,0.37834489800312937,0.6419755206098788,False,True,True,0.13856944432086088,,,
confirmation,25,0,fixed_uniform_conditioned_coarse4,1.0,-0.03167202734986441,1.0630687022635623,-0.35563121618853355,0.19680498267070046,0.7250638164521089,0.1176798133558547,0.3239592426016173,False,True,True,0.03742171855108683,0.6394422313502507,1.0,0.11593170965316094
confirmation,25,0,anchor_frozen_conditioned_coarse4,1.0,-0.03167202734986441,1.0630687022635623,-0.35563121618853355,0.19680498267070046,0.9727245129461569,0.378344898019525,0.6420039777969229,False,True,True,0.13856944269037252,0.7605448235131577,1.0,0.11593170965316094
confirmation,25,0,anchor_frozen_conditioned_refined8,1.0,-0.03167202734986441,1.0630687022635623,-0.35563121618853355,0.19680498267070046,0.9727245129461568,0.37834489801952464,,False,True,True,0.059715576556383855,0.42492888665320816,1.0,0.11593170965316094
confirmation,25,0,convex_box_conditioned_control,1.0,-0.03167202734986441,1.0630687022635623,-0.35563121618853355,0.19680498267070046,0.9501276329042179,0.3239591888576715,0.32395924260161735,False,True,True,0.2861206080473548,0.9999999995951842,1.0,0.017529218317810707
confirmation,25,1,moving_conditioned_gaussian,2.0,0.03003424738922946,1.9688753391351206,0.29636260662295544,0.22872922792707465,0.08967253249929454,0.30713173072861466,0.26632910450580316,True,False,False,0.5046856260876645,1.0691612383051272,2.0,0.20158116833453546
confirmation,25,1,fixed_vertical_collision_repair,2.0,0.03003424738922946,1.9688753391351206,0.29636260662295544,0.22872922792707465,0.12213447477853157,0.26632835923372594,0.266328359233726,False,True,True,0.44333642602209394,,,
confirmation,25,1,anchor_frozen_corridor_projection,2.0,0.03003424738922946,1.9688753391351206,0.29636260662295544,0.22872922792707465,0.08967253477125507,0.3071317275198479,0.4062394619444549,False,True,True,0.2596854671662684,,,
confirmation,25,1,fixed_uniform_conditioned_coarse4,2.0,0.03003424738922946,1.9688753391351206,0.29636260662295544,0.22872922792707465,0.3110672357074363,0.11272405568778,0.2663289462480365,False,True,True,0.08896881728877085,0.6323409969653929,2.0,-0.14151267355607652
confirmation,25,1,anchor_frozen_conditioned_coarse4,2.0,0.03003424738922946,1.9688753391351206,0.29636260662295544,0.22872922792707465,0.08967253249929456,0.30713173072861466,0.4062455137607496,False,True,True,0.25968514476506954,0.8158470901270266,2.0,-0.14151267355607652
confirmation,25,1,anchor_frozen_conditioned_refined8,2.0,0.03003424738922946,1.9688753391351206,0.29636260662295544,0.22872922792707465,0.08967253249929456,0.30713173072861466,,False,True,True,0.08175751052243424,0.385750635486155,2.0,-0.14151267355607652
confirmation,25,1,convex_box_conditioned_control,2.0,0.03003424738922946,1.9688753391351206,0.29636260662295544,0.22872922792707465,0.12213447141487259,0.26632836303237345,0.26632894624803655,False,True,True,0.443335856352569,0.9999998595405561,2.0,-0.0271480595925392
confirmation,25,2,moving_conditioned_gaussian,3.0,0.09174052212832333,2.9368519467607284,-0.4958774537868563,0.1616819215059143,0.9999399925387087,0.6218441367200321,0.587618002643048,True,False,False,0.0025089941285275762,0.9225274342807831,3.085744787319077,0.005995734809245992
confirmation,25,2,fixed_vertical_collision_repair,3.0,0.09174052212832333,2.9368519467607284,-0.4958774537868563,0.1616819215059143,0.9998606898616751,0.5876179759151686,0.5876179759151796,False,True,True,0.005172326647475249,,,
confirmation,25,2,anchor_frozen_corridor_projection,3.0,0.09174052212832333,2.9368519467607284,-0.4958774537868563,0.1616819215059143,0.9999399925387088,0.6218441367201056,,False,True,True,0.0022263741099638134,,,
confirmation,25,2,fixed_uniform_conditioned_coarse4,3.0,0.09174052212832333,2.9368519467607284,-0.4958774537868563,0.1616819215059143,0.7499303449308375,0.1090173615812732,0.5876179888100979,False,True,True,7.849943942359823e-06,0.716989403287098,3.0,0.21300196325775905
confirmation,25,2,anchor_frozen_conditioned_coarse4,3.0,0.09174052212832333,2.9368519467607284,-0.4958774537868563,0.1616819215059143,0.9999399925387088,0.6218441367201056,,False,True,True,0.0022263741099638134,0.9110161194870243,3.0,0.21300196325775905
confirmation,25,2,anchor_frozen_conditioned_refined8,3.0,0.09174052212832333,2.9368519467607284,-0.4958774537868563,0.1616819215059143,0.9999399925387088,0.6218441367201056,,False,True,True,0.0008674775835700503,0.6851743513382362,3.0,0.21300196325775905
confirmation,25,2,convex_box_conditioned_control,3.0,0.09174052212832333,2.9368519467607284,-0.4958774537868563,0.1616819215059143,0.9998606898616751,0.5876179759151686,0.5876179888100979,False,True,True,0.0051723266474744895,1.000000000000649,3.0,0.05132004175184476
confirmation,25,3,moving_conditioned_gaussian,3.9285319946068222,0.1534467968674172,4.075653352651503,-0.09813784916747159,0.20294254087738556,0.9143273888616684,0.2776039072531437,0.25158464614933135,True,False,False,0.4549793829920498,1.10047969190415,3.8702849335199345,0.012825952023078457
confirmation,25,3,fixed_vertical_collision_repair,3.9285319946068222,0.1534467968674172,4.075653352651503,-0.09813784916747159,0.20294254087738556,0.8924538742584793,0.2515846460348888,0.2515846460348888,False,True,True,0.41894642270747046,,,
confirmation,25,3,anchor_frozen_corridor_projection,3.9285319946068222,0.1534467968674172,4.075653352651503,-0.09813784916747159,0.20294254087738556,0.914327389016893,0.2776039074543934,0.3253466280188294,False,True,True,0.3004057327261416,,,
confirmation,25,3,fixed_uniform_conditioned_coarse4,3.9285319946068222,0.1534467968674172,4.075653352651503,-0.09813784916747159,0.20294254087738556,0.6962269370291496,0.10422709653084851,0.2515846461224119,False,True,True,0.07992908433472626,0.6173282060595434,3.9285319946068222,0.30565370252545637
confirmation,25,3,anchor_frozen_conditioned_coarse4,3.9285319946068222,0.1534467968674172,4.075653352651503,-0.09813784916747159,0.20294254087738556,0.9143273888616685,0.27760390725314377,0.3253466286448222,False,True,True,0.3004057320310595,0.863090133711713,3.9285319946068222,0.30565370252545637
confirmation,25,3,anchor_frozen_conditioned_refined8,3.9285319946068222,0.1534467968674172,4.075653352651503,-0.09813784916747159,0.20294254087738556,0.9143273888616684,0.2776039072531437,,False,True,True,0.013286392321464668,0.5019691234409308,3.9285319946068222,0.30565370252545637
confirmation,25,3,convex_box_conditioned_control,3.9285319946068222,0.1534467968674172,4.075653352651503,-0.09813784916747159,0.20294254087738556,0.8924538740582991,0.25158464581530526,0.2515846461224119,False,True,True,0.418946421747247,0.999999976445562,3.9285319946068222,0.001239891209378008
confirmation,25,4,moving_conditioned_gaussian,5.076766689646643,0.21515307160651106,4.926655718702265,0.238480798694539,0.17009480617683118,0.44156584368206764,0.025004008259428244,0.023327727098272938,True,False,False,0.7325129259707686,1.1828013985576815,5.027947341455224,0.09729273909657456
confirmation,25,4,fixed_vertical_collision_repair,5.076766689646643,0.21515307160651106,4.926655718702265,0.238480798694539,0.17009480617683118,0.44545791780176514,0.023327727088027952,0.02332772708802794,False,True,True,0.6368178287347348,,,
confirmation,25,4,anchor_frozen_corridor_projection,5.076766689646643,0.21515307160651106,4.926655718702265,0.238480798694539,0.17009480617683118,0.4415658436887889,0.025004008256531443,0.02603488819844199,False,True,True,0.5844001751481086,,,
confirmation,25,4,fixed_uniform_conditioned_coarse4,5.076766689646643,0.21515307160651106,4.926655718702265,0.238480798694539,0.17009480617683118,0.47272895889738065,0.01163647284391099,0.023327727094821532,False,True,True,0.1584148777759027,0.5626215980613082,5.076766689646643,0.08758196697388768
confirmation,25,4,anchor_frozen_conditioned_coarse4,5.076766689646643,0.21515307160651106,4.926655718702265,0.238480798694539,0.17009480617683118,0.4415658436820677,0.0250040082594282,0.02603488820590194,False,True,True,0.5844001748693582,0.9650104778450301,5.076766689646643,0.08758196697388768
confirmation,25,4,anchor_frozen_conditioned_refined8,5.076766689646643,0.21515307160651106,4.926655718702265,0.238480798694539,0.17009480617683118,0.4415658436820677,0.0250040082594282,0.03352049583059602,False,True,True,0.3526611981658761,0.6862891471581928,5.076766689646643,0.3427241762391344
confirmation,25,4,convex_box_conditioned_control,5.076766689646643,0.21515307160651106,4.926655718702265,0.238480798694539,0.17009480617683118,0.4454579177947613,0.023327727091042354,0.023327727094821532,False,True,True,0.6368178265589542,0.9999999998152388,5.076766689646643,0.08758196697388768
confirmation,25,5,moving_conditioned_gaussian,5.931326610308223,0.27685934634560494,6.109754169538522,0.21610031231024474,0.202336405453395,0.6350329340189749,0.06984918829587786,0.060759030455992374,True,False,False,0.8312959021880145,1.2822097986033998,5.931326610308223,0.17569114361890742
confirmation,25,5,fixed_vertical_collision_repair,5.931326610308223,0.27685934634560494,6.109754169538522,0.21610031231024474,0.202336405453395,0.6180209546573626,0.06075903403536021,0.06075903403535987,False,True,True,0.6321078450994847,,,
confirmation,25,5,anchor_frozen_corridor_projection,5.931326610308223,0.27685934634560494,6.109754169538522,0.21610031231024474,0.202336405453395,0.6350329528492509,0.06984919843262355,0.07973565288554482,False,True,True,0.4764350404418284,,,
confirmation,25,5,fixed_uniform_conditioned_coarse4,5.931326610308223,0.27685934634560494,6.109754169538522,0.21610031231024474,0.202336405453395,0.559010466494714,0.030039038247569323,0.06075903137998295,False,True,True,0.1558669148217627,0.5868038491928514,5.931326610308223,0.4286116504356512
confirmation,25,5,anchor_frozen_conditioned_coarse4,5.931326610308223,0.27685934634560494,6.109754169538522,0.21610031231024474,0.202336405453395,0.6350329340189749,0.06984918829587786,0.07973565122462986,False,True,True,0.4764348915457458,0.8951692399633594,5.931326610308223,0.4286116504356512
confirmation,25,5,anchor_frozen_conditioned_refined8,5.931326610308223,0.27685934634560494,6.109754169538522,0.21610031231024474,0.202336405453395,0.6350329340189749,0.06984918829587786,0.11126580658115198,False,True,True,0.2482845172142653,0.6729145089908435,5.931326610308223,0.4286116504356512
confirmation,25,5,convex_box_conditioned_control,5.931326610308223,0.27685934634560494,6.109754169538522,0.21610031231024474,0.202336405453395,0.618020932989428,0.06075902253895222,0.060759031379982925,False,True,True,0.6321077544801281,0.9999993701057313,5.931326610308223,0.1251070422555587
confirmation,25,6,moving_conditioned_gaussian,7.0,0.3385656210846988,6.9175471110548585,-0.27032700873836335,0.20799900591920026,0.9992104670341582,0.6572240809540926,0.6088926698802948,True,False,False,0.01756406635950353,0.9241752551170104,7.0,0.494564875524099
confirmation,25,6,fixed_vertical_collision_repair,7.0,0.3385656210846988,6.9175471110548585,-0.27032700873836335,0.20799900591920026,0.9982908584872779,0.6088926298230621,0.6088926298230621,False,True,True,0.03349917128299487,,,
confirmation,25,6,anchor_frozen_corridor_projection,7.0,0.3385656210846988,6.9175471110548585,-0.27032700873836335,0.20799900591920026,0.9992104674874892,0.6572241157528744,,False,True,True,0.015240049450624025,,,
confirmation,25,6,fixed_uniform_conditioned_coarse4,7.0,0.3385656210846988,6.9175471110548585,-0.27032700873836335,0.20799900591920026,0.7491454287488337,0.13973434837648832,0.6088926571219542,False,True,True,0.0003962145996397727,0.7243538634887489,7.0,0.494564875524099
confirmation,25,6,anchor_frozen_conditioned_coarse4,7.0,0.3385656210846988,6.9175471110548585,-0.27032700873836335,0.20799900591920026,0.9992104670341582,0.6572240809540926,,False,True,True,0.015240046193886938,0.9232217643488717,7.0,0.494564875524099
confirmation,25,6,anchor_frozen_conditioned_refined8,7.0,0.3385656210846988,6.9175471110548585,-0.27032700873836335,0.20799900591920026,0.9992104670341582,0.6572240809540926,,False,True,True,0.0013719463766753684,0.8414581114278342,7.0,0.494564875524099
confirmation,25,6,convex_box_conditioned_control,7.0,0.3385656210846988,6.9175471110548585,-0.27032700873836335,0.20799900591920026,0.9982908574976675,0.6088925923712086,0.6088926571219542,False,True,True,0.03349916412664346,0.999994220102319,7.0,0.1825663666452986
confirmation,26,0,moving_conditioned_gaussian,1.0,-0.07887938062217832,0.91688327081627,0.42307676995870447,0.20561762120747726,0.004019231926579639,0.5449792120610747,0.5019573170896267,True,False,False,0.060560212842628754,0.8884947938717571,1.0590148427788166,0.06359505319575685
confirmation,26,0,fixed_vertical_collision_repair,1.0,-0.07887938062217832,0.91688327081627,0.42307676995870447,0.20561762120747726,0.007319034684568573,0.5019561505808824,0.5019561505808828,False,True,True,0.09056549875341867,,,
confirmation,26,0,anchor_frozen_corridor_projection,1.0,-0.07887938062217832,0.91688327081627,0.42307676995870447,0.20561762120747726,0.004019231926311988,0.5449792120656987,0.7934607579711309,False,True,True,0.04826834858536955,,,
confirmation,26,0,fixed_uniform_conditioned_coarse4,1.0,-0.07887938062217832,0.91688327081627,0.42307676995870447,0.20561762120747726,0.25365951734253106,0.13632818117316375,0.5019569938426933,False,True,True,0.0032987040900909325,0.697862946344691,1.0,-0.23309259652778624
confirmation,26,0,anchor_frozen_conditioned_coarse4,1.0,-0.07887938062217832,0.91688327081627,0.42307676995870447,0.20561762120747726,0.004019231926579638,0.5449792120610747,0.793570992547324,False,True,True,0.04826834813551722,0.8829310978654584,1.0,-0.23309259652778624
confirmation,26,0,anchor_frozen_conditioned_refined8,1.0,-0.07887938062217832,0.91688327081627,0.42307676995870447,0.20561762120747726,0.004019231926579639,0.5449792120610747,,False,True,True,0.016496898461154198,0.5725645346098669,1.0,-0.23309259652778624
confirmation,26,0,convex_box_conditioned_control,1.0,-0.07887938062217832,0.91688327081627,0.42307676995870447,0.20561762120747726,0.007319034685062094,0.5019561505758758,0.5019569938426933,False,True,True,0.09056549790422827,0.9999999948019824,1.0,0.07533383528342961
confirmation,26,1,moving_conditioned_gaussian,2.0,-0.06962102846927837,1.9648693690287091,0.46293169693872493,0.16353113323597462,0.00014303635416697892,0.5932248426047328,0.5325527439002049,True,False,False,0.004893927980869471,0.9215744980471827,2.0755415334625464,-0.038330700786630575
confirmation,26,1,fixed_vertical_collision_repair,2.0,-0.06962102846927837,1.9648693690287091,0.46293169693872493,0.16353113323597462,0.0005638095818656555,0.5325527254080049,0.5325527254080034,False,True,True,0.014949691130987415,,,
confirmation,26,1,anchor_frozen_corridor_projection,2.0,-0.06962102846927837,1.9648693690287091,0.46293169693872493,0.16353113323597462,0.00014303635416697911,0.5932248426047328,,False,True,True,0.003780945861231259,,,
confirmation,26,1,fixed_uniform_conditioned_coarse4,2.0,-0.06962102846927837,1.9648693690287091,0.46293169693872493,0.16353113323597462,0.2502819047909328,0.11015504543020156,0.5325527313650045,False,True,True,7.211834493663237e-05,0.6956174071474229,2.0,-0.19226937839625935
confirmation,26,1,anchor_frozen_conditioned_coarse4,2.0,-0.06962102846927837,1.9648693690287091,0.46293169693872493,0.16353113323597462,0.00014303635416697898,0.5932248426047328,,False,True,True,0.003780945861230563,0.8172530829886551,2.0,-0.19226937839625935
confirmation,26,1,anchor_frozen_conditioned_refined8,2.0,-0.06962102846927837,1.9648693690287091,0.46293169693872493,0.16353113323597462,0.00014303635416697884,0.5932248426047328,,False,True,True,0.0015378959326458198,0.6746528996943382,2.0,-0.19226937839625935
confirmation,26,1,convex_box_conditioned_control,2.0,-0.06962102846927837,1.9648693690287091,0.46293169693872493,0.16353113323597462,0.0005638095818656548,0.5325527254080049,0.5325527313650045,False,True,True,0.014949691130983853,0.9999999999999692,2.0,0.0530273214577026
confirmation,26,2,moving_conditioned_gaussian,3.146141914831475,-0.06036267631637841,3.002347096005737,-0.07001484042068706,0.16931991303219737,0.5248416042789487,0.010550148082331153,0.00965216410431504,True,False,False,0.7605349048270269,1.205417083851643,3.146141914831475,-0.10269265457442775
confirmation,26,2,fixed_vertical_collision_repair,3.146141914831475,-0.06036267631637841,3.002347096005737,-0.07001484042068706,0.16931991303219737,0.5227295878787458,0.009652164104308634,0.009652164104308643,False,True,True,0.6366420107507995,,,
confirmation,26,2,anchor_frozen_corridor_projection,3.146141914831475,-0.06036267631637841,3.002347096005737,-0.07001484042068706,0.16931991303219737,0.5248416042789423,0.010550148082328462,0.011167197241779704,False,True,True,0.566810261071097,,,
confirmation,26,2,fixed_uniform_conditioned_coarse4,3.146141914831475,-0.06036267631637841,3.002347096005737,-0.07001484042068706,0.16931991303219737,0.5113647939393764,0.0048241220805286525,0.00965216410431289,False,True,True,0.15798755195849634,0.5670802303918961,3.146141914831475,0.06662725845776962
confirmation,26,2,anchor_frozen_conditioned_coarse4,3.146141914831475,-0.06036267631637841,3.002347096005737,-0.07001484042068706,0.16931991303219737,0.5248416042789488,0.0105501480823312,0.01116719724178427,False,True,True,0.5668102610707457,0.9521614059724625,3.146141914831475,0.06662725845776962
confirmation,26,2,anchor_frozen_conditioned_refined8,3.146141914831475,-0.06036267631637841,3.002347096005737,-0.07001484042068706,0.16931991303219737,0.5248416042789487,0.010550148082331153,0.038233642129643676,False,True,True,0.05370650560543666,0.4054898426900777,3.146141914831475,-0.18735261109052642
confirmation,26,2,convex_box_conditioned_control,3.146141914831475,-0.06036267631637841,3.002347096005737,-0.07001484042068706,0.16931991303219737,0.5227295878787527,0.009652164104311559,0.009652164104312945,False,True,True,0.6366420107504069,0.999999999999734,3.146141914831475,0.06662725845776962
confirmation,26,3,moving_conditioned_gaussian,4.0,-0.051104324163478446,4.055247577193097,0.341157409600259,0.18637222721356994,0.007048827281809395,0.45750010044517236,0.39226174498107846,True,False,False,0.0947178739494844,0.9073963222499984,3.9011612007343337,0.04773447510218805
confirmation,26,3,fixed_vertical_collision_repair,4.0,-0.051104324163478446,4.055247577193097,0.341157409600259,0.18637222721356994,0.017657755517914278,0.3922617337637375,0.3922617337637374,False,True,True,0.1579031912157853,,,
confirmation,26,3,anchor_frozen_corridor_projection,4.0,-0.051104324163478446,4.055247577193097,0.341157409600259,0.18637222721356994,0.007048827281809094,0.4575001004451756,,False,True,True,0.05695745380446983,,,
confirmation,26,3,fixed_uniform_conditioned_coarse4,4.0,-0.051104324163478446,4.055247577193097,0.341157409600259,0.18637222721356994,0.2588288777589575,0.12057539811751557,0.39226174100007166,False,True,True,0.010787697317395187,0.6801603062329659,4.0,-0.1908834945736559
confirmation,26,3,anchor_frozen_conditioned_coarse4,4.0,-0.051104324163478446,4.055247577193097,0.341157409600259,0.18637222721356994,0.007048827281809382,0.45750010044517353,,False,True,True,0.056957453797857244,0.7926691340866565,4.0,-0.1908834945736559
confirmation,26,3,anchor_frozen_conditioned_refined8,4.0,-0.051104324163478446,4.055247577193097,0.341157409600259,0.18637222721356994,0.007048827281809382,0.45750010044517353,,False,True,True,0.019058723057924234,0.5659854019801973,4.0,-0.1908834945736559
confirmation,26,3,convex_box_conditioned_control,4.0,-0.051104324163478446,4.055247577193097,0.341157409600259,0.18637222721356994,0.017657755517915034,0.3922617337637342,0.39226174100007166,False,True,True,0.15790319119721147,0.9999999999593586,4.0,0.042081789443306525
confirmation,26,4,moving_conditioned_gaussian,5.197890060761709,-0.041845972010578485,5.004224970304612,-0.11942480888802774,0.16596342922888982,0.7127007264163112,0.09315393225908498,0.07757883687746578,True,False,False,0.8770614256501732,1.3311336760898738,5.197890060761709,-0.16631854393224585
confirmation,26,4,fixed_vertical_collision_repair,5.197890060761709,-0.041845972010578485,5.004224970304612,-0.11942480888802774,0.16596342922888982,0.679909366239315,0.07757883687744928,0.07757883687744926,False,True,True,0.6151345317538472,,,
confirmation,26,4,anchor_frozen_corridor_projection,5.197890060761709,-0.041845972010578485,5.004224970304612,-0.11942480888802774,0.16596342922888982,0.7127007264163105,0.09315393225908468,0.11841856522746572,False,True,True,0.373210761529974,,,
confirmation,26,4,fixed_uniform_conditioned_coarse4,5.197890060761709,-0.041845972010578485,5.004224970304612,-0.11942480888802774,0.16596342922888982,0.589954683119658,0.037744798245507014,0.07757883687746192,False,True,True,0.1514469497852771,0.6026717188894132,5.197890060761709,0.08262659991108887
confirmation,26,4,anchor_frozen_conditioned_coarse4,5.197890060761709,-0.041845972010578485,5.004224970304612,-0.11942480888802774,0.16596342922888982,0.7127007264163113,0.09315393225908504,0.11841856522753114,False,True,True,0.37321076152992694,0.8273281716161995,5.197890060761709,0.08262659991108887
confirmation,26,4,anchor_frozen_conditioned_refined8,5.197890060761709,-0.041845972010578485,5.004224970304612,-0.11942480888802774,0.16596342922888982,0.7127007264163112,0.09315393225908498,0.5133927177016127,False,True,True,0.06552715135129794,0.3547362283112587,5.197890060761709,-0.16631854393224585
confirmation,26,4,convex_box_conditioned_control,5.197890060761709,-0.041845972010578485,5.004224970304612,-0.11942480888802774,0.16596342922888982,0.6799093662393161,0.07757883687744979,0.07757883687746198,False,True,True,0.6151345317530152,1.0000000000011682,5.197890060761709,-0.0003551147033560298
confirmation,26,5,moving_conditioned_gaussian,6.176735317567212,-0.032587619857678524,6.006132467497597,0.062293932902617755,0.18960160617171426,0.27629685842648855,0.11260022200226578,0.0948815527619248,True,False,False,0.8489478215751002,1.2943343150995457,6.176735317567212,0.10961358477110716
confirmation,26,5,fixed_vertical_collision_repair,6.176735317567212,-0.032587619857678524,6.006132467497597,0.062293932902617755,0.18960160617171426,0.30838761313456386,0.09488155276029628,0.0948815527602953,False,True,True,0.6104154617087876,,,
confirmation,26,5,anchor_frozen_corridor_projection,6.176735317567212,-0.032587619857678524,6.006132467497597,0.062293932902617755,0.18960160617171426,0.2762968584261329,0.1126002220024674,0.14318317405664238,False,True,True,0.36962852538237656,,,
confirmation,26,5,fixed_uniform_conditioned_coarse4,6.176735317567212,-0.032587619857678524,6.006132467497597,0.062293932902617755,0.18960160617171426,0.4041938065675142,0.04597964827498592,0.0948815527616014,False,True,True,0.1503783078753631,0.607816523990603,6.176735317567212,-0.1747888244864642
confirmation,26,5,anchor_frozen_conditioned_coarse4,6.176735317567212,-0.032587619857678524,6.006132467497597,0.062293932902617755,0.18960160617171426,0.2762968584264886,0.11260022200226574,0.1431831740627994,False,True,True,0.36962852537043833,0.8298234362336568,6.176735317567212,-0.1747888244864642
confirmation,26,5,anchor_frozen_conditioned_refined8,6.176735317567212,-0.032587619857678524,6.006132467497597,0.062293932902617755,0.18960160617171426,0.27629685842648855,0.11260022200226578,,False,True,True,0.015500526597042118,0.3607936157199719,6.176735317567212,-0.1747888244864642
confirmation,26,5,convex_box_conditioned_control,6.176735317567212,-0.032587619857678524,6.006132467497597,0.062293932902617755,0.18960160617171426,0.3083876131350284,0.09488155276004606,0.09488155276160137,False,True,True,0.6104154616545209,0.9999999999288236,6.176735317567212,0.014812781685250041
confirmation,26,6,moving_conditioned_gaussian,7.0,-0.023329267704778556,7.085900940837255,-0.29183481357426444,0.20040977807385071,0.9502895372888784,0.3302086734141394,0.26850556788391533,True,False,False,0.4061194118559771,1.050253950326197,6.94247987368538,-0.16219513676294844
confirmation,26,6,fixed_vertical_collision_repair,7.0,-0.023329267704778556,7.085900940837255,-0.29183481357426444,0.20040977807385071,0.9098419929278797,0.2685055458694859,0.2685055458694859,False,True,True,0.3860042338742144,,,
confirmation,26,6,anchor_frozen_corridor_projection,7.0,-0.023329267704778556,7.085900940837255,-0.29183481357426444,0.20040977807385071,0.9502895372813865,0.3302086733995138,,False,True,True,0.14719053287197173,,,
confirmation,26,6,fixed_uniform_conditioned_coarse4,7.0,-0.023329267704778556,7.085900940837255,-0.29183481357426444,0.20040977807385071,0.7049209964719583,0.10794212369038697,0.26850556209277693,False,True,True,0.06822850797060678,0.6473837010038567,7.0,0.12697806585060947
confirmation,26,6,anchor_frozen_conditioned_coarse4,7.0,-0.023329267704778556,7.085900940837255,-0.29183481357426444,0.20040977807385071,0.9502895372888785,0.33020867341413956,,False,True,True,0.14719053096575632,0.7330322930143747,7.0,0.12697806585060947
confirmation,26,6,anchor_frozen_conditioned_refined8,7.0,-0.023329267704778556,7.085900940837255,-0.29183481357426444,0.20040977807385071,0.9502895372888788,0.33020867341414,,False,True,True,0.05131865260507145,0.43565134104795766,7.0,0.12697806585060947
confirmation,26,6,convex_box_conditioned_control,7.0,-0.023329267704778556,7.085900940837255,-0.29183481357426444,0.20040977807385071,0.9098419929439167,0.2685055458892517,0.26850556209277693,False,True,True,0.3860042287130204,0.9999999991732287,7.0,0.026773176813684123
confirmation,27,0,moving_conditioned_gaussian,1.0,0.15433106534884253,0.923982481897452,0.46393042810293617,0.18666361337945694,0.028527808015372087,0.3551992993217754,0.30959975347290736,True,False,False,0.2592333593203347,1.0767997537405156,1.0989933301160484,0.253324395464891
confirmation,27,0,fixed_vertical_collision_repair,1.0,0.15433106534884253,0.923982481897452,0.46393042810293617,0.18666361337945694,0.04859870046016932,0.30959936275409355,0.3095993627540936,False,True,True,0.2821905688004273,,,
confirmation,27,0,anchor_frozen_corridor_projection,1.0,0.15433106534884253,0.923982481897452,0.46393042810293617,0.18666361337945694,0.028527808056341607,0.35519929920458465,0.5191617669876546,False,True,True,0.15115979959111292,,,
confirmation,27,0,fixed_uniform_conditioned_coarse4,1.0,0.15433106534884253,0.923982481897452,0.46393042810293617,0.18666361337945694,0.27429935019443025,0.11197227091236317,0.3095996044001261,False,True,True,0.03637597631411102,0.6309928598054388,1.0,0.014333355314249813
confirmation,27,0,anchor_frozen_conditioned_coarse4,1.0,0.15433106534884253,0.923982481897452,0.46393042810293617,0.18666361337945694,0.02852780801537207,0.35519929932177585,0.5191784289807541,False,True,True,0.15115978922119347,0.7719172418036866,1.0,0.014333355314249813
confirmation,27,0,anchor_frozen_conditioned_refined8,1.0,0.15433106534884253,0.923982481897452,0.46393042810293617,0.18666361337945694,0.02852780801537208,0.3551992993217754,,False,True,True,0.10602161717515657,0.4679105383005077,1.0,0.29432877538343527
confirmation,27,0,convex_box_conditioned_control,1.0,0.15433106534884253,0.923982481897452,0.46393042810293617,0.18666361337945694,0.04859870038886046,0.30959936288611717,0.3095996044001261,False,True,True,0.2821905489301811,0.9999999989544401,1.0,0.014333355314249813
confirmation,27,1,moving_conditioned_gaussian,1.8259937269155424,0.15592214415757577,2.0366449553996473,0.18731448175121435,0.1579602672470621,0.4183429099165969,0.0325610668740999,0.03139233759369253,True,False,False,0.687389676169853,1.1222018084882077,1.8259937269155424,0.037451943722279196
confirmation,27,1,fixed_vertical_collision_repair,1.8259937269155424,0.15592214415757577,2.0366449553996473,0.18731448175121435,0.1579602672470621,0.42123476478433414,0.03139233759363857,0.031392337593659086,False,True,True,0.6364571097352698,,,
confirmation,27,1,anchor_frozen_corridor_projection,1.8259937269155424,0.15592214415757577,2.0366449553996473,0.18731448175121435,0.1579602672470621,0.41834290991660833,0.032561066874095324,0.033103911782358414,False,True,True,0.6114819814026768,,,
confirmation,27,1,fixed_uniform_conditioned_coarse4,1.8259937269155424,0.15592214415757577,2.0366449553996473,0.18731448175121435,0.1579602672470621,0.4606173823921612,0.015618869305024477,0.03139233759367724,False,True,True,0.15758645388626205,0.5487635143798085,1.8259937269155424,0.037451943722279196
confirmation,27,1,anchor_frozen_conditioned_coarse4,1.8259937269155424,0.15592214415757577,2.0366449553996473,0.18731448175121435,0.1579602672470621,0.41834290991659684,0.032561066874099945,0.03310391178237787,False,True,True,0.6114819814007004,0.9846392694752539,1.8259937269155424,0.037451943722279196
confirmation,27,1,anchor_frozen_conditioned_refined8,1.8259937269155424,0.15592214415757577,2.0366449553996473,0.18731448175121435,0.1579602672470621,0.4183429099165969,0.0325610668740999,0.048338111299532055,False,True,True,0.28630906348612417,0.6045669161619299,1.8259937269155424,0.2743923445928723
confirmation,27,1,convex_box_conditioned_control,1.8259937269155424,0.15592214415757577,2.0366449553996473,0.18731448175121435,0.1579602672470621,0.4212347647843225,0.03139233759364332,0.03139233759367724,False,True,True,0.6364571097282427,0.9999999999996605,1.8259937269155424,0.037451943722279196
confirmation,27,2,moving_conditioned_gaussian,3.0,0.15751322296630899,2.9056570294518917,-0.30329889051432046,0.1994942049534266,0.9947545041492585,0.5105478477922167,0.4608121381045463,True,False,False,0.07241837904009787,0.8931250071941272,3.0,0.3071338766813789
confirmation,27,2,fixed_vertical_collision_repair,3.0,0.15751322296630899,2.9056570294518917,-0.30329889051432046,0.1994942049534266,0.9895532168421678,0.46081211348062967,0.46081211348062945,False,True,True,0.11392564057156668,,,
confirmation,27,2,anchor_frozen_corridor_projection,3.0,0.15751322296630899,2.9056570294518917,-0.30329889051432046,0.1994942049534266,0.9947545041548782,0.5105478478665109,,False,True,True,0.05219648067939524,,,
confirmation,27,2,fixed_uniform_conditioned_coarse4,3.0,0.15751322296630899,2.9056570294518917,-0.30329889051432046,0.1994942049534266,0.7447766084151781,0.13129554817980696,0.4608121328310208,False,True,True,0.005384471979863248,0.7108147861350332,3.0,0.3071338766813789
confirmation,27,2,anchor_frozen_conditioned_coarse4,3.0,0.15751322296630899,2.9056570294518917,-0.30329889051432046,0.1994942049534266,0.9947545041492585,0.5105478477922167,,False,True,True,0.052196480639131446,0.8883506864379331,3.0,0.3071338766813789
confirmation,27,2,anchor_frozen_conditioned_refined8,3.0,0.15751322296630899,2.9056570294518917,-0.30329889051432046,0.1994942049534266,0.9947545041492587,0.5105478477922196,,False,True,True,0.010358373350446284,0.6720554456977957,3.0,0.3071338766813789
confirmation,27,2,convex_box_conditioned_control,3.0,0.15751322296630899,2.9056570294518917,-0.30329889051432046,0.1994942049534266,0.9895532168303564,0.4608121133955269,0.46081213283102085,False,True,True,0.11392564048341594,0.9999999854451398,3.0,0.007892569251239046
confirmation,27,3,moving_conditioned_gaussian,4.142688967429665,0.1591043017750422,3.9924493072666944,0.3127268765068921,0.20827568223589885,0.1993924495809396,0.1757416330395178,0.15362267898781123,True,False,False,0.7130663833290687,1.2022699767671123,4.142688967429665,0.31531106345196636
confirmation,27,3,fixed_vertical_collision_repair,4.142688967429665,0.1591043017750422,3.9924493072666944,0.3127268765068921,0.20827568223589885,0.23038106654133017,0.15362257473184993,0.15362257473184993,False,True,True,0.5646157396997119,,,
confirmation,27,3,anchor_frozen_corridor_projection,4.142688967429665,0.1591043017750422,3.9924493072666944,0.3127268765068921,0.20827568223589885,0.19939245288581894,0.1757416305763717,0.2106623555278454,False,True,True,0.38307699847112997,,,
confirmation,27,3,fixed_uniform_conditioned_coarse4,4.142688967429665,0.1591043017750422,3.9924493072666944,0.3127268765068921,0.20827568223589885,0.36519053119540795,0.07177569017514332,0.1536226575966696,False,True,True,0.13563609044930489,0.6083738727239022,4.142688967429665,0.0028975400981180732
confirmation,27,3,anchor_frozen_conditioned_coarse4,4.142688967429665,0.1591043017750422,3.9924493072666944,0.3127268765068921,0.20827568223589885,0.19939244958093966,0.1757416330395178,0.21066262341611924,False,True,True,0.3830765846388395,0.8594512465729133,4.142688967429665,0.0028975400981180732
confirmation,27,3,anchor_frozen_conditioned_refined8,4.142688967429665,0.1591043017750422,3.9924493072666944,0.3127268765068921,0.20827568223589885,0.19939244958093966,0.1757416330395178,0.3090334517845739,False,True,True,0.19507862546784946,0.4751504273892934,4.142688967429665,0.31531106345196636
confirmation,27,3,convex_box_conditioned_control,4.142688967429665,0.1591043017750422,3.9924493072666944,0.3127268765068921,0.20827568223589885,0.2303810623908159,0.15362257757609996,0.15362265759666954,False,True,True,0.5646151034664535,0.9999999342449952,4.142688967429665,0.0028975400981180732
confirmation,27,4,moving_conditioned_gaussian,5.0,0.16069538058377544,5.079180416441159,-0.477351540514684,0.21795209298721543,0.9991689189199718,0.6854096776035186,0.6380577945447833,True,False,False,0.018086455328493924,0.9530375719881456,5.0,0.324159450324187
confirmation,27,4,fixed_vertical_collision_repair,5.0,0.16069538058377544,5.079180416441159,-0.477351540514684,0.21795209298721543,0.9982913072769788,0.6380469210984615,0.6380469210984594,False,True,True,0.0334929193824603,,,
confirmation,27,4,anchor_frozen_corridor_projection,5.0,0.16069538058377544,5.079180416441159,-0.477351540514684,0.21795209298721543,0.9991689189386259,0.6854096790347911,,False,True,True,0.015704679331567314,,,
confirmation,27,4,fixed_uniform_conditioned_coarse4,5.0,0.16069538058377544,5.079180416441159,-0.477351540514684,0.21795209298721543,0.7491456536188121,0.14642101570692226,0.6380554340703383,False,True,True,0.0003960577745493219,0.7383227671036346,5.0,0.324159450324187
confirmation,27,4,anchor_frozen_conditioned_coarse4,5.0,0.16069538058377544,5.079180416441159,-0.477351540514684,0.21795209298721543,0.9991689189199718,0.6854096776035186,,False,True,True,0.01570467872737787,0.9525802708499711,5.0,0.324159450324187
confirmation,27,4,anchor_frozen_conditioned_refined8,5.0,0.16069538058377544,5.079180416441159,-0.477351540514684,0.21795209298721543,0.999168918919972,0.6854096776035269,,False,True,True,0.004463970381794634,0.7289102241216159,5.0,0.324159450324187
confirmation,27,4,convex_box_conditioned_control,5.0,0.16069538058377544,5.079180416441159,-0.477351540514684,0.21795209298721543,0.9982913072376244,0.6380469195374497,0.6380554340703383,False,True,True,0.033492918093022024,0.9999997201477265,5.0,-0.0027686891566361393
confirmation,27,5,moving_conditioned_gaussian,6.165890200121247,0.1622864593925087,5.9502524111335795,0.045531749543065256,0.2155427792481143,0.7436572212087258,0.14110761297400806,0.11675470961443823,True,False,False,0.865975144742527,1.327399247566747,6.165890200121247,0.0006293749564229567
confirmation,27,5,fixed_vertical_collision_repair,6.165890200121247,0.1622864593925087,5.9502524111335795,0.045531749543065256,0.2155427792481143,0.7059797114118106,0.11675470984944343,0.11675470984944342,False,True,True,0.6039113873026651,,,
confirmation,27,5,anchor_frozen_corridor_projection,6.165890200121247,0.1622864593925087,5.9502524111335795,0.045531749543065256,0.2155427792481143,0.743657225114655,0.1411076155886558,0.1839670170010256,False,True,True,0.34954847119465426,,,
confirmation,27,5,fixed_uniform_conditioned_coarse4,6.165890200121247,0.1622864593925087,5.9502524111335795,0.045531749543065256,0.2155427792481143,0.6029898530737563,0.05627684945749406,0.1167547096690798,False,True,True,0.1486809875835614,0.6058815014119641,6.165890200121247,0.3239435438285944
confirmation,27,5,anchor_frozen_conditioned_coarse4,6.165890200121247,0.1622864593925087,5.9502524111335795,0.045531749543065256,0.2155427792481143,0.7436572212087259,0.14110761297400817,0.1839670170428873,False,True,True,0.3495484524899666,0.8130505347985812,6.165890200121247,0.3239435438285944
confirmation,27,5,anchor_frozen_conditioned_refined8,6.165890200121247,0.1622864593925087,5.9502524111335795,0.045531749543065256,0.2155427792481143,0.7436572212087259,0.14110761297400817,0.8130538720427491,False,True,True,0.0178338187987858,0.4667321832693093,6.165890200121247,0.3239435438285944
confirmation,27,5,convex_box_conditioned_control,6.165890200121247,0.1622864593925087,5.9502524111335795,0.045531749543065256,0.2155427792481143,0.7059797061475125,0.11675470655578866,0.11675470966907983,False,True,True,0.603911364818787,0.9999997910499929,6.165890200121247,0.0006293749564229567
confirmation,27,6,moving_conditioned_gaussian,7.0,0.1638775382012419,7.041036006837484,-0.1816014929860077,0.22471419260627862,0.9621359964592717,0.3990991004390577,0.3454790692921105,True,False,False,0.30524144303573225,0.957876796035839,6.93550420110421,0.008170905790936961
confirmation,27,6,fixed_vertical_collision_repair,7.0,0.1638775382012419,7.041036006837484,-0.1816014929860077,0.22471419260627862,0.9379041753621541,0.3454790311872496,0.3454790311872496,False,True,True,0.32093761981825325,,,
confirmation,27,6,anchor_frozen_corridor_projection,7.0,0.1638775382012419,7.041036006837484,-0.1816014929860077,0.22471419260627862,0.9621359987730498,0.399099106748424,0.5974139544676964,False,True,True,0.16608578407539115,,,
confirmation,27,6,fixed_uniform_conditioned_coarse4,7.0,0.1638775382012419,7.041036006837484,-0.1816014929860077,0.22471419260627862,0.7189520856614005,0.13027385225415217,0.34547905932707745,False,True,True,0.04726702969801754,0.648736539777762,7.0,0.3324131826559509
confirmation,27,6,anchor_frozen_conditioned_coarse4,7.0,0.1638775382012419,7.041036006837484,-0.1816014929860077,0.22471419260627862,0.9621359964592717,0.3990991004390577,0.5974170946158115,False,True,True,0.16608577233783153,0.7949442729087342,7.0,0.3324131826559509
confirmation,27,6,anchor_frozen_conditioned_refined8,7.0,0.1638775382012419,7.041036006837484,-0.1816014929860077,0.22471419260627862,0.9621359964592717,0.3990991004390577,,False,True,True,0.016096683089309952,0.5231527059577913,7.0,0.3324131826559509
confirmation,27,6,convex_box_conditioned_control,7.0,0.1638775382012419,7.041036006837484,-0.1816014929860077,0.22471419260627862,0.9379041713228008,0.3454790237691714,0.34547905932707745,False,True,True,0.32093759725010274,0.9999992769096645,7.0,-0.004658106253467076
confirmation,28,0,moving_conditioned_gaussian,1.0,-0.15616325398099976,1.0943305225033721,0.18399520495393273,0.1938457022536816,0.024108345271921718,0.3829331984186348,0.3401584593003974,True,False,False,0.2300360259364657,1.0690331050124493,0.9443638459842549,-0.021845696397909675
confirmation,28,0,fixed_vertical_collision_repair,1.0,-0.15616325398099976,1.0943305225033721,0.18399520495393273,0.1938457022536816,0.039647635420173744,0.34015845893493235,0.34015845893493246,False,True,True,0.2526048108205208,,,
confirmation,28,0,anchor_frozen_corridor_projection,1.0,-0.15616325398099976,1.0943305225033721,0.18399520495393273,0.1938457022536816,0.024108345263176578,0.3829331984485375,0.5256422672235386,False,True,True,0.1441610440044669,,,
confirmation,28,0,fixed_uniform_conditioned_coarse4,1.0,-0.15616325398099976,1.0943305225033721,0.18399520495393273,0.1938457022536816,0.26982381771735503,0.11889447086890807,0.3401584591532899,False,True,True,0.02894972002622762,0.6269544343799055,1.0,-0.30154753067126094
confirmation,28,0,anchor_frozen_conditioned_coarse4,1.0,-0.15616325398099976,1.0943305225033721,0.18399520495393273,0.1938457022536816,0.02410834527192171,0.3829331984186348,0.5256422947335648,False,True,True,0.14416104395850982,0.7822975069668514,1.0,-0.30154753067126094
confirmation,28,0,anchor_frozen_conditioned_refined8,1.0,-0.15616325398099976,1.0943305225033721,0.18399520495393273,0.1938457022536816,0.024108345271921707,0.3829331984186348,,False,True,True,0.01653542693799087,0.5120484723657965,1.0,-0.30154753067126094
confirmation,28,0,convex_box_conditioned_control,1.0,-0.15616325398099976,1.0943305225033721,0.18399520495393273,0.1938457022536816,0.03964763543471003,0.34015845890199725,0.3401584591532899,False,True,True,0.25260481074072416,0.999999995117132,1.0,-0.01077897729073854
confirmation,28,1,moving_conditioned_gaussian,1.8462981995952616,-0.14452965808911863,2.0252622071386646,0.0716439103406008,0.22827995091704317,0.13807893045902983,0.24859480872718281,0.2161735725184662,True,False,False,0.6221392546115381,1.1735873761590914,1.8462981995952616,0.02668030509866373
confirmation,28,1,fixed_vertical_collision_repair,1.8462981995952616,-0.14452965808911863,2.0252622071386646,0.0716439103406008,0.22827995091704317,0.17182781066448438,0.21617356842971935,0.21617356842971944,False,True,True,0.5098141605458779,,,
confirmation,28,1,anchor_frozen_corridor_projection,1.8462981995952616,-0.14452965808911863,2.0252622071386646,0.0716439103406008,0.22827995091704317,0.13807892209717756,0.2485948173843423,0.3037699229443056,False,True,True,0.33683993707470344,,,
confirmation,28,1,fixed_uniform_conditioned_coarse4,1.8462981995952616,-0.14452965808911863,2.0252622071386646,0.0716439103406008,0.22827995091704317,0.33591391084926975,0.09670869279095916,0.21617357142925306,False,True,True,0.11464024507900539,0.6076426070789369,1.8462981995952616,-0.31573962127690103
confirmation,28,1,anchor_frozen_conditioned_coarse4,1.8462981995952616,-0.14452965808911863,2.0252622071386646,0.0716439103406008,0.22827995091704317,0.13807893045902975,0.24859480872718281,0.3037699426526297,False,True,True,0.33683990027674143,0.8385233836702684,1.8462981995952616,-0.31573962127690103
confirmation,28,1,anchor_frozen_conditioned_refined8,1.8462981995952616,-0.14452965808911863,2.0252622071386646,0.0716439103406008,0.22827995091704317,0.13807893045902978,0.24859480872718281,,False,True,True,0.008577127417616945,0.45596346350638783,1.8462981995952616,-0.31573962127690103
confirmation,28,1,convex_box_conditioned_control,1.8462981995952616,-0.14452965808911863,2.0252622071386646,0.0716439103406008,0.22827995091704317,0.1718278216985395,0.21617355854375933,0.2161735714292532,False,True,True,0.5098141053353452,0.9999992777753187,1.8462981995952616,0.02668030509866373
confirmation,28,2,moving_conditioned_gaussian,3.0,-0.13289606219723754,2.955849978475749,0.11756770712388155,0.18660275057994655,0.045027302193984244,0.31631214050587314,0.25046376932818654,True,False,False,0.40358065612896576,1.0850417248411621,3.098961052742357,-0.03393500945488093
confirmation,28,2,fixed_vertical_collision_repair,3.0,-0.13289606219723754,2.955849978475749,0.11756770712388155,0.18660275057994655,0.08976075131328604,0.25046376932111897,0.25046376932111913,False,True,True,0.38519503501788316,,,
confirmation,28,2,anchor_frozen_corridor_projection,3.0,-0.13289606219723754,2.955849978475749,0.11756770712388155,0.18660275057994655,0.04502730219263423,0.31631214050852957,,False,True,True,0.13716025352471312,,,
confirmation,28,2,fixed_uniform_conditioned_coarse4,3.0,-0.13289606219723754,2.955849978475749,0.11756770712388155,0.18660275057994655,0.2948803756581949,0.10061298704363766,0.25046376932578024,False,True,True,0.06794942341407134,0.6369355231853948,3.0,-0.27284812513219747
confirmation,28,2,anchor_frozen_conditioned_coarse4,3.0,-0.13289606219723754,2.955849978475749,0.11756770712388155,0.18660275057994655,0.04502730219398426,0.31631214050587314,,False,True,True,0.13716025351913272,0.69737902134826,3.0,-0.27284812513219747
confirmation,28,2,anchor_frozen_conditioned_refined8,3.0,-0.13289606219723754,2.955849978475749,0.11756770712388155,0.18660275057994655,0.045027302193984264,0.31631214050587314,,False,True,True,0.009337110006920637,0.4885898872409737,3.0,-0.27284812513219747
confirmation,28,2,convex_box_conditioned_control,3.0,-0.13289606219723754,2.955849978475749,0.11756770712388155,0.18660275057994655,0.0897607513163898,0.25046376931754544,0.2504637693257803,False,True,True,0.3851950350023359,0.9999999995061268,3.0,0.007056000737722362
confirmation,28,3,moving_conditioned_gaussian,4.0,-0.12126246630535643,4.027077889721333,0.44159895324835297,0.1817098114087018,0.00044921189389874114,0.6033753208732967,0.5628615119374487,True,False,False,0.011297793076919522,0.9487435357294502,4.0,-0.2575448248618828
confirmation,28,3,fixed_vertical_collision_repair,4.0,-0.12126246630535643,4.027077889721333,0.44159895324835297,0.1817098114087018,0.0009755251972524097,0.5628614195537093,0.5628614195537094,False,True,True,0.022376596708503338,,,
confirmation,28,3,anchor_frozen_corridor_projection,4.0,-0.12126246630535643,4.027077889721333,0.44159895324835297,0.1817098114087018,0.00044921189389584524,0.6033753208736352,,False,True,True,0.010150419319271468,,,
confirmation,28,3,fixed_uniform_conditioned_coarse4,4.0,-0.12126246630535643,4.027077889721333,0.44159895324835297,0.1817098114087018,0.25048776259862937,0.12228263888792529,0.5628614851120646,False,True,True,0.00016866634011697103,0.7357757548584601,4.0,-0.2575448248618828
confirmation,28,3,anchor_frozen_conditioned_coarse4,4.0,-0.12126246630535643,4.027077889721333,0.44159895324835297,0.1817098114087018,0.0004492118938987421,0.6033753208732967,,False,True,True,0.01015041931910164,0.948391387305314,4.0,-0.2575448248618828
confirmation,28,3,anchor_frozen_conditioned_refined8,4.0,-0.12126246630535643,4.027077889721333,0.44159895324835297,0.1817098114087018,0.00044921189389874206,0.6033753208732967,,False,True,True,0.0032541316544287303,0.7230161059030578,4.0,-0.2575448248618828
confirmation,28,3,convex_box_conditioned_control,4.0,-0.12126246630535643,4.027077889721333,0.44159895324835297,0.1817098114087018,0.0009755251972587626,0.5628614195533599,0.5628614851120646,False,True,True,0.022376596708128846,0.999999999898556,4.0,0.015019892251169911
confirmation,28,4,moving_conditioned_gaussian,5.0,-0.10962887041347533,5.090680632456444,0.3034546853469241,0.21447327444667477,0.017629008574938303,0.45154830026158366,0.4130837229284823,True,False,False,0.1689655435931233,0.9157335947713873,4.938443473388125,0.03898173098549376
confirmation,28,4,fixed_vertical_collision_repair,5.0,-0.10962887041347533,5.090680632456444,0.3034546853469241,0.21447327444667477,0.027049849755687864,0.4130835557603992,0.41308355576039946,False,True,True,0.2034164740987305,,,
confirmation,28,4,anchor_frozen_corridor_projection,5.0,-0.10962887041347533,5.090680632456444,0.3034546853469241,0.21447327444667477,0.017629008517170853,0.45154830054647627,0.6039543387324854,False,True,True,0.11804366680540244,,,
confirmation,28,4,fixed_uniform_conditioned_coarse4,5.0,-0.10962887041347533,5.090680632456444,0.3034546853469241,0.21447327444667477,0.2635249249249208,0.13565774709684922,0.4130836986258315,False,True,True,0.018419851303317483,0.6934388095286994,5.0,-0.27048382624848144
confirmation,28,4,anchor_frozen_conditioned_coarse4,5.0,-0.10962887041347533,5.090680632456444,0.3034546853469241,0.21447327444667477,0.017629008574938303,0.45154830026158366,0.6039592746833152,False,True,True,0.11804366539628673,0.8855890401916877,5.0,-0.27048382624848144
confirmation,28,4,anchor_frozen_conditioned_refined8,5.0,-0.10962887041347533,5.090680632456444,0.3034546853469241,0.21447327444667477,0.017629008574938307,0.45154830026158366,,False,True,True,0.026447418125585917,0.554201383518952,5.0,-0.27048382624848144
confirmation,28,4,convex_box_conditioned_control,5.0,-0.10962887041347533,5.090680632456444,0.3034546853469241,0.21447327444667477,0.027049849849841556,0.41308355543692915,0.4130836986258316,False,True,True,0.20341647165419205,0.9999999524588095,5.0,0.05122608542153076
confirmation,28,5,moving_conditioned_gaussian,6.134965102976474,-0.0979952745215942,5.949005639373778,0.08929874231907553,0.18720199290002665,0.14035457331785345,0.2019399697425631,0.1872940168438667,True,False,False,0.5530663594377442,1.2130939385040906,6.09914555238219,-0.1844713193644231
confirmation,28,5,fixed_vertical_collision_repair,6.134965102976474,-0.0979952745215942,5.949005639373778,0.08929874231907553,0.18720199290002665,0.15853633625187508,0.18729401684066976,0.18729401684066826,False,True,True,0.4941658396255683,,,
confirmation,28,5,anchor_frozen_corridor_projection,6.134965102976474,-0.0979952745215942,5.949005639373778,0.08929874231907553,0.18720199290002665,0.14035457331628115,0.20193996974388323,0.21925420996633121,False,True,True,0.4100560537432928,,,
confirmation,28,5,fixed_uniform_conditioned_coarse4,6.134965102976474,-0.0979952745215942,5.949005639373778,0.08929874231907553,0.18720199290002665,0.32926816812683213,0.08273108851357577,0.1872940168425969,False,True,True,0.10852295038384512,0.5742636230047204,6.134965102976474,-0.2383967691966142
confirmation,28,5,anchor_frozen_conditioned_coarse4,6.134965102976474,-0.0979952745215942,5.949005639373778,0.08929874231907553,0.18720199290002665,0.14035457331785348,0.2019399697425631,0.219254209971731,False,True,True,0.4100560537341087,0.9069153663828257,6.134965102976474,-0.2383967691966142
confirmation,28,5,anchor_frozen_conditioned_refined8,6.134965102976474,-0.0979952745215942,5.949005639373778,0.08929874231907553,0.18720199290002665,0.14035457331785345,0.2019399697425631,,False,True,True,0.02171167275411788,0.43522533954326137,6.134965102976474,-0.2383967691966142
confirmation,28,5,convex_box_conditioned_control,6.134965102976474,-0.0979952745215942,5.949005639373778,0.08929874231907553,0.18720199290002665,0.15853633625366423,0.18729401683928482,0.18729401684259694,False,True,True,0.4941658396145099,0.9999999998289868,6.134965102976474,0.042406220153425794
confirmation,28,6,moving_conditioned_gaussian,7.0,-0.0863616786297131,6.945250660419441,0.4096646807113349,0.19312810828853325,0.0021444307487408017,0.5515923153064441,0.4960265767940379,True,False,False,0.03798867683878401,0.8639824166909098,7.102421646256413,0.0160599676267007
confirmation,28,6,fixed_vertical_collision_repair,7.0,-0.0863616786297131,6.945250660419441,0.4096646807113349,0.19312810828853325,0.005108754943095539,0.4960263593410488,0.496026359341048,False,True,True,0.0713922593429542,,,
confirmation,28,6,anchor_frozen_corridor_projection,7.0,-0.0863616786297131,6.945250660419441,0.4096646807113349,0.19312810828853325,0.002144430748698141,0.5515923153076632,,False,True,True,0.029107031862502616,,,
confirmation,28,6,fixed_uniform_conditioned_coarse4,7.0,-0.0863616786297131,6.945250660419441,0.4096646807113349,0.19312810828853325,0.2525543774715992,0.12871468815193138,0.4960264951079598,False,True,True,0.0019845774847057876,0.6998609082359234,7.0,-0.23120775984611303
confirmation,28,6,anchor_frozen_conditioned_coarse4,7.0,-0.0863616786297131,6.945250660419441,0.4096646807113349,0.19312810828853325,0.002144430748740802,0.5515923153064441,,False,True,True,0.02910703184827072,0.8570671413603769,7.0,-0.23120775984611303
confirmation,28,6,anchor_frozen_conditioned_refined8,7.0,-0.0863616786297131,6.945250660419441,0.4096646807113349,0.19312810828853325,0.002144430748740801,0.5515923153064441,,False,True,True,0.009780348397885837,0.6262107738060337,7.0,-0.23120775984611303
confirmation,28,6,convex_box_conditioned_control,7.0,-0.0863616786297131,6.945250660419441,0.4096646807113349,0.19312810828853325,0.005108754943198456,0.4960263593397002,0.4960264951079598,False,True,True,0.07139225930784322,0.9999999995295598,7.0,0.05848440258668684
confirmation,29,0,moving_conditioned_gaussian,1.174840246229926,-0.15195370833452448,0.9546642959818108,-0.3890960459387819,0.1776284524428356,0.9296590578079498,0.26169227279954765,0.23714234941898282,True,False,False,0.4209029696131773,1.1840069016026749,1.2088279791631877,-0.23400735413631962
confirmation,29,0,fixed_vertical_collision_repair,1.174840246229926,-0.15195370833452448,0.9546642959818108,-0.3890960459387819,0.1776284524428356,0.9090695225428851,0.23714233760425724,0.2371423376042574,False,True,True,0.3875699165832714,,,
confirmation,29,0,anchor_frozen_corridor_projection,1.174840246229926,-0.15195370833452448,0.9546642959818108,-0.3890960459387819,0.1776284524428356,0.9296590578026006,0.26169227279249746,0.30600341716988966,False,True,True,0.2791764250612759,,,
confirmation,29,0,fixed_uniform_conditioned_coarse4,1.174840246229926,-0.15195370833452448,0.9546642959818108,-0.3890960459387819,0.1776284524428356,0.7045347612749281,0.09547318589932095,0.237142344634242,False,True,True,0.0687696973360468,0.5930693381563306,1.174840246229926,-0.018732369002397775
confirmation,29,0,anchor_frozen_conditioned_coarse4,1.174840246229926,-0.15195370833452448,0.9546642959818108,-0.3890960459387819,0.1776284524428356,0.9296590578079498,0.26169227279954765,0.30600346002626055,False,True,True,0.2791764233684162,0.8400876896714513,1.174840246229926,-0.018732369002397775
confirmation,29,0,anchor_frozen_conditioned_refined8,1.174840246229926,-0.15195370833452448,0.9546642959818108,-0.3890960459387819,0.1776284524428356,0.92965905780795,0.261692272799548,0.39230131196020435,False,True,True,0.18703399452535152,0.48945741457546454,1.174840246229926,-0.2851750476666512
confirmation,29,0,convex_box_conditioned_control,1.174840246229926,-0.15195370833452448,0.9546642959818108,-0.3890960459387819,0.1776284524428356,0.9090695225498562,0.23714233761182446,0.237142344634242,False,True,True,0.3875699141723602,0.9999999998862842,1.174840246229926,-0.018732369002397775
confirmation,29,1,moving_conditioned_gaussian,2.0,-0.11517057551221949,1.9033490083560074,-0.34962126272370053,0.15544687474715096,0.9691183205186907,0.2903733255982741,0.23445068722969825,True,False,False,0.30182468580847255,1.140546199591075,2.082438154435975,-0.19760872994819426
confirmation,29,1,fixed_vertical_collision_repair,2.0,-0.11517057551221949,1.9033490083560074,-0.34962126272370053,0.15544687474715096,0.934253026035939,0.23445068721148105,0.23445068721148105,False,True,True,0.33044813633393727,,,
confirmation,29,1,anchor_frozen_corridor_projection,2.0,-0.11517057551221949,1.9033490083560074,-0.34962126272370053,0.15544687474715096,0.9691183205186904,0.2903733255982734,,False,True,True,0.11842616286824459,,,
confirmation,29,1,fixed_uniform_conditioned_coarse4,2.0,-0.11517057551221949,1.9033490083560074,-0.34962126272370053,0.15544687474715096,0.7171265130179699,0.08927723789708629,0.23445068722346912,False,True,True,0.05013136090530679,0.6458311122484932,2.0,0.0014145805481437373
confirmation,29,1,anchor_frozen_conditioned_coarse4,2.0,-0.11517057551221949,1.9033490083560074,-0.34962126272370053,0.15544687474715096,0.9691183205186907,0.2903733255982741,,False,True,True,0.11842616286797125,0.7139341763492628,2.0,0.0014145805481437373
confirmation,29,1,anchor_frozen_conditioned_refined8,2.0,-0.11517057551221949,1.9033490083560074,-0.34962126272370053,0.15544687474715096,0.9691183205186908,0.29037332559827433,,False,True,True,0.0770202452596328,0.4777839720336707,2.0,0.0014145805481437373
confirmation,29,1,convex_box_conditioned_control,2.0,-0.11517057551221949,1.9033490083560074,-0.34962126272370053,0.15544687474715096,0.9342530260359398,0.23445068721148213,0.23445068722346912,False,True,True,0.33044813633314996,1.0000000000001537,2.0,-0.1540322941990072
confirmation,29,2,moving_conditioned_gaussian,3.0,-0.07838744268991447,2.9963822278016905,-0.462765390145628,0.22310649889170434,0.9698317046559222,0.41906672321616545,0.38439147621050596,True,False,False,0.2479073776109921,0.9706970453882803,3.0,-0.24571731685869275
confirmation,29,2,fixed_vertical_collision_repair,3.0,-0.07838744268991447,2.9963822278016905,-0.462765390145628,0.22310649889170434,0.9575417334132819,0.3843779474557138,0.3843779474557135,False,True,True,0.2622934195788181,,,
confirmation,29,2,anchor_frozen_corridor_projection,3.0,-0.07838744268991447,2.9963822278016905,-0.462765390145628,0.22310649889170434,0.9698317006176477,0.4190667100361185,0.508557044948743,False,True,True,0.17655094711905206,,,
confirmation,29,2,fixed_uniform_conditioned_coarse4,3.0,-0.07838744268991447,2.9963822278016905,-0.462765390145628,0.22310649889170434,0.7287708695801649,0.135894133720474,0.3843877177301787,False,True,True,0.031293571597969416,0.635568016368777,3.0,0.08894243147886378
confirmation,29,2,anchor_frozen_conditioned_coarse4,3.0,-0.07838744268991447,2.9963822278016905,-0.462765390145628,0.22310649889170434,0.9698317046559225,0.4190667232161665,0.5086161395234582,False,True,True,0.176550317413258,0.8464828988809132,3.0,0.08894243147886378
confirmation,29,2,anchor_frozen_conditioned_refined8,3.0,-0.07838744268991447,2.9963822278016905,-0.462765390145628,0.22310649889170434,0.9698317046559222,0.41906672321616545,,False,True,True,0.09198758540744117,0.40507301054153744,3.0,0.08894243147886378
confirmation,29,2,convex_box_conditioned_control,3.0,-0.07838744268991447,2.9963822278016905,-0.462765390145628,0.22310649889170434,0.9575417391603297,0.38437796163265137,0.3843877177301787,False,True,True,0.2622924675268224,0.9999999006799195,3.0,0.08894243147886378
confirmation,29,3,moving_conditioned_gaussian,3.942580456902998,-0.04160430986760946,4.111898196364198,0.15461870296197822,0.2259993093090727,0.1638293469476753,0.22121732318082,0.1962230360068043,True,False,False,0.6417739233670778,1.1767171817363826,3.942580456902998,0.12789517211419507
confirmation,29,3,fixed_vertical_collision_repair,3.942580456902998,-0.04160430986760946,4.111898196364198,0.15461870296197822,0.2259993093090727,0.19262981845123706,0.19622301282958768,0.19622301282958768,False,True,True,0.531724072088896,,,
confirmation,29,3,anchor_frozen_corridor_projection,3.942580456902998,-0.04160430986760946,4.111898196364198,0.15461870296197822,0.2259993093090727,0.16382934663766385,0.22121732346437006,0.2576420092891215,False,True,True,0.3829003645956676,,,
confirmation,29,3,fixed_uniform_conditioned_coarse4,3.942580456902998,-0.04160430986760946,4.111898196364198,0.15461870296197822,0.2259993093090727,0.34631490941672716,0.0893349790182799,0.19622303021369034,False,True,True,0.12317763445775716,0.6018541465156446,3.942580456902998,-0.211103791849414
confirmation,29,3,anchor_frozen_conditioned_coarse4,3.942580456902998,-0.04160430986760946,4.111898196364198,0.15461870296197822,0.2259993093090727,0.1638293469476753,0.22121732318082,0.25764206972254106,False,True,True,0.3829003179971694,0.8692237275944625,3.942580456902998,-0.211103791849414
confirmation,29,3,anchor_frozen_conditioned_refined8,3.942580456902998,-0.04160430986760946,4.111898196364198,0.15461870296197822,0.2259993093090727,0.16382934694767526,0.22121732318082,,False,True,True,0.0450082172697277,0.3738754010732894,3.942580456902998,-0.211103791849414
confirmation,29,3,convex_box_conditioned_control,3.942580456902998,-0.04160430986760946,4.111898196364198,0.15461870296197822,0.2259993093090727,0.1926298188334543,0.19622301251393892,0.1962230302136904,False,True,True,0.5317240051744645,0.9999998949741749,3.942580456902998,0.014895517459658711
confirmation,29,4,moving_conditioned_gaussian,5.0,-0.004821177045304451,4.975281648146026,0.404831395518355,0.1658433140244644,0.0030611550597756457,0.4546026897259181,0.4096525746951121,True,False,False,0.05138116572589922,0.9463033138307755,5.076609621715522,0.026911567277537282
confirmation,29,4,fixed_vertical_collision_repair,5.0,-0.004821177045304451,4.975281648146026,0.404831395518355,0.1658433140244644,0.006753422522371785,0.4096525725636596,0.40965257256365945,False,True,True,0.08591532986768928,,,
confirmation,29,4,anchor_frozen_corridor_projection,5.0,-0.004821177045304451,4.975281648146026,0.404831395518355,0.1658433140244644,0.0030611550597757203,0.4546026897259181,,False,True,True,0.03801174320346437,,,
confirmation,29,4,fixed_uniform_conditioned_coarse4,5.0,-0.004821177045304451,4.975281648146026,0.404831395518355,0.1658433140244644,0.2533767112611858,0.11010360775071154,0.40965257381488546,False,True,True,0.0029474083366392754,0.6814905909122561,5.0,-0.12920366256365273
confirmation,29,4,anchor_frozen_conditioned_coarse4,5.0,-0.004821177045304451,4.975281648146026,0.404831395518355,0.1658433140244644,0.0030611550597756517,0.4546026897259181,,False,True,True,0.03801174320338679,0.8259385521971447,5.0,-0.12920366256365273
confirmation,29,4,anchor_frozen_conditioned_refined8,5.0,-0.004821177045304451,4.975281648146026,0.404831395518355,0.1658433140244644,0.0030611550597756526,0.4546026897259181,,False,True,True,0.01787362133564459,0.542701035934528,5.0,-0.12920366256365273
confirmation,29,4,convex_box_conditioned_control,5.0,-0.004821177045304451,4.975281648146026,0.404831395518355,0.1658433140244644,0.006753422522371633,0.40965257256366056,0.4096525738148855,False,True,True,0.08591532986751363,1.0000000000009635,5.0,0.03663965146081165
confirmation,29,5,moving_conditioned_gaussian,6.120044460967331,0.03196195577700056,5.959107797869853,0.058129406042752185,0.1854262500727553,0.43757445724828753,0.029134492663257114,0.026167450266293434,True,False,False,0.7879490518710937,1.2400641738026912,6.120044460967331,0.07831851829518938
confirmation,29,5,fixed_vertical_collision_repair,6.120044460967331,0.03196195577700056,5.959107797869853,0.058129406042752185,0.1854262500727553,0.4438873635748693,0.02616745026575165,0.026167450265751617,False,True,True,0.6368469445856587,,,
confirmation,29,5,anchor_frozen_corridor_projection,6.120044460967331,0.03196195577700056,5.959107797869853,0.058129406042752185,0.1854262500727553,0.4375744572485714,0.02913449266312358,0.031457255997963285,False,True,True,0.5426874312115869,,,
confirmation,29,5,fixed_uniform_conditioned_coarse4,6.120044460967331,0.03196195577700056,5.959107797869853,0.058129406042752185,0.1854262500727553,0.47194368178728124,0.013051195469458498,0.026167450266124076,False,True,True,0.1583916761050597,0.5723972068112322,6.120044460967331,-0.10710773177756591
confirmation,29,5,anchor_frozen_conditioned_coarse4,6.120044460967331,0.03196195577700056,5.959107797869853,0.058129406042752185,0.1854262500727553,0.43757445724828764,0.029134492663257114,0.03145725599841044,False,True,True,0.5426874311975737,0.936445208808905,6.120044460967331,-0.10710773177756591
confirmation,29,5,anchor_frozen_conditioned_refined8,6.120044460967331,0.03196195577700056,5.959107797869853,0.058129406042752185,0.1854262500727553,0.43757445724828764,0.029134492663257114,0.15936661817329434,False,True,True,0.02924241554549659,0.3688438818629508,6.120044460967331,0.17103164333156703
confirmation,29,5,convex_box_conditioned_control,6.120044460967331,0.03196195577700056,5.959107797869853,0.058129406042752185,0.1854262500727553,0.4438873635745625,0.026167450265895655,0.026167450266124125,False,True,True,0.636846944445099,0.9999999999747398,6.120044460967331,-0.06075116925937708
confirmation,29,6,moving_conditioned_gaussian,7.0,0.06874508859930557,6.9285729562825855,-0.22574238077894893,0.17607471874323305,0.9804158663964178,0.36313909518878956,0.2944874694057977,True,False,False,0.2163181015118621,1.000855953044272,7.093377720714141,-0.0246326321148351
confirmation,29,6,fixed_vertical_collision_repair,7.0,0.06874508859930557,6.9285729562825855,-0.22574238077894893,0.17607471874323305,0.9527885160653352,0.29448746937825454,0.29448746937825454,False,True,True,0.2778365856248286,,,
confirmation,29,6,anchor_frozen_corridor_projection,7.0,0.06874508859930557,6.9285729562825855,-0.22574238077894893,0.17607471874323305,0.9804158663964205,0.36313909518879983,,False,True,True,0.08624249311361731,,,
confirmation,29,6,fixed_uniform_conditioned_coarse4,7.0,0.06874508859930557,6.9285729562825855,-0.22574238077894893,0.17607471874323305,0.7263942580326638,0.10598710209258225,0.29448746939715187,False,True,True,0.03523342424765786,0.66361239284426,7.0,0.20080112765673036
confirmation,29,6,anchor_frozen_conditioned_coarse4,7.0,0.06874508859930557,6.9285729562825855,-0.22574238077894893,0.17607471874323305,0.9804158663964179,0.36313909518879,,False,True,True,0.08624249311349742,0.7320453593076038,7.0,0.20080112765673036
confirmation,29,6,anchor_frozen_conditioned_refined8,7.0,0.06874508859930557,6.9285729562825855,-0.22574238077894893,0.17607471874323305,0.9804158663964178,0.36313909518878956,,False,True,True,0.018922585415751352,0.526827338462287,7.0,0.20080112765673036
confirmation,29,6,convex_box_conditioned_control,7.0,0.06874508859930557,6.9285729562825855,-0.22574238077894893,0.17607471874323305,0.9527885160653276,0.2944874693782408,0.29448746939715187,False,True,True,0.27783658562443403,0.9999999999970738,7.0,-0.06331095045811923
confirmation,30,0,moving_conditioned_gaussian,1.0,-0.23276445469552334,0.9058425215302638,0.4699522583450426,0.21045616289672925,0.00023327164668196127,0.7364418078409943,0.7027212893013169,True,False,False,0.006974880252923379,0.9842975178598324,1.0,-0.3906065768680703
confirmation,30,0,fixed_vertical_collision_repair,1.0,-0.23276445469552334,0.9058425215302638,0.4699522583450426,0.21045616289672925,0.0004203770415398718,0.7027167130405685,0.7027167130405659,False,True,True,0.012007155450045576,,,
confirmation,30,0,anchor_frozen_corridor_projection,1.0,-0.23276445469552334,0.9058425215302638,0.4699522583450426,0.21045616289672925,0.00023327163404271575,0.7364418108812352,0.9946163027037418,False,True,True,0.00651411431261022,,,
confirmation,30,0,fixed_uniform_conditioned_coarse4,1.0,-0.23276445469552334,0.9058425215302638,0.4699522583450426,0.21045616289672925,0.2502101885323637,0.14181135270929532,0.7027205305801527,False,True,True,4.552413690159085e-05,0.750933836312255,1.0,-0.3906065768680703
confirmation,30,0,anchor_frozen_conditioned_coarse4,1.0,-0.23276445469552334,0.9058425215302638,0.4699522583450426,0.21045616289672925,0.00023327164668196122,0.7364418078409943,0.9949145428604621,False,True,True,0.006514114198232749,0.9842326226454675,1.0,-0.3906065768680703
confirmation,30,0,anchor_frozen_conditioned_refined8,1.0,-0.23276445469552334,0.9058425215302638,0.4699522583450426,0.21045616289672925,0.0002332716466819614,0.7364418078409943,,False,True,True,0.0014674556313869853,0.7963464065994911,1.0,-0.3906065768680703
confirmation,30,0,convex_box_conditioned_control,1.0,-0.23276445469552334,0.9058425215302638,0.4699522583450426,0.21045616289672925,0.0004203770647274383,0.7027167098158721,0.7027205305801527,False,True,True,0.012007155238664205,0.9999993860688695,1.0,-0.07492233252297639
confirmation,30,1,moving_conditioned_gaussian,1.8657703743365983,-0.18629403868021333,2.012678248688244,-0.37101156197503005,0.17482051367464588,0.8773044107852352,0.20307443552517598,0.18471752666454638,True,False,False,0.5403698684198813,1.1655046080415108,1.8323199172261775,-0.26705058590377073
confirmation,30,1,fixed_vertical_collision_repair,1.8657703743365983,-0.18629403868021333,2.012678248688244,-0.37101156197503005,0.17482051367464588,0.8546557415234064,0.18471752329481675,0.18471752329481672,False,True,True,0.4772002223578355,,,
confirmation,30,1,anchor_frozen_corridor_projection,1.8657703743365983,-0.18629403868021333,2.012678248688244,-0.37101156197503005,0.17482051367464588,0.8773044107753054,0.20307443551663254,0.22920437174971975,False,True,True,0.3664952222726894,,,
confirmation,30,1,fixed_uniform_conditioned_coarse4,1.8657703743365983,-0.18629403868021333,2.012678248688244,-0.37101156197503005,0.17482051367464588,0.6773278707676917,0.08045932116316434,0.18471752564359367,False,True,True,0.10192015062968275,0.5939690895314409,1.8657703743365983,-0.055178653424228924
confirmation,30,1,anchor_frozen_conditioned_coarse4,1.8657703743365983,-0.18629403868021333,2.012678248688244,-0.37101156197503005,0.17482051367464588,0.8773044107852352,0.20307443552517598,0.2292043799037758,False,True,True,0.3664952194496201,0.8802963028927846,1.8657703743365983,-0.055178653424228924
confirmation,30,1,anchor_frozen_conditioned_refined8,1.8657703743365983,-0.18629403868021333,2.012678248688244,-0.37101156197503005,0.17482051367464588,0.8773044107852354,0.20307443552517607,0.2753727277279139,False,True,True,0.2605791064849463,0.5695314616077527,1.8657703743365983,-0.31740942393619775
confirmation,30,1,convex_box_conditioned_control,1.8657703743365983,-0.18629403868021333,2.012678248688244,-0.37101156197503005,0.17482051367464588,0.8546557415353836,0.1847175233039888,0.18471752564359373,False,True,True,0.4772002185805049,0.9999999997954361,1.8657703743365983,-0.055178653424228924
confirmation,30,2,moving_conditioned_gaussian,3.0,-0.1398236226649033,2.943279702838815,0.20358465398860492,0.2123963437024626,0.03323986067730856,0.3897845213469097,0.34340829019402996,True,False,False,0.2790237414002476,1.012499597912293,3.0609604213723904,0.0073478533802999735
confirmation,30,2,fixed_vertical_collision_repair,3.0,-0.1398236226649033,2.943279702838815,0.20358465398860492,0.2123963437024626,0.05295774692478004,0.34340827665350815,0.34340827665350826,False,True,True,0.29538629848866116,,,
confirmation,30,2,anchor_frozen_corridor_projection,3.0,-0.1398236226649033,2.943279702838815,0.20358465398860492,0.2123963437024626,0.03323986048088062,0.38978452191024066,0.5332639978245161,False,True,True,0.1688861846675165,,,
confirmation,30,2,fixed_uniform_conditioned_coarse4,3.0,-0.1398236226649033,2.943279702838815,0.20358465398860492,0.2123963437024626,0.27647887362259005,0.1260219410000111,0.34340828564636783,False,True,True,0.039940808818847866,0.633047947056303,3.0,-0.2991208804417502
confirmation,30,2,anchor_frozen_conditioned_coarse4,3.0,-0.1398236226649033,2.943279702838815,0.20358465398860492,0.2123963437024626,0.03323986067730857,0.3897845213469097,0.533264490156453,False,True,True,0.1688861834612664,0.7946213890855528,3.0,-0.2991208804417502
confirmation,30,2,anchor_frozen_conditioned_refined8,3.0,-0.1398236226649033,2.943279702838815,0.20358465398860492,0.2123963437024626,0.03323986067730858,0.3897845213469097,,False,True,True,0.021879389680014107,0.48988853178205066,3.0,-0.2991208804417502
confirmation,30,2,convex_box_conditioned_control,3.0,-0.1398236226649033,2.943279702838815,0.20358465398860492,0.2123963437024626,0.05295774724518011,0.34340827602315926,0.34340828564636783,False,True,True,0.2953862963851163,0.9999999258164488,3.0,0.019473635111943638
confirmation,30,3,moving_conditioned_gaussian,4.159394787886723,-0.09335320664959329,3.9904323344484087,-0.27811104844200696,0.1795306981057467,0.8806956198936922,0.21157177846262357,0.18475784214740043,True,False,False,0.5762868411238969,1.1580799466154936,4.2109223557112285,-0.21775175972761493
confirmation,30,3,fixed_vertical_collision_repair,4.159394787886723,-0.09335320664959329,3.9904323344484087,-0.27811104844200696,0.1795306981057467,0.8482873214093478,0.18475784179241364,0.18475784179241367,False,True,True,0.48557872138767344,,,
confirmation,30,3,anchor_frozen_corridor_projection,4.159394787886723,-0.09335320664959329,3.9904323344484087,-0.27811104844200696,0.1795306981057467,0.8806956198928844,0.21157177846189557,0.2611199598684409,False,True,True,0.3163539683340072,,,
confirmation,30,3,fixed_uniform_conditioned_coarse4,4.159394787886723,-0.09335320664959329,3.9904323344484087,-0.27811104844200696,0.1795306981057467,0.6741436607052183,0.08103731810963949,0.18475784205850876,False,True,True,0.10517477574280099,0.6138906129601241,4.159394787886723,0.04129481692971673
confirmation,30,3,anchor_frozen_conditioned_coarse4,4.159394787886723,-0.09335320664959329,3.9904323344484087,-0.27811104844200696,0.1795306981057467,0.8806956198936923,0.21157177846262357,0.26111996229385726,False,True,True,0.31635396805632404,0.835146644418709,4.159394787886723,0.04129481692971673
confirmation,30,3,anchor_frozen_conditioned_refined8,4.159394787886723,-0.09335320664959329,3.9904323344484087,-0.27811104844200696,0.1795306981057467,0.880695619893692,0.21157177846262346,0.4818606450383109,False,True,True,0.14638155994132745,0.41221309590605804,4.159394787886723,-0.2280012302289033
confirmation,30,3,convex_box_conditioned_control,4.159394787886723,-0.09335320664959329,3.9904323344484087,-0.27811104844200696,0.1795306981057467,0.8482873214104364,0.18475784179324553,0.1847578420585087,False,True,True,0.48557872094562626,0.9999999999794014,4.159394787886723,0.04129481692971673
confirmation,30,4,moving_conditioned_gaussian,5.23427534945042,-0.04688279063428327,5.070473163849336,-0.28718121492319904,0.15059181159465376,0.9544194618446744,0.25439543690443334,0.24029842428921425,True,False,False,0.31793160455837616,1.1922765631988477,5.2486825972872,-0.0816649637583074
confirmation,30,4,fixed_vertical_collision_repair,5.23427534945042,-0.04688279063428327,5.070473163849336,-0.28718121492319904,0.15059181159465376,0.9447214163369521,0.24029842428891585,0.24029842428891576,False,True,True,0.3021317855542841,,,
confirmation,30,4,anchor_frozen_corridor_projection,5.23427534945042,-0.04688279063428327,5.070473163849336,-0.28718121492319904,0.15059181159465376,0.9544194618446747,0.2543954369044338,0.2810819248547781,False,True,True,0.24173369009530576,,,
confirmation,30,4,fixed_uniform_conditioned_coarse4,5.23427534945042,-0.04688279063428327,5.070473163849336,-0.28718121492319904,0.15059181159465376,0.722360708168476,0.08882941775171632,0.24029842428907564,False,True,True,0.04182143434564819,0.5772081682843592,5.23427534945042,0.06606106806170706
confirmation,30,4,anchor_frozen_conditioned_coarse4,5.23427534945042,-0.04688279063428327,5.070473163849336,-0.28718121492319904,0.15059181159465376,0.9544194618446749,0.25439543690443395,0.28108192485566086,False,True,True,0.24173369009530354,0.870784857596689,5.23427534945042,0.06606106806170706
confirmation,30,4,anchor_frozen_conditioned_refined8,5.23427534945042,-0.04688279063428327,5.070473163849336,-0.28718121492319904,0.15059181159465376,0.9544194618446747,0.2543954369044338,0.5355997410305648,False,True,True,0.11656508303446089,0.3741829112451479,5.23427534945042,-0.1598266493302736
confirmation,30,4,convex_box_conditioned_control,5.23427534945042,-0.04688279063428327,5.070473163849336,-0.28718121492319904,0.15059181159465376,0.9447214163369521,0.24029842428891585,0.24029842428907558,False,True,True,0.3021317855542809,1.0000000000013318,5.23427534945042,-0.0845307435329467
confirmation,30,5,moving_conditioned_gaussian,6.0,-0.00041237461897325467,5.956206430214211,0.2934592551336711,0.199583501164632,0.03242927148614754,0.36847742380509685,0.2938716505983623,True,False,False,0.31844732119728575,0.9580631528454187,6.105845135314849,0.10543276069587511
confirmation,30,5,fixed_vertical_collision_repair,6.0,-0.00041237461897325467,5.956206430214211,0.2934592551336711,0.199583501164632,0.07045314543778593,0.29387162975264436,0.29387162975264436,False,True,True,0.342188252271618,,,
confirmation,30,5,anchor_frozen_corridor_projection,6.0,-0.00041237461897325467,5.956206430214211,0.2934592551336711,0.199583501164632,0.032429271488271474,0.36847742379925535,,False,True,True,0.10375065877096698,,,
confirmation,30,5,fixed_uniform_conditioned_coarse4,6.0,-0.00041237461897325467,5.956206430214211,0.2934592551336711,0.199583501164632,0.2852265727160593,0.11324053592290466,0.2938716447420555,False,True,True,0.05376584799281614,0.6569934345041306,6.0,-0.15010000049244726
confirmation,30,5,anchor_frozen_conditioned_coarse4,6.0,-0.00041237461897325467,5.956206430214211,0.2934592551336711,0.199583501164632,0.03242927148614749,0.36847742380509685,,False,True,True,0.10375065812090009,0.7144165018350592,6.0,-0.15010000049244726
confirmation,30,5,anchor_frozen_conditioned_refined8,6.0,-0.00041237461897325467,5.956206430214211,0.2934592551336711,0.199583501164632,0.032429271486147486,0.36847742380509685,,False,True,True,0.03373557562358448,0.4778472886470068,6.0,-0.15010000049244726
confirmation,30,5,convex_box_conditioned_control,6.0,-0.00041237461897325467,5.956206430214211,0.2934592551336711,0.199583501164632,0.0704531454321186,0.293871629761027,0.2938716447420555,False,True,True,0.3421882500764205,0.9999999992261349,6.0,0.049483500672184745
confirmation,30,6,moving_conditioned_gaussian,7.0,0.046058041396336756,6.914790163648841,0.33319360109972807,0.1708231324743532,0.02018680218998048,0.3501713645738989,0.2871355601493363,True,False,False,0.2186148020353363,1.0590602746193964,7.090592646517107,0.13665068791344406
confirmation,30,6,fixed_vertical_collision_repair,7.0,0.046058041396336756,6.914790163648841,0.33319360109972807,0.1708231324743532,0.046391763457884504,0.2871355597033913,0.28713555970339133,False,True,True,0.2752265318842578,,,
confirmation,30,6,anchor_frozen_corridor_projection,7.0,0.046058041396336756,6.914790163648841,0.33319360109972807,0.1708231324743532,0.020186802189984848,0.35017136457388387,,False,True,True,0.09829423289362141,,,
confirmation,30,6,fixed_uniform_conditioned_coarse4,7.0,0.046058041396336756,6.914790163648841,0.33319360109972807,0.1708231324743532,0.2731958817289368,0.10303637481470143,0.28713555998626455,False,True,True,0.03455661622128618,0.6522337149509869,7.0,-0.08205930795942815
confirmation,30,6,anchor_frozen_conditioned_coarse4,7.0,0.046058041396336756,6.914790163648841,0.33319360109972807,0.1708231324743532,0.020186802189980476,0.3501713645738989,,False,True,True,0.09829423289097765,0.7253435591375642,7.0,-0.08205930795942815
confirmation,30,6,anchor_frozen_conditioned_refined8,7.0,0.046058041396336756,6.914790163648841,0.33319360109972807,0.1708231324743532,0.020186802189980473,0.3501713645738989,,False,True,True,0.04735900053886699,0.47132010154746456,7.0,-0.08205930795942815
confirmation,30,6,convex_box_conditioned_control,7.0,0.046058041396336756,6.914790163648841,0.33319360109972807,0.1708231324743532,0.046391763457873596,0.2871355597034106,0.2871355599862645,False,True,True,0.2752265318766591,1.0000000000017157,7.0,0.003352258277748453
confirmation,31,0,moving_conditioned_gaussian,0.8157028471383103,0.06302797760297962,1.0291462726739815,0.10664115381243812,0.20743058375873327,0.39837745013515,0.05342356463643371,0.04361317655792514,True,False,False,0.9479609892639059,1.3885304158274154,0.8157028471383103,0.16674326948234625
confirmation,31,0,fixed_vertical_collision_repair,0.8157028471383103,0.06302797760297962,1.0291462726739815,0.10664115381243812,0.20743058375873327,0.41673459309142485,0.04361317620945854,0.04361317620945851,False,True,True,0.6361975933713941,,,
confirmation,31,0,anchor_frozen_corridor_projection,0.8157028471383103,0.06302797760297962,1.0291462726739815,0.10664115381243812,0.20743058375873327,0.39837745025713067,0.053423564570870934,0.0688966480012819,False,True,True,0.3783527569690462,,,
confirmation,31,0,fixed_uniform_conditioned_coarse4,0.8157028471383103,0.06302797760297962,1.0291462726739815,0.10664115381243812,0.20743058375873327,0.45836729646662766,0.021686422747839402,0.04361317647515649,False,True,True,0.15732093292779628,0.5978778079889528,0.8157028471383103,-0.09254496021607034
confirmation,31,0,anchor_frozen_conditioned_coarse4,0.8157028471383103,0.06302797760297962,1.0291462726739815,0.10664115381243812,0.20743058375873327,0.3983774501351502,0.053423564636433586,0.06889664850967395,False,True,True,0.3783527534063063,0.8198101461279668,0.8157028471383103,-0.09254496021607034
confirmation,31,0,anchor_frozen_conditioned_refined8,0.8157028471383103,0.06302797760297962,1.0291462726739815,0.10664115381243812,0.20743058375873327,0.39837745013515014,0.053423564636433656,0.2302556760320988,False,True,True,0.045452598639574515,0.35923696138351696,0.8157028471383103,0.21860091542202958
confirmation,31,0,convex_box_conditioned_control,0.8157028471383103,0.06302797760297962,1.0291462726739815,0.10664115381243812,0.20743058375873327,0.4167345929332553,0.043613176293537004,0.04361317647515646,False,True,True,0.6361975582991145,0.9999999942027391,0.8157028471383103,-0.04068731427638701
confirmation,31,1,moving_conditioned_gaussian,1.7777007130003415,0.02873463902620433,1.9558323280676841,-0.28346955577990773,0.16970100292541143,0.9763895844491072,0.33674009927943943,0.3122041948698939,True,False,False,0.22474291772616775,1.127636847595167,1.7289943912938706,-0.08885282341086484
confirmation,31,1,fixed_vertical_collision_repair,1.7777007130003415,0.02873463902620433,1.9558323280676841,-0.28346955577990773,0.16970100292541143,0.9670961295850886,0.31220419480611195,0.31220419480611206,False,True,True,0.2275905949583078,,,
confirmation,31,1,anchor_frozen_corridor_projection,1.7777007130003415,0.02873463902620433,1.9558323280676841,-0.28346955577990773,0.16970100292541143,0.9763895844491071,0.33674009927943904,0.400006658493409,False,True,True,0.15826344491980138,,,
confirmation,31,1,fixed_uniform_conditioned_coarse4,1.7777007130003415,0.02873463902620433,1.9558323280676841,-0.28346955577990773,0.16970100292541143,0.7335480647925443,0.10582204244054373,0.31220419484103085,False,True,True,0.023304676633183204,0.6000819641344637,1.7777007130003415,0.1560103912202629
confirmation,31,1,anchor_frozen_conditioned_coarse4,1.7777007130003415,0.02873463902620433,1.9558323280676841,-0.28346955577990773,0.16970100292541143,0.9763895844491072,0.33674009927943943,0.4000066590855361,False,True,True,0.15826344491964986,0.8179104956991136,1.7777007130003415,0.1560103912202629
confirmation,31,1,anchor_frozen_conditioned_refined8,1.7777007130003415,0.02873463902620433,1.9558323280676841,-0.28346955577990773,0.16970100292541143,0.9763895844491072,0.33674009927943943,,False,True,True,0.05242664764498691,0.3785988062695022,1.7777007130003415,0.1560103912202629
confirmation,31,1,convex_box_conditioned_control,1.7777007130003415,0.02873463902620433,1.9558323280676841,-0.28346955577990773,0.16970100292541143,0.9670961295850887,0.3122041948061123,0.31220419484103085,False,True,True,0.22759059495808515,0.9999999999998349,1.7777007130003415,-0.056115862436501386
confirmation,31,2,moving_conditioned_gaussian,3.0,-0.005558699550570964,3.007279899643722,0.43097055404033335,0.2182221838537358,0.009597261489874989,0.5110177408275226,0.4365359114770093,True,False,False,0.12637464981409405,0.8517569242590969,2.8842702104937645,0.11017108995566462
confirmation,31,2,fixed_vertical_collision_repair,3.0,-0.005558699550570964,3.007279899643722,0.43097055404033335,0.2182221838537358,0.022729138260028123,0.43652925359090444,0.43652925359090344,False,True,True,0.18370081501942587,,,
confirmation,31,2,anchor_frozen_corridor_projection,3.0,-0.005558699550570964,3.007279899643722,0.43097055404033335,0.2182221838537358,0.009597261592726412,0.5110177399546094,,False,True,True,0.07253708139960466,,,
confirmation,31,2,fixed_uniform_conditioned_coarse4,3.0,-0.005558699550570964,3.007279899643722,0.43097055404033335,0.2182221838537358,0.26136456900617133,0.13947543985775623,0.4365327238637811,False,True,True,0.014860422153556208,0.6472564276196056,3.0,-0.16922533744087281
confirmation,31,2,anchor_frozen_conditioned_coarse4,3.0,-0.005558699550570964,3.007279899643722,0.43097055404033335,0.2182221838537358,0.009597261489875003,0.5110177408275216,,False,True,True,0.07253705652069466,0.7301917552614001,3.0,-0.16922533744087281
confirmation,31,2,anchor_frozen_conditioned_refined8,3.0,-0.005558699550570964,3.007279899643722,0.43097055404033335,0.2182221838537358,0.009597261489874997,0.5110177408275226,,False,True,True,0.03001207740968816,0.4688262645190229,3.0,-0.16922533744087281
confirmation,31,2,convex_box_conditioned_control,3.0,-0.005558699550570964,3.007279899643722,0.43097055404033335,0.2182221838537358,0.022729138012342658,0.43652925459278547,0.4365327238637811,False,True,True,0.18370075070790992,0.9999999727894032,3.0,0.048996846412862984
confirmation,31,3,moving_conditioned_gaussian,3.8582024124244545,-0.039852038127346265,4.022316321947491,0.15876798583255058,0.15313383617171586,0.0872583326176029,0.2079301838152,0.19862002395989808,True,False,False,0.42553844608117625,1.2181033889390382,3.887503303443167,-0.11059064661433866
confirmation,31,3,fixed_vertical_collision_repair,3.8582024124244545,-0.039852038127346265,4.022316321947491,0.15876798583255058,0.15313383617171586,0.09730948374516663,0.19862002395989684,0.19862002395989686,False,True,True,0.40011867246149624,,,
confirmation,31,3,anchor_frozen_corridor_projection,3.8582024124244545,-0.039852038127346265,4.022316321947491,0.15876798583255058,0.15313383617171586,0.08725833261760294,0.20793018381519995,0.22100508730521845,False,True,True,0.34790848692475923,,,
confirmation,31,3,fixed_uniform_conditioned_coarse4,3.8582024124244545,-0.039852038127346265,4.022316321947491,0.15876798583255058,0.15313383617171586,0.29865474187258334,0.08089655597324126,0.19862002395989753,False,True,True,0.07316293400166662,0.5690135706234393,3.8582024124244545,-0.15470241525613315
confirmation,31,3,anchor_frozen_conditioned_coarse4,3.8582024124244545,-0.039852038127346265,4.022316321947491,0.15876798583255058,0.15313383617171586,0.08725833261760298,0.20793018381519995,0.2210050873052204,False,True,True,0.3479084869247587,0.9193695354633095,3.8582024124244545,-0.15470241525613315
confirmation,31,3,anchor_frozen_conditioned_refined8,3.8582024124244545,-0.039852038127346265,4.022316321947491,0.15876798583255058,0.15313383617171586,0.08725833261760296,0.20793018381519995,,False,True,True,0.0652780000083229,0.383816266787908,3.8582024124244545,-0.15470241525613315
confirmation,31,3,convex_box_conditioned_control,3.8582024124244545,-0.039852038127346265,4.022316321947491,0.15876798583255058,0.15313383617171586,0.09730948374516668,0.19862002395989684,0.19862002395989753,False,True,True,0.4001186724614963,1.0000000000005334,3.8582024124244545,-0.07813549717027524
confirmation,31,4,moving_conditioned_gaussian,5.0,-0.07414537670412155,5.008830556540499,0.3207233201466677,0.18279357493394918,0.008922351722788257,0.43300595674951775,0.39486869967362537,True,False,False,0.10843655462041227,0.8999799702339597,4.903059067705155,0.022795555590723535
confirmation,31,4,fixed_vertical_collision_repair,5.0,-0.07414537670412155,5.008830556540499,0.3207233201466677,0.18279357493394918,0.015379014964600894,0.3948686968507892,0.3948686968507893,False,True,True,0.14511723520492262,,,
confirmation,31,4,anchor_frozen_corridor_projection,5.0,-0.07414537670412155,5.008830556540499,0.3207233201466677,0.18279357493394918,0.008922351722777142,0.43300595674960185,0.6062408360420893,False,True,True,0.080392475843032,,,
confirmation,31,4,fixed_uniform_conditioned_coarse4,5.0,-0.07414537670412155,5.008830556540499,0.3207233201466677,0.18279357493394918,0.2576895074823102,0.11890447090443877,0.3948686989053467,False,True,True,0.009016583771969988,0.6793791224081395,5.0,-0.21124055790458343
confirmation,31,4,anchor_frozen_conditioned_coarse4,5.0,-0.07414537670412155,5.008830556540499,0.3207233201466677,0.18279357493394918,0.00892235172278825,0.43300595674951775,0.6062412599093702,False,True,True,0.08039247584146755,0.8559415516710672,5.0,-0.21124055790458343
confirmation,31,4,anchor_frozen_conditioned_refined8,5.0,-0.07414537670412155,5.008830556540499,0.3207233201466677,0.18279357493394918,0.008922351722788253,0.43300595674951775,,False,True,True,0.023880903649526896,0.5324208879514813,5.0,-0.21124055790458343
confirmation,31,4,convex_box_conditioned_control,5.0,-0.07414537670412155,5.008830556540499,0.3207233201466677,0.18279357493394918,0.015379014964620363,0.3948686968506974,0.3948686989053467,False,True,True,0.14511723520207193,0.9999999999738658,5.0,0.06294980449634033
confirmation,31,5,moving_conditioned_gaussian,6.192471434233989,-0.10843871528089685,5.988592103087421,-0.149865504711712,0.22633359049826457,0.588556205897369,0.05066082850377005,0.04142681127416767,True,False,False,0.9461109083631323,1.395779305100581,6.192471434233989,-0.16502211290546298
confirmation,31,5,fixed_vertical_collision_repair,6.192471434233989,-0.10843871528089685,5.988592103087421,-0.149865504711712,0.22633359049826457,0.5726144109704994,0.04142678943081514,0.04142678943081515,False,True,True,0.6367136259577616,,,
confirmation,31,5,anchor_frozen_corridor_projection,6.192471434233989,-0.10843871528089685,5.988592103087421,-0.149865504711712,0.22633359049826457,0.5885561966123802,0.050660823102453546,0.06399330240188406,False,True,True,0.394971592551893,,,
confirmation,31,5,fixed_uniform_conditioned_coarse4,6.192471434233989,-0.10843871528089685,5.988592103087421,-0.149865504711712,0.22633359049826457,0.5363072113738068,0.020626839167596465,0.04142680562699444,False,True,True,0.15789245509131108,0.5938721158811098,6.192471434233989,0.06131147759280156
confirmation,31,5,anchor_frozen_conditioned_coarse4,6.192471434233989,-0.10843871528089685,5.988592103087421,-0.149865504711712,0.22633359049826457,0.5885562058973689,0.05066082850376999,0.06399332815894801,False,True,True,0.39497137904443863,0.8309977035062432,6.192471434233989,0.06131147759280156
confirmation,31,5,anchor_frozen_conditioned_refined8,6.192471434233989,-0.10843871528089685,5.988592103087421,-0.149865504711712,0.22633359049826457,0.588556205897369,0.05066082850377005,0.15552444554120096,False,True,True,0.07478535320935253,0.3937065168500228,6.192471434233989,-0.2781889081545953
confirmation,31,5,convex_box_conditioned_control,6.192471434233989,-0.10843871528089685,5.988592103087421,-0.149865504711712,0.22633359049826457,0.5726144227476135,0.04142679622523838,0.04142680562699447,False,True,True,0.636712115469691,0.9999997406812715,6.192471434233989,0.06131147759280156
confirmation,31,6,moving_conditioned_gaussian,7.0,-0.14273205385767215,7.115835534398398,0.26726473031556686,0.1581512943501246,0.002977877064578224,0.4349488722809119,0.40999678417452734,True,False,False,0.05449679285060026,1.0601064068418842,6.916127610483698,-0.058859664341370035
confirmation,31,6,fixed_vertical_collision_repair,7.0,-0.14273205385767215,7.115835534398398,0.26726473031556686,0.1581512943501246,0.004764973987141632,0.4099967841732395,0.40999678417323904,False,True,True,0.06813156430707473,,,
confirmation,31,6,anchor_frozen_corridor_projection,7.0,-0.14273205385767215,7.115835534398398,0.26726473031556686,0.1581512943501246,0.002977877064578188,0.4349488722809119,0.5432417114222973,False,True,True,0.04222804563092481,,,
confirmation,31,6,fixed_uniform_conditioned_coarse4,7.0,-0.14273205385767215,7.115835534398398,0.26726473031556686,0.1581512943501246,0.25238248699357085,0.10548868596711848,0.40999678417399066,False,True,True,0.0017960502883310253,0.6463346801171748,7.0,-0.2613455246202656
confirmation,31,6,anchor_frozen_conditioned_coarse4,7.0,-0.14273205385767215,7.115835534398398,0.26726473031556686,0.1581512943501246,0.0029778770645782237,0.4349488722809119,0.5432417115312071,False,True,True,0.0422280456309247,0.8319269125085513,7.0,-0.2613455246202656
confirmation,31,6,anchor_frozen_conditioned_refined8,7.0,-0.14273205385767215,7.115835534398398,0.26726473031556686,0.1581512943501246,0.0029778770645782237,0.4349488722809119,,False,True,True,0.008652894733213035,0.5719851998146072,7.0,-0.2613455246202656
confirmation,31,6,convex_box_conditioned_control,7.0,-0.14273205385767215,7.115835534398398,0.26726473031556686,0.1581512943501246,0.004764973987141688,0.4099967841732382,0.40999678417399066,False,True,True,0.06813156430707454,0.9999999999991377,7.0,-0.024118583095078708
confirmation,32,0,moving_conditioned_gaussian,1.0,0.10550119933809916,1.0433153417784786,-0.2472789007864622,0.1749866937849777,0.9914045295500411,0.4169230017737409,0.3527801001719593,True,False,False,0.11056576543760296,0.9243719797385377,0.9191666875751195,0.07201894504017209
confirmation,32,0,fixed_vertical_collision_repair,1.0,0.10550119933809916,1.0433153417784786,-0.2472789007864622,0.1749866937849777,0.9781020812645014,0.3527801001245614,0.35278010012456135,False,True,True,0.17968903964610158,,,
confirmation,32,0,anchor_frozen_corridor_projection,1.0,0.10550119933809916,1.0433153417784786,-0.2472789007864622,0.1749866937849777,0.9914045295500458,0.416923001773776,,False,True,True,0.06033466411066647,,,
confirmation,32,0,fixed_uniform_conditioned_coarse4,1.0,0.10550119933809916,1.0433153417784786,-0.2472789007864622,0.1749866937849777,0.7390510406322444,0.11206542671777525,0.3527801001568352,False,True,True,0.01418338787198678,0.682890331888418,1.0,0.23674121967683243
confirmation,32,0,anchor_frozen_conditioned_coarse4,1.0,0.10550119933809916,1.0433153417784786,-0.2472789007864622,0.1749866937849777,0.9914045295500411,0.4169230017737409,,False,True,True,0.060334664110624145,0.7901475853357524,1.0,0.23674121967683243
confirmation,32,0,anchor_frozen_conditioned_refined8,1.0,0.10550119933809916,1.0433153417784786,-0.2472789007864622,0.1749866937849777,0.9914045295500411,0.4169230017737409,,False,True,True,0.012694443530809634,0.6040661959750198,1.0,0.23674121967683243
confirmation,32,0,convex_box_conditioned_control,1.0,0.10550119933809916,1.0433153417784786,-0.2472789007864622,0.1749866937849777,0.9781020812644888,0.35278010012451944,0.3527801001568353,False,True,True,0.17968903964597566,0.9999999999908934,1.0,-0.025738821000634113
confirmation,32,1,moving_conditioned_gaussian,2.0,0.04401141443089849,2.1114424349922523,0.3678495092286507,0.18854275844637253,0.023077061084601613,0.3759506931690448,0.32383812576718063,True,False,False,0.2212043373945557,0.9915030743216102,1.9000101027192147,0.1440013117116839
confirmation,32,1,fixed_vertical_collision_repair,2.0,0.04401141443089849,2.1114424349922523,0.3678495092286507,0.18854275844637253,0.042936226713760156,0.32383809479775216,0.32383809479775216,False,True,True,0.26390257926459215,,,
confirmation,32,1,anchor_frozen_corridor_projection,2.0,0.04401141443089849,2.1114424349922523,0.3678495092286507,0.18854275844637253,0.023077061085636973,0.3759506931654723,0.7677259878644923,False,True,True,0.12137715413110713,,,
confirmation,32,1,fixed_uniform_conditioned_coarse4,2.0,0.04401141443089849,2.1114424349922523,0.3678495092286507,0.18854275844637253,0.2714681133558513,0.11470542909166538,0.3238381172101355,False,True,True,0.03169140390413547,0.6617209703894166,2.0,-0.0973956544038809
confirmation,32,1,anchor_frozen_conditioned_coarse4,2.0,0.04401141443089849,2.1114424349922523,0.3678495092286507,0.18854275844637253,0.023077061084601603,0.3759506931690448,0.7678773765236405,False,True,True,0.12137715374709385,0.7902607162065688,2.0,-0.0973956544038809
confirmation,32,1,anchor_frozen_conditioned_refined8,2.0,0.04401141443089849,2.1114424349922523,0.3678495092286507,0.18854275844637253,0.023077061084601603,0.3759506931690448,,False,True,True,0.05725426854188222,0.47048228286206,2.0,-0.0973956544038809
confirmation,32,1,convex_box_conditioned_control,2.0,0.04401141443089849,2.1114424349922523,0.3678495092286507,0.18854275844637253,0.04293622671170258,0.3238380948020028,0.3238381172101355,False,True,True,0.26390257841199943,0.9999999999369941,2.0,-0.050259964792287774
confirmation,32,2,moving_conditioned_gaussian,3.0,-0.017478370476302192,2.9812692603622546,-0.39561627098792995,0.19819635012775771,0.9869269979125368,0.4407958709417321,0.37813817001098127,True,False,False,0.14951487597469185,0.8812509207287824,3.1051094873863203,-0.12258785786262277
confirmation,32,2,fixed_vertical_collision_repair,3.0,-0.017478370476302192,2.9812692603622546,-0.39561627098792995,0.19819635012775771,0.9717976301563475,0.37813790051162777,0.37813790051162777,False,True,True,0.20838679386082176,,,
confirmation,32,2,anchor_frozen_corridor_projection,3.0,-0.017478370476302192,2.9812692603622546,-0.39561627098792995,0.19819635012775771,0.9869269979087767,0.44079587091957734,,False,True,True,0.08527038189058439,,,
confirmation,32,2,fixed_uniform_conditioned_coarse4,3.0,-0.017478370476302192,2.9812692603622546,-0.39561627098792995,0.19819635012775771,0.7358988150824548,0.12501284212037875,0.37813808302116325,False,True,True,0.01937768579076317,0.6692378991082986,3.0,0.1311688921195161
confirmation,32,2,anchor_frozen_conditioned_coarse4,3.0,-0.017478370476302192,2.9812692603622546,-0.39561627098792995,0.19819635012775771,0.9869269979125368,0.4407958709417321,,False,True,True,0.08527038062721687,0.7844729597669484,3.0,0.1311688921195161
confirmation,32,2,anchor_frozen_conditioned_refined8,3.0,-0.017478370476302192,2.9812692603622546,-0.39561627098792995,0.19819635012775771,0.9869269979125367,0.44079587094173145,,False,True,True,0.03775688906437903,0.5052298197202049,3.0,0.1311688921195161
confirmation,32,2,convex_box_conditioned_control,3.0,-0.017478370476302192,2.9812692603622546,-0.39561627098792995,0.19819635012775771,0.9717976301649096,0.37813790053788193,0.3781380830211632,False,True,True,0.20838679071862456,0.9999999995066603,3.0,0.032070717055637236
confirmation,32,3,moving_conditioned_gaussian,4.0,-0.07896815538350288,3.99326314043544,-0.4763327718014978,0.1901484412216897,0.9888380891408133,0.4344535440317714,0.39736532210461956,True,False,False,0.12708392908968857,0.8937889493605301,4.100841439164931,-0.1798095945484342
confirmation,32,3,fixed_vertical_collision_repair,4.0,-0.07896815538350288,3.99326314043544,-0.4763327718014978,0.1901484412216897,0.9816803202365335,0.3973646164179948,0.3973646164179949,False,True,True,0.16146405604919473,,,
confirmation,32,3,anchor_frozen_corridor_projection,4.0,-0.07896815538350288,3.99326314043544,-0.4763327718014978,0.1901484412216897,0.9888380891339836,0.4344535439874953,0.5808996664033675,False,True,True,0.09398489793296956,,,
confirmation,32,3,fixed_uniform_conditioned_coarse4,4.0,-0.07896815538350288,3.99326314043544,-0.4763327718014978,0.1901484412216897,0.7408401601239564,0.12282405361346928,0.3973651329236809,False,True,True,0.01131019154778786,0.6721824535857155,4.0,0.06364317553276438
confirmation,32,3,anchor_frozen_conditioned_coarse4,4.0,-0.07896815538350288,3.99326314043544,-0.4763327718014978,0.1901484412216897,0.9888380891408133,0.4344535440317714,0.5809177088225451,False,True,True,0.0939848955678062,0.8540603866827454,4.0,0.06364317553276438
confirmation,32,3,anchor_frozen_conditioned_refined8,4.0,-0.07896815538350288,3.99326314043544,-0.4763327718014978,0.1901484412216897,0.9888380891408132,0.4344535440317706,,False,True,True,0.05583767399295249,0.48092013531738537,4.0,0.06364317553276438
confirmation,32,3,convex_box_conditioned_control,4.0,-0.07896815538350288,3.99326314043544,-0.4763327718014978,0.1901484412216897,0.9816803202479127,0.39736461646614507,0.3973651329236809,False,True,True,0.16146405193949243,0.9999999998069432,4.0,0.06364317553276438
confirmation,32,4,moving_conditioned_gaussian,5.20298060676958,-0.14045794029070355,4.990846952213116,0.029352523536060326,0.1574775382790402,0.12735591807706723,0.17936363816206422,0.16981046382676385,True,False,False,0.5115724630220744,1.2412501914339464,5.157782573117808,-0.24957564612540445
confirmation,32,4,fixed_vertical_collision_repair,5.20298060676958,-0.14045794029070355,4.990846952213116,0.029352523536060326,0.1574775382790402,0.14044650045293644,0.16981046382676382,0.16981046382676387,False,True,True,0.47050438256733607,,,
confirmation,32,4,anchor_frozen_corridor_projection,5.20298060676958,-0.14045794029070355,4.990846952213116,0.029352523536060326,0.1574775382790402,0.1273559180770662,0.179363638162065,0.19053909195217827,False,True,True,0.40929277534508435,,,
confirmation,32,4,fixed_uniform_conditioned_coarse4,5.20298060676958,-0.14045794029070355,4.990846952213116,0.029352523536060326,0.1574775382790402,0.3202232502264688,0.07355375942602327,0.16981046382676385,False,True,True,0.09933066146674434,0.563688945041364,5.20298060676958,-0.2585660939999837
confirmation,32,4,anchor_frozen_conditioned_coarse4,5.20298060676958,-0.14045794029070355,4.990846952213116,0.029352523536060326,0.1574775382790402,0.12735591807706723,0.17936363816206422,0.19053909195217827,False,True,True,0.40929277534507924,0.923785554014699,5.20298060676958,-0.2585660939999837
confirmation,32,4,anchor_frozen_conditioned_refined8,5.20298060676958,-0.14045794029070355,4.990846952213116,0.029352523536060326,0.1574775382790402,0.12735591807706717,0.17936363816206433,,False,True,True,0.003362045031135118,0.5440948742638209,5.20298060676958,-0.2585660939999837
confirmation,32,4,convex_box_conditioned_control,5.20298060676958,-0.14045794029070355,4.990846952213116,0.029352523536060326,0.1574775382790402,0.14044650045293755,0.169810463826763,0.16981046382676385,False,True,True,0.4705043825673315,1.0000000000002447,5.20298060676958,-0.1798273248604636
confirmation,32,5,moving_conditioned_gaussian,6.0,-0.20194772519790422,5.896601181574795,0.32244853551958286,0.166175550287992,0.0002855600949513248,0.5724699887888458,0.5243962608711961,True,False,False,0.008896785501137826,0.9365947469795872,6.088127893857034,-0.11381983134087027
confirmation,32,5,fixed_vertical_collision_repair,6.0,-0.20194772519790422,5.896601181574795,0.32244853551958286,0.166175550287992,0.0008006320586422888,0.5243962607174841,0.524396260717487,False,True,True,0.019367945790598706,,,
confirmation,32,5,anchor_frozen_corridor_projection,6.0,-0.20194772519790422,5.896601181574795,0.32244853551958286,0.166175550287992,0.00028556009495062687,0.5724699887889507,,False,True,True,0.006883056539955926,,,
confirmation,32,5,fixed_uniform_conditioned_coarse4,6.0,-0.20194772519790422,5.896601181574795,0.32244853551958286,0.166175550287992,0.2504003160293221,0.1118744561557837,0.524396260782763,False,True,True,0.0001243730695647708,0.6955920238112298,6.0,-0.3265793879138982
confirmation,32,5,anchor_frozen_conditioned_coarse4,6.0,-0.20194772519790422,5.896601181574795,0.32244853551958286,0.166175550287992,0.00028556009495132504,0.5724699887888458,,False,True,True,0.006883056539950294,0.8412864882247411,6.0,-0.3265793879138982
confirmation,32,5,anchor_frozen_conditioned_refined8,6.0,-0.20194772519790422,5.896601181574795,0.32244853551958286,0.166175550287992,0.000285560094951325,0.5724699887888458,,False,True,True,0.001283267528953979,0.7319094801366947,6.0,-0.3265793879138982
confirmation,32,5,convex_box_conditioned_control,6.0,-0.20194772519790422,5.896601181574795,0.32244853551958286,0.166175550287992,0.000800632058644247,0.5243962607173699,0.524396260782763,False,True,True,0.019367945790582455,0.9999999999625564,6.0,-0.07731606248191022
confirmation,32,6,moving_conditioned_gaussian,7.0,-0.2634375101051049,7.048050503502201,0.14160256966368856,0.16721833428382304,0.004096201202358096,0.44213123933556414,0.4050400797689127,True,False,False,0.07383418020541027,1.1230832984528432,6.911319086416892,-0.17475659652199724
confirmation,32,6,fixed_vertical_collision_repair,7.0,-0.2634375101051049,7.048050503502201,0.14160256966368856,0.16721833428382304,0.007712942532887624,0.4050400797687931,0.40504007976879347,False,True,True,0.09371575717558696,,,
confirmation,32,6,anchor_frozen_corridor_projection,7.0,-0.2634375101051049,7.048050503502201,0.14160256966368856,0.16721833428382304,0.004096201202191292,0.44213123933786835,0.6674934875124868,False,True,True,0.04902330041794869,,,
confirmation,32,6,fixed_uniform_conditioned_coarse4,7.0,-0.2634375101051049,7.048050503502201,0.14160256966368856,0.16721833428382304,0.2538564712666009,0.11076593647674478,0.4050400797688454,False,True,True,0.003548661542127395,0.6240145729046522,7.0,-0.38885126081797217
confirmation,32,6,anchor_frozen_conditioned_coarse4,7.0,-0.2634375101051049,7.048050503502201,0.14160256966368856,0.16721833428382304,0.004096201202358095,0.44213123933556414,0.6674934881573227,False,True,True,0.04902330041687793,0.7479239453264814,7.0,-0.38885126081797217
confirmation,32,6,anchor_frozen_conditioned_refined8,7.0,-0.2634375101051049,7.048050503502201,0.14160256966368856,0.16721833428382304,0.0040962012023580945,0.44213123933556414,,False,True,True,0.0026264271523304527,0.6454890997975931,7.0,-0.38885126081797217
confirmation,32,6,convex_box_conditioned_control,7.0,-0.2634375101051049,7.048050503502201,0.14160256966368856,0.16721833428382304,0.007712942533201795,0.40504007976631873,0.40504007976884543,False,True,True,0.0937157571735482,0.9999999994220631,7.0,-0.13802375939223763
confirmation,33,0,moving_conditioned_gaussian,1.0,-0.11811783992087593,1.0451245215561147,0.14405080526217307,0.16884603123653538,0.028096646693895652,0.32241716747574195,0.2621686451832061,True,False,False,0.28097230208301494,1.093701580399657,0.9104558697521576,-0.02857370967303359
confirmation,33,0,fixed_vertical_collision_repair,1.0,-0.11811783992087593,1.0451245215561147,0.14405080526217307,0.16884603123653538,0.060246411435736384,0.262168645183049,0.262168645183049,False,True,True,0.31597634012690906,,,
confirmation,33,0,anchor_frozen_corridor_projection,1.0,-0.11811783992087593,1.0451245215561147,0.14405080526217307,0.16884603123653538,0.028096646693891815,0.32241716747575205,,False,True,True,0.1192859818322028,,,
confirmation,33,0,fixed_uniform_conditioned_coarse4,1.0,-0.11811783992087593,1.0451245215561147,0.14405080526217307,0.16884603123653538,0.28012320571787264,0.0983486834951102,0.2621686451831461,False,True,True,0.04580190278786035,0.6406373756066353,1.0,-0.24475236334827746
confirmation,33,0,anchor_frozen_conditioned_coarse4,1.0,-0.11811783992087593,1.0451245215561147,0.14405080526217307,0.16884603123653538,0.028096646693895652,0.32241716747574195,,False,True,True,0.11928598183218446,0.7109607746995481,1.0,-0.24475236334827746
confirmation,33,0,anchor_frozen_conditioned_refined8,1.0,-0.11811783992087593,1.0451245215561147,0.14405080526217307,0.16884603123653538,0.028096646693895652,0.32241716747574195,,False,True,True,0.012818045023898723,0.5026273478894161,1.0,-0.24475236334827746
confirmation,33,0,convex_box_conditioned_control,1.0,-0.11811783992087593,1.0451245215561147,0.14405080526217307,0.16884603123653538,0.0602464114357453,0.26216864518303645,0.2621686451831461,False,True,True,0.31597634012686193,0.9999999999975893,1.0,0.008516683506525596
confirmation,33,1,moving_conditioned_gaussian,1.8205716370484493,-0.1404228133450046,2.0190891705533303,-0.11985439674639375,0.1655999267827183,0.44743021185042553,0.021885124211718343,0.020568416598590752,True,False,False,0.7243190913331474,1.1698488559059461,1.8205716370484493,-0.2646227584320433
confirmation,33,1,fixed_vertical_collision_repair,1.8205716370484493,-0.1404228133450046,2.0190891705533303,-0.11985439674639375,0.1655999267827183,0.45057629600569415,0.020568416598610844,0.020568416598610834,False,True,True,0.6366728527525329,,,
confirmation,33,1,anchor_frozen_corridor_projection,1.8205716370484493,-0.1404228133450046,2.0190891705533303,-0.11985439674639375,0.1655999267827183,0.4474302118503647,0.021885124211743823,0.02258130526135972,False,True,True,0.5957512246020653,,,
confirmation,33,1,fixed_uniform_conditioned_coarse4,1.8205716370484493,-0.1404228133450046,2.0190891705533303,-0.11985439674639375,0.1655999267827183,0.4752881480028785,0.010264395649254486,0.020568416598599468,False,True,True,0.1584613538617461,0.5550780369398247,1.8205716370484493,-0.2646227584320433
confirmation,33,1,anchor_frozen_conditioned_coarse4,1.8205716370484493,-0.1404228133450046,2.0190891705533303,-0.11985439674639375,0.1655999267827183,0.4474302118504256,0.021885124211718298,0.02258130526134927,False,True,True,0.5957512246014476,0.9722737637553299,1.8205716370484493,-0.2646227584320433
confirmation,33,1,anchor_frozen_conditioned_refined8,1.8205716370484493,-0.1404228133450046,2.0190891705533303,-0.11985439674639375,0.1655999267827183,0.44743021185042564,0.021885124211718298,0.04330016008271424,False,True,True,0.1622054194235536,0.5510860045897282,1.8205716370484493,-0.2646227584320433
confirmation,33,1,convex_box_conditioned_control,1.8205716370484493,-0.1404228133450046,2.0190891705533303,-0.11985439674639375,0.1655999267827183,0.450576296005757,0.02056841659858456,0.020568416598599454,False,True,True,0.6366728527522632,0.9999999999977219,1.8205716370484493,-0.016222868257965872
confirmation,33,2,moving_conditioned_gaussian,3.0,-0.16272778676913324,3.0595779208308733,0.32645538495562587,0.20877889548570386,0.00403727508431881,0.5530420366084468,0.48918334831234617,True,False,False,0.06032448223013092,0.8608172482548658,3.0,-0.31931195838341114
confirmation,33,2,fixed_vertical_collision_repair,3.0,-0.16272778676913324,3.0595779208308733,0.32645538495562587,0.20877889548570386,0.009562945669131899,0.48918317172475956,0.4891831717247591,False,True,True,0.10767525911612622,,,
confirmation,33,2,anchor_frozen_corridor_projection,3.0,-0.16272778676913324,3.0595779208308733,0.32645538495562587,0.20877889548570386,0.004037275059336733,0.5530420370450618,,False,True,True,0.04209825157472861,,,
confirmation,33,2,fixed_uniform_conditioned_coarse4,3.0,-0.16272778676913324,3.0595779208308733,0.32645538495562587,0.20877889548570386,0.2547814728654156,0.13769351944187347,0.4891832955067811,False,True,True,0.004773558937924206,0.7023697633249883,3.0,-0.31931195838341114
confirmation,33,2,anchor_frozen_conditioned_coarse4,3.0,-0.16272778676913324,3.0595779208308733,0.32645538495562587,0.20877889548570386,0.004037275084318816,0.5530420366084468,,False,True,True,0.04209825137662346,0.8556038702866363,3.0,-0.31931195838341114
confirmation,33,2,anchor_frozen_conditioned_refined8,3.0,-0.16272778676913324,3.0595779208308733,0.32645538495562587,0.20877889548570386,0.004037275084318816,0.5530420366084468,,False,True,True,0.00868747493672632,0.6701663656565241,3.0,-0.31931195838341114
confirmation,33,2,convex_box_conditioned_control,3.0,-0.16272778676913324,3.0595779208308733,0.32645538495562587,0.20877889548570386,0.009562945730831133,0.4891831712221992,0.489183295506781,False,True,True,0.10767525860847867,0.9999999216092975,3.0,-0.006143615154855342
confirmation,33,3,moving_conditioned_gaussian,4.2135032074933285,-0.18503276019326192,4.008913176000148,-0.41026728271792867,0.15286617366762797,0.9417714127035041,0.2399722576598379,0.22523452266450705,True,False,False,0.3642378171076894,1.2113885657543224,4.198878369485417,-0.1497252779270526
confirmation,33,3,fixed_vertical_collision_repair,4.2135032074933285,-0.18503276019326192,4.008913176000148,-0.41026728271792867,0.15286617366762797,0.9296797189805475,0.22523452252466672,0.22523452252466675,False,True,True,0.34186438492218013,,,
confirmation,33,3,anchor_frozen_corridor_projection,4.2135032074933285,-0.18503276019326192,4.008913176000148,-0.41026728271792867,0.15286617366762797,0.9417714127034944,0.23997225765982516,0.26574368485757566,False,True,True,0.2727028329012767,,,
confirmation,33,3,fixed_uniform_conditioned_coarse4,4.2135032074933285,-0.18503276019326192,4.008913176000148,-0.41026728271792867,0.15286617366762797,0.7148398594902796,0.08676376252909752,0.2252345226001079,False,True,True,0.05366415336311634,0.5770946594834166,4.2135032074933285,-0.07038312994254095
confirmation,33,3,anchor_frozen_conditioned_coarse4,4.2135032074933285,-0.18503276019326192,4.008913176000148,-0.41026728271792867,0.15286617366762797,0.9417714127035042,0.2399722576598381,0.2657436851748825,False,True,True,0.27270283289508346,0.8722476075886851,4.2135032074933285,-0.07038312994254095
confirmation,33,3,anchor_frozen_conditioned_refined8,4.2135032074933285,-0.18503276019326192,4.008913176000148,-0.41026728271792867,0.15286617366762797,0.9417714127035042,0.2399722576598381,0.29715798134387916,False,True,True,0.220208544146708,0.6055081236120997,4.2135032074933285,-0.2996823904439829
confirmation,33,3,convex_box_conditioned_control,4.2135032074933285,-0.18503276019326192,4.008913176000148,-0.41026728271792867,0.15286617366762797,0.9296797189805592,0.22523452252468013,0.2252345226001079,False,True,True,0.3418643849142912,0.9999999999995224,4.2135032074933285,-0.07038312994254095
confirmation,33,4,moving_conditioned_gaussian,5.0,-0.20733773361739058,4.8985658434463195,0.34493475852401334,0.2210714908700811,0.0035053506648722423,0.59608291115624,0.5522734491537795,True,False,False,0.053788041520428764,0.9175528793520362,5.0,-0.37314135176995145
confirmation,33,4,fixed_vertical_collision_repair,5.0,-0.20733773361739058,4.8985658434463195,0.34493475852401334,0.2210714908700811,0.006241948939417632,0.5522724921414037,0.5522724921413544,False,True,True,0.08156984536687577,,,
confirmation,33,4,anchor_frozen_corridor_projection,5.0,-0.20733773361739058,4.8985658434463195,0.34493475852401334,0.2210714908700811,0.0035053502621667566,0.5960829196152496,0.8513170498775535,False,True,True,0.04388485719606792,,,
confirmation,33,4,fixed_uniform_conditioned_coarse4,5.0,-0.20733773361739058,4.8985658434463195,0.34493475852401334,0.2210714908700811,0.2531209748370074,0.14694637346908213,0.5522732483927841,False,True,True,0.0026380769560417038,0.7154577925504897,5.0,-0.37314135176995145
confirmation,33,4,anchor_frozen_conditioned_coarse4,5.0,-0.20733773361739058,4.8985658434463195,0.34493475852401334,0.2210714908700811,0.0035053506648722445,0.59608291115624,0.8514027820524421,False,True,True,0.04388485439177856,0.9149403024526352,5.0,-0.37314135176995145
confirmation,33,4,anchor_frozen_conditioned_refined8,5.0,-0.20733773361739058,4.8985658434463195,0.34493475852401334,0.2210714908700811,0.0035053506648722427,0.59608291115624,,False,True,True,0.008075080634667615,0.6936219553608705,5.0,-0.37314135176995145
confirmation,33,4,convex_box_conditioned_control,5.0,-0.20733773361739058,4.8985658434463195,0.34493475852401334,0.2210714908700811,0.006241949674014814,0.5522724829189228,0.5522732483927842,False,True,True,0.08156984015097797,0.999998731595327,5.0,-0.04153411546482974
confirmation,33,5,moving_conditioned_gaussian,6.0,-0.22964270704151923,5.936122003848723,0.1035234169577337,0.15437400514426522,0.00558879237928232,0.391661888685189,0.33316612399925327,True,False,False,0.09731459733484736,1.2070629435268103,6.081869179407327,-0.14777352763419155
confirmation,33,5,fixed_vertical_collision_repair,6.0,-0.22964270704151923,5.936122003848723,0.1035234169577337,0.15437400514426522,0.015457112800512186,0.33316612399925283,0.33316612399925294,False,True,True,0.1455699949689465,,,
confirmation,33,5,anchor_frozen_corridor_projection,6.0,-0.22964270704151923,5.936122003848723,0.1035234169577337,0.15437400514426522,0.005588792379281222,0.39166188868519963,,False,True,True,0.050634408087901886,,,
confirmation,33,5,fixed_uniform_conditioned_coarse4,6.0,-0.22964270704151923,5.936122003848723,0.1035234169577337,0.15437400514426522,0.2577285564002576,0.10039929852984765,0.333166123999253,False,True,True,0.009076493756649763,0.620919839403136,6.0,-0.34542321089971817
confirmation,33,5,anchor_frozen_conditioned_coarse4,6.0,-0.22964270704151923,5.936122003848723,0.1035234169577337,0.15437400514426522,0.0055887923792823195,0.391661888685189,,False,True,True,0.05063440808789471,0.6448366063539459,6.0,-0.34542321089971817
confirmation,33,5,anchor_frozen_conditioned_refined8,6.0,-0.22964270704151923,5.936122003848723,0.1035234169577337,0.15437400514426522,0.0055887923792823195,0.391661888685189,,False,True,True,0.002077081912689157,0.5660175540810527,6.0,-0.34542321089971817
confirmation,33,5,convex_box_conditioned_control,6.0,-0.22964270704151923,5.936122003848723,0.1035234169577337,0.15437400514426522,0.015457112800515227,0.3331661239992409,0.333166123999253,False,True,True,0.14556999496892864,0.9999999999971396,6.0,-0.11386220318332033
confirmation,33,6,moving_conditioned_gaussian,7.0,-0.2519476804656479,6.902587616588651,0.2530239866591797,0.18757999147226162,0.0015573286994565263,0.5545219866227339,0.5049716680177652,True,False,False,0.029555352169175732,0.8888257503120528,7.0,-0.39263267406984415
confirmation,33,6,fixed_vertical_collision_repair,7.0,-0.2519476804656479,6.902587616588651,0.2530239866591797,0.18757999147226162,0.0035508879483207097,0.5049716671248279,0.5049716671248277,False,True,True,0.05580575055346236,,,
confirmation,33,6,anchor_frozen_corridor_projection,7.0,-0.2519476804656479,6.902587616588651,0.2530239866591797,0.18757999147226162,0.0015573286957580343,0.5545219867601262,,False,True,True,0.023893632554981364,,,
confirmation,33,6,fixed_uniform_conditioned_coarse4,7.0,-0.2519476804656479,6.902587616588651,0.2530239866591797,0.18757999147226162,0.25177544397842605,0.12547472101303295,0.5049716677094982,False,True,True,0.001173266924073774,0.7104194473412998,7.0,-0.39263267406984415
confirmation,33,6,anchor_frozen_conditioned_coarse4,7.0,-0.2519476804656479,6.902587616588651,0.2530239866591797,0.18757999147226162,0.0015573286994565291,0.5545219866227339,,False,True,True,0.02389363252946741,0.8863478520704466,7.0,-0.39263267406984415
confirmation,33,6,anchor_frozen_conditioned_refined8,7.0,-0.2519476804656479,6.902587616588651,0.2530239866591797,0.18757999147226162,0.0015573286994565293,0.5545219866227339,,False,True,True,0.002793208082602657,0.7719356266335123,7.0,-0.39263267406984415
confirmation,33,6,convex_box_conditioned_control,7.0,-0.2519476804656479,6.902587616588651,0.2530239866591797,0.18757999147226162,0.0035508879568520537,0.5049716669745231,0.5049716677094983,False,True,True,0.05580575049393662,0.9999999699281216,7.0,-0.11126268686145169
confirmation,34,0,moving_conditioned_gaussian,1.0,-0.3015490587565342,0.9889517583462776,0.08250984565486585,0.21881703124454072,0.025999275445885404,0.4251933838210164,0.3840589059006213,True,False,False,0.2354114842303896,0.9778455064647523,1.06280323943245,-0.14992862635774878
confirmation,34,0,fixed_vertical_collision_repair,1.0,-0.3015490587565342,0.9889517583462776,0.08250984565486585,0.21881703124454072,0.03961597035632009,0.3840589044114,0.38405890441140006,False,True,True,0.2524933765483446,,,
confirmation,34,0,anchor_frozen_corridor_projection,1.0,-0.3015490587565342,0.9889517583462776,0.08250984565486585,0.21881703124454072,0.025999254102161792,0.42519346115124446,0.5442894058945522,False,True,True,0.15692641076266098,,,
confirmation,34,0,fixed_uniform_conditioned_coarse4,1.0,-0.3015490587565342,0.9889517583462776,0.08250984565486585,0.21881703124454072,0.2698080015771936,0.13422100415472654,0.3840589053544227,False,True,True,0.028923250864170535,0.626330804947459,1.0,-0.46566183218993973
confirmation,34,0,anchor_frozen_conditioned_coarse4,1.0,-0.3015490587565342,0.9889517583462776,0.08250984565486585,0.21881703124454072,0.0259992754458854,0.4251933838210164,0.5442894407346895,False,True,True,0.15692630486071857,0.8083599363497184,1.0,-0.46566183218993973
confirmation,34,0,anchor_frozen_conditioned_refined8,1.0,-0.3015490587565342,0.9889517583462776,0.08250984565486585,0.21881703124454072,0.02599927544588541,0.4251933838210164,,False,True,True,0.00274194140477705,0.6439794508457307,1.0,-0.46566183218993973
confirmation,34,0,convex_box_conditioned_control,1.0,-0.3015490587565342,0.9889517583462776,0.08250984565486585,0.21881703124454072,0.03961600315438715,0.38405882047312134,0.3840589053544228,False,True,True,0.25249320784525103,0.999991884702045,1.0,-0.13743628532312868
confirmation,34,1,moving_conditioned_gaussian,1.8914479290155042,-0.2716162743717755,2.0954266802003105,-0.0628114616403077,0.18059132105930897,0.09487017412179471,0.23681799828470823,0.20880481273130738,True,False,False,0.5063400071664285,1.165810422959391,1.8396159490667625,-0.14648280541487294
confirmation,34,1,fixed_vertical_collision_repair,1.8914479290155042,-0.2716162743717755,2.0954266802003105,-0.0628114616403077,0.18059132105930897,0.12379387475225034,0.20880481273146775,0.20880481273146778,False,True,True,0.4459472405579986,,,
confirmation,34,1,anchor_frozen_corridor_projection,1.8914479290155042,-0.2716162743717755,2.0954266802003105,-0.0628114616403077,0.18059132105930897,0.09487017401434913,0.23681799839962647,0.2896308366864486,False,True,True,0.2963946497400858,,,
confirmation,34,1,fixed_uniform_conditioned_coarse4,1.8914479290155042,-0.2716162743717755,2.0954266802003105,-0.0628114616403077,0.18059132105930897,0.31189693744892233,0.08857653428525404,0.20880481273135282,False,True,True,0.08995273059014651,0.6121791535600954,1.8914479290155042,-0.4070597651662572
confirmation,34,1,anchor_frozen_conditioned_coarse4,1.8914479290155042,-0.2716162743717755,2.0954266802003105,-0.0628114616403077,0.18059132105930897,0.09487017412179467,0.23681799828470834,0.289630836686456,False,True,True,0.29639464929257864,0.8340755068233308,1.8914479290155042,-0.4070597651662572
confirmation,34,1,anchor_frozen_conditioned_refined8,1.8914479290155042,-0.2716162743717755,2.0954266802003105,-0.0628114616403077,0.18059132105930897,0.09487017412179467,0.23681799828470834,0.7294962749783375,False,True,True,0.05793718038766219,0.6764322800149067,1.8914479290155042,-0.4070597651662572
confirmation,34,1,convex_box_conditioned_control,1.8914479290155042,-0.2716162743717755,2.0954266802003105,-0.0628114616403077,0.18059132105930897,0.1237938748978446,0.2088048126028717,0.2088048127313528,False,True,True,0.44594723989365714,0.9999999849225455,1.8914479290155042,-0.13617278357729376
confirmation,34,2,moving_conditioned_gaussian,3.0,-0.24168348998701678,2.945428082277377,0.4557069057746568,0.21349012013387342,0.00018134063363231225,0.7612733606305162,0.697396651734047,True,False,False,0.0053614183209826785,0.942041493755196,3.0,-0.4018010800874218
confirmation,34,2,fixed_vertical_collision_repair,3.0,-0.24168348998701678,2.945428082277377,0.4557069057746568,0.21349012013387342,0.0005442046497034562,0.6973903957616681,0.6973903957616736,False,True,True,0.014561489306060339,,,
confirmation,34,2,anchor_frozen_corridor_projection,3.0,-0.24168348998701678,2.945428082277377,0.4557069057746568,0.21349012013387342,0.00018134061487064436,0.7612733664224755,,False,True,True,0.004795881631787377,,,
confirmation,34,2,fixed_uniform_conditioned_coarse4,3.0,-0.24168348998701678,2.945428082277377,0.4557069057746568,0.21349012013387342,0.250272102353223,0.14381414548913443,0.6973941458451061,False,True,True,6.823950717723005e-05,0.7368544827551436,3.0,-0.4018010800874218
confirmation,34,2,anchor_frozen_conditioned_coarse4,3.0,-0.24168348998701678,2.945428082277377,0.4557069057746568,0.21349012013387342,0.0001813406336323115,0.7612733606305162,,False,True,True,0.004795881471158109,0.9418064282097113,3.0,-0.4018010800874218
confirmation,34,2,anchor_frozen_conditioned_refined8,3.0,-0.24168348998701678,2.945428082277377,0.4557069057746568,0.21349012013387342,0.00018134063363231146,0.7612733606305162,,False,True,True,0.001026196401229073,0.8308492793189258,3.0,-0.4018010800874218
confirmation,34,2,convex_box_conditioned_control,3.0,-0.24168348998701678,2.945428082277377,0.4557069057746568,0.21349012013387342,0.0005442047064459996,0.6973903894592439,0.6973941458451061,False,True,True,0.014561488818079409,0.9999988711653255,3.0,-0.08156589988661173
confirmation,34,3,moving_conditioned_gaussian,3.922463700042661,-0.21175070560225806,4.112290741705709,-0.4307513974723949,0.1539025043696814,0.9346098685331398,0.2325516302172795,0.21900069223933533,True,False,False,0.38016384057247354,1.2166949910409144,4.004082828403707,-0.1301315772412126
confirmation,34,3,fixed_vertical_collision_repair,3.922463700042661,-0.21175070560225806,4.112290741705709,-0.4307513974723949,0.1539025043696814,0.922629500191519,0.21900069187013685,0.21900069187013682,False,True,True,0.3584845846173318,,,
confirmation,34,3,anchor_frozen_corridor_projection,3.922463700042661,-0.21175070560225806,4.112290741705709,-0.4307513974723949,0.1539025043696814,0.9346098685330851,0.23255163021721348,0.2550435447473381,False,True,True,0.2917308641694901,,,
confirmation,34,3,fixed_uniform_conditioned_coarse4,3.922463700042661,-0.21175070560225806,4.112290741705709,-0.4307513974723949,0.1539025043696814,0.7113147500957919,0.08575904639678512,0.21900069209488288,False,True,True,0.05898482917754173,0.5818888963948115,3.922463700042661,-0.09632382732499702
confirmation,34,3,anchor_frozen_conditioned_coarse4,3.922463700042661,-0.21175070560225806,4.112290741705709,-0.4307513974723949,0.1539025043696814,0.9346098685331399,0.23255163021727962,0.2550435455177808,False,True,True,0.29173086414008365,0.8868671699603199,3.922463700042661,-0.09632382732499702
confirmation,34,3,anchor_frozen_conditioned_refined8,3.922463700042661,-0.21175070560225806,4.112290741705709,-0.4307513974723949,0.1539025043696814,0.9346098685331397,0.23255163021727934,0.276951700282967,False,True,True,0.24757660685521804,0.6619728733642205,3.922463700042661,-0.3271775838795191
confirmation,34,3,convex_box_conditioned_control,3.922463700042661,-0.21175070560225806,4.112290741705709,-0.4307513974723949,0.1539025043696814,0.9226295001915837,0.21900069187020557,0.21900069209488293,False,True,True,0.3584845845806256,0.999999999998906,3.922463700042661,-0.09632382732499702
confirmation,34,4,moving_conditioned_gaussian,5.119882049025514,-0.18181792121749935,4.920340554999389,-0.16405290042579168,0.1890984401963531,0.45854197851856465,0.019686585408774254,0.017765020724828218,True,False,False,0.7814067012550021,1.2409044238152878,5.119882049025514,-0.13454331116841106
confirmation,34,4,fixed_vertical_collision_repair,5.119882049025514,-0.18181792121749935,4.920340554999389,-0.16405290042579168,0.1890984401963531,0.46257607101767495,0.017765020791707664,0.017765020791707692,False,True,True,0.6367132802239535,,,
confirmation,34,4,anchor_frozen_corridor_projection,5.119882049025514,-0.18181792121749935,4.920340554999389,-0.16405290042579168,0.1890984401963531,0.45854197837771216,0.019686585475901082,0.02102215930881729,False,True,True,0.5562715687096726,,,
confirmation,34,4,fixed_uniform_conditioned_coarse4,5.119882049025514,-0.18181792121749935,4.920340554999389,-0.16405290042579168,0.1890984401963531,0.48128803558408334,0.008872716331012201,0.017765020749357235,False,True,True,0.15839636998741038,0.5664586853442511,5.119882049025514,-0.32364175136476414
confirmation,34,4,anchor_frozen_conditioned_coarse4,5.119882049025514,-0.18181792121749935,4.920340554999389,-0.16405290042579168,0.1890984401963531,0.4585419785185646,0.019686585408774306,0.02102215927038173,False,True,True,0.5562715674372105,0.9447748322256281,5.119882049025514,-0.32364175136476414
confirmation,34,4,anchor_frozen_conditioned_refined8,5.119882049025514,-0.18181792121749935,4.920340554999389,-0.16405290042579168,0.1890984401963531,0.45854197851856465,0.019686585408774254,0.03547557875020069,False,True,True,0.19554826333445133,0.5746477405245746,5.119882049025514,-0.32364175136476414
confirmation,34,4,convex_box_conditioned_control,5.119882049025514,-0.18181792121749935,4.920340554999389,-0.16405290042579168,0.1890984401963531,0.4625760711681667,0.01776502072005918,0.017765020749357263,False,True,True,0.6367132793127337,0.9999999956554615,5.119882049025514,-0.03999409107023452
confirmation,34,5,moving_conditioned_gaussian,6.0,-0.15188513683274066,5.9686533446506305,0.2232150823735548,0.20066830919108464,0.013542888226472196,0.44353303276011424,0.3751002225139045,True,False,False,0.15457394195827073,0.8614281299638666,6.106420441648691,-0.045464695184049594
confirmation,34,5,fixed_vertical_collision_repair,6.0,-0.15188513683274066,5.9686533446506305,0.2232150823735548,0.20066830919108464,0.030793680098586622,0.3751002192062953,0.37510021920629544,False,True,True,0.2191726113850806,,,
confirmation,34,5,anchor_frozen_corridor_projection,6.0,-0.15188513683274066,5.9686533446506305,0.2232150823735548,0.20066830919108464,0.01354288821240901,0.443533032841489,,False,True,True,0.07609225957094187,,,
confirmation,34,5,fixed_uniform_conditioned_coarse4,6.0,-0.15188513683274066,5.9686533446506305,0.2232150823735548,0.20066830919108464,0.26539684006747105,0.12577787489488393,0.3751002216757653,False,True,True,0.021539254790968194,0.6841861857711099,6.0,-0.3023863687260542
confirmation,34,5,anchor_frozen_conditioned_coarse4,6.0,-0.15188513683274066,5.9686533446506305,0.2232150823735548,0.20066830919108464,0.013542888226472214,0.44353303276011424,,False,True,True,0.07609225949475466,0.7960936130854379,6.0,-0.3023863687260542
confirmation,34,5,anchor_frozen_conditioned_refined8,6.0,-0.15188513683274066,5.9686533446506305,0.2232150823735548,0.20066830919108464,0.013542888226472214,0.44353303276011424,,False,True,True,0.010803630243482864,0.6160463020122229,6.0,-0.3023863687260542
confirmation,34,5,convex_box_conditioned_control,6.0,-0.15188513683274066,5.9686533446506305,0.2232150823735548,0.20066830919108464,0.03079368013494208,0.37510021910137126,0.3751002216757653,False,True,True,0.2191726111645508,0.999999984824367,6.0,-0.0013839049394271663
confirmation,34,6,moving_conditioned_gaussian,7.0,-0.12195235244798196,7.067980341222313,0.2752676920150907,0.21431066123338277,0.015277110288422055,0.4635176296934763,0.3972201619297152,True,False,False,0.17137805405554477,0.9305819698986766,6.886344608620977,-0.008296961068958511
confirmation,34,6,fixed_vertical_collision_repair,7.0,-0.12195235244798196,7.067980341222313,0.2752676920150907,0.21431066123338277,0.03190695542969362,0.3972200444630728,0.3972200444630727,False,True,True,0.22365243361830586,,,
confirmation,34,6,anchor_frozen_corridor_projection,7.0,-0.12195235244798196,7.067980341222313,0.2752676920150907,0.21431066123338277,0.015277110215546584,0.4635176300994466,,False,True,True,0.09734386923786684,,,
confirmation,34,6,fixed_uniform_conditioned_coarse4,7.0,-0.12195235244798196,7.067980341222313,0.2752676920150907,0.21431066123338277,0.26595347779328066,0.13396509548423263,0.3972201157484204,False,True,True,0.022470252732132566,0.6503457649190544,7.0,-0.28268534837301906
confirmation,34,6,anchor_frozen_conditioned_coarse4,7.0,-0.12195235244798196,7.067980341222313,0.2752676920150907,0.21431066123338277,0.015277110288422045,0.4635176296934763,,False,True,True,0.09734386831889191,0.7557753245733458,7.0,-0.28268534837301906
confirmation,34,6,anchor_frozen_conditioned_refined8,7.0,-0.12195235244798196,7.067980341222313,0.2752676920150907,0.21431066123338277,0.015277110288422047,0.4635176296934763,,False,True,True,0.01915076366234055,0.5124075394833668,7.0,-0.28268534837301906
confirmation,34,6,convex_box_conditioned_control,7.0,-0.12195235244798196,7.067980341222313,0.2752676920150907,0.21431066123338277,0.031906955586561266,0.3972200439935567,0.3972201157484204,False,True,True,0.22365243148714145,0.9999999372181071,7.0,0.038780643477055135
confirmation,35,0,moving_conditioned_gaussian,1.0,0.10551801491741424,0.9756495954777172,-0.47663586740097996,0.16687861138364155,0.9998907944947732,0.616901945384168,0.582153909838579,True,False,False,0.0037946450835694154,0.9595132557459044,1.0,0.23067697345514537
confirmation,35,0,fixed_vertical_collision_repair,1.0,0.10551801491741424,0.9756495954777172,-0.47663586740097996,0.16687861138364155,0.9997571188655957,0.5821538823183964,0.5821538823183942,False,True,True,0.007928428047972017,,,
confirmation,35,0,anchor_frozen_corridor_projection,1.0,0.10551801491741424,0.9756495954777172,-0.47663586740097996,0.16687861138364155,0.9998907944947734,0.6169019453842112,,False,True,True,0.003553618866619906,,,
confirmation,35,0,fixed_uniform_conditioned_coarse4,1.0,0.10551801491741424,0.9756495954777172,-0.47663586740097996,0.16687861138364155,0.7498785594327979,0.11249414727857399,0.582153899709699,False,True,True,1.9107877551749324e-05,0.7392125378470232,1.0,0.23067697345514537
confirmation,35,0,anchor_frozen_conditioned_coarse4,1.0,0.10551801491741424,0.9756495954777172,-0.47663586740097996,0.16687861138364155,0.9998907944947734,0.6169019453842112,,False,True,True,0.003553618866618422,0.9593482008172425,1.0,0.23067697345514537
confirmation,35,0,anchor_frozen_conditioned_refined8,1.0,0.10551801491741424,0.9756495954777172,-0.47663586740097996,0.16687861138364155,0.9998907944947732,0.616901945384168,,False,True,True,0.0012837007194918312,0.7326707784155331,1.0,0.23067697345514537
confirmation,35,0,convex_box_conditioned_control,1.0,0.10551801491741424,0.9756495954777172,-0.47663586740097996,0.16687861138364155,0.9997571188655957,0.5821538823183964,0.582153899709699,False,True,True,0.007928428047969872,0.9999999999992701,1.0,-0.019640943620316917
confirmation,35,1,moving_conditioned_gaussian,2.0,0.04262080451038017,2.0713069841081033,0.3387679213853001,0.17719285241351948,0.029413899990621568,0.3348020069343843,0.2961471186433329,True,False,False,0.25259219271252276,1.0322977220944007,1.90602929936046,0.13659150514992024
confirmation,35,1,fixed_vertical_collision_repair,2.0,0.04262080451038017,2.0713069841081033,0.3387679213853001,0.17719285241351948,0.04732859853151702,0.29614711687491985,0.2961471168749199,False,True,True,0.2782072020295945,,,
confirmation,35,1,anchor_frozen_corridor_projection,2.0,0.04262080451038017,2.0713069841081033,0.3387679213853001,0.17719285241351948,0.029413899990667385,0.33480200693426326,0.4659972965215108,False,True,True,0.1557405575991613,,,
confirmation,35,1,fixed_uniform_conditioned_coarse4,2.0,0.04262080451038017,2.0713069841081033,0.3387679213853001,0.17719285241351948,0.27366429926572033,0.10662898312159373,0.29614711815202,False,True,True,0.03533002227606946,0.6486848418284463,2.0,-0.09027383479975945
confirmation,35,1,anchor_frozen_conditioned_coarse4,2.0,0.04262080451038017,2.0713069841081033,0.3387679213853001,0.17719285241351948,0.029413899990621578,0.3348020069343843,0.46599741827036434,False,True,True,0.15574055757507782,0.8115545535722412,2.0,-0.09027383479975945
confirmation,35,1,anchor_frozen_conditioned_refined8,2.0,0.04262080451038017,2.0713069841081033,0.3387679213853001,0.17719285241351948,0.029413899990621564,0.3348020069343843,,False,True,True,0.0727861146106235,0.43016029886995166,2.0,-0.09027383479975945
confirmation,35,1,convex_box_conditioned_control,2.0,0.04262080451038017,2.0713069841081033,0.3387679213853001,0.17719285241351948,0.04732859853144072,0.2961471168750569,0.29614711815202,False,True,True,0.27820720198563353,0.999999999997605,2.0,-0.04597562169637957
confirmation,35,2,moving_conditioned_gaussian,3.085806822708537,-0.0202764058966539,2.9282761376276736,-0.264320690587459,0.16972626394822352,0.9385021492376786,0.26177231599484657,0.2440442847167414,True,False,False,0.37221074583084257,1.164979945476735,3.118282537333642,-0.09867971659233989
confirmation,35,2,fixed_vertical_collision_repair,3.085806822708537,-0.0202764058966539,2.9282761376276736,-0.264320690587459,0.16972626394822352,0.9247645129801458,0.24404428469080514,0.24404428469080508,False,True,True,0.3535696086748398,,,
confirmation,35,2,anchor_frozen_corridor_projection,3.085806822708537,-0.0202764058966539,2.9282761376276736,-0.264320690587459,0.16972626394822352,0.9385021492376769,0.2617723159948442,0.29312916503241765,False,True,True,0.2760219840640758,,,
confirmation,35,2,fixed_uniform_conditioned_coarse4,3.085806822708537,-0.0202764058966539,2.9282761376276736,-0.264320690587459,0.16972626394822352,0.7123822564900739,0.09510741664599141,0.24404428470769762,False,True,True,0.05739001125858986,0.5937745963407199,3.085806822708537,0.10701829206451373
confirmation,35,2,anchor_frozen_conditioned_coarse4,3.085806822708537,-0.0202764058966539,2.9282761376276736,-0.264320690587459,0.16972626394822352,0.9385021492376786,0.26177231599484657,0.29312916511914083,False,True,True,0.27602198406276385,0.8736371479853462,3.085806822708537,0.10701829206451373
confirmation,35,2,anchor_frozen_conditioned_refined8,3.085806822708537,-0.0202764058966539,2.9282761376276736,-0.264320690587459,0.16972626394822352,0.9385021492376785,0.2617723159948464,,False,True,True,0.10222667525410295,0.355300014667997,3.085806822708537,0.10701829206451373
confirmation,35,2,convex_box_conditioned_control,3.085806822708537,-0.0202764058966539,2.9282761376276736,-0.264320690587459,0.16972626394822352,0.924764512980148,0.2440442846908076,0.24404428470769762,False,True,True,0.3535696086731289,0.9999999999996516,3.085806822708537,0.06458672607745786
confirmation,35,3,moving_conditioned_gaussian,4.144945944271027,-0.08317361630368796,3.9807121854514396,0.03854720505355025,0.18845937651636527,0.23295865387663744,0.13741287569721214,0.12172082135778856,True,False,False,0.7294346853696051,1.2374491708423232,4.144945944271027,0.058170916083586
confirmation,35,3,fixed_vertical_collision_repair,4.144945944271027,-0.08317361630368796,3.9807121854514396,0.03854720505355025,0.18845937651636527,0.25918080596898985,0.12172082135723822,0.1217208213572382,False,True,True,0.5846558878354341,,,
confirmation,35,3,anchor_frozen_corridor_projection,4.144945944271027,-0.08317361630368796,3.9807121854514396,0.03854720505355025,0.18845937651636527,0.23295865387465298,0.1374128756984351,0.155111468612445,False,True,True,0.44475778468818683,,,
confirmation,35,3,fixed_uniform_conditioned_coarse4,4.144945944271027,-0.08317361630368796,3.9807121854514396,0.03854720505355025,0.18845937651636527,0.37959040298565094,0.05777348703051739,0.121720821357623,False,True,True,0.14270521293865512,0.5863440989453986,4.144945944271027,-0.22451814869096193
confirmation,35,3,anchor_frozen_conditioned_coarse4,4.144945944271027,-0.08317361630368796,3.9807121854514396,0.03854720505355025,0.18845937651636527,0.2329586538766374,0.13741287569721222,0.15511146861366387,False,True,True,0.4447577846753661,0.89231351863881,4.144945944271027,-0.22451814869096193
confirmation,35,3,anchor_frozen_conditioned_refined8,4.144945944271027,-0.08317361630368796,3.9807121854514396,0.03854720505355025,0.18845937651636527,0.2329586538766374,0.13741287569721222,,False,True,True,0.006754232512708148,0.413053572942296,4.144945944271027,-0.22451814869096193
confirmation,35,3,convex_box_conditioned_control,4.144945944271027,-0.08317361630368796,3.9807121854514396,0.03854720505355025,0.18845937651636527,0.25918080597130194,0.12172082135589268,0.121720821357623,False,True,True,0.5846558878188965,0.9999999998553926,4.144945944271027,0.058170916083586
confirmation,35,4,moving_conditioned_gaussian,5.0,-0.14607082671072202,5.038591461451273,0.42721687334540126,0.2228372794475004,0.0030140772191703316,0.6119659869578109,0.5732942585672576,True,False,False,0.04938107472606297,0.9063553095922477,5.0,-0.31319878629634734
confirmation,35,4,fixed_vertical_collision_repair,5.0,-0.14607082671072202,5.038591461451273,0.42721687334540126,0.2228372794475004,0.005045809079419131,0.573287700056124,0.5732877000561233,False,True,True,0.07080183028648564,,,
confirmation,35,4,anchor_frozen_corridor_projection,5.0,-0.14607082671072202,5.038591461451273,0.42721687334540126,0.2228372794475004,0.003014077126479155,0.6119659892058914,0.7970070901699536,False,True,True,0.041577395308787506,,,
confirmation,35,4,fixed_uniform_conditioned_coarse4,5.0,-0.14607082671072202,5.038591461451273,0.42721687334540126,0.2228372794475004,0.25252290461778637,0.14853700381813384,0.5732925279633057,False,True,True,0.001949694724104377,0.7008155951483235,5.0,-0.31319878629634734
confirmation,35,4,anchor_frozen_conditioned_coarse4,5.0,-0.14607082671072202,5.038591461451273,0.42721687334540126,0.2228372794475004,0.0030140772191703338,0.6119659869578109,0.7971317544534312,False,True,True,0.04157739251414478,0.9023008885322589,5.0,-0.31319878629634734
confirmation,35,4,anchor_frozen_conditioned_refined8,5.0,-0.14607082671072202,5.038591461451273,0.42721687334540126,0.2228372794475004,0.003014077219170333,0.6119659869578109,,False,True,True,0.0112797691151256,0.6067339335089117,5.0,-0.31319878629634734
confirmation,35,4,convex_box_conditioned_control,5.0,-0.14607082671072202,5.038591461451273,0.42721687334540126,0.2228372794475004,0.005045809235572735,0.5732876976691266,0.5732925279633057,False,True,True,0.07080182551297282,0.9999996231025902,5.0,0.021057132874903267
confirmation,35,5,moving_conditioned_gaussian,5.836335213376943,-0.20896803711775608,6.059905342777191,-0.21945143921892574,0.1835707829941039,0.5253624243065019,0.011678232583607479,0.010483402241469514,True,False,False,0.7899809092406856,1.257467701731311,5.836335213376943,-0.2548607328662821
confirmation,35,5,fixed_vertical_collision_repair,5.836335213376943,-0.20896803711775608,6.059905342777191,-0.21945143921892574,0.1835707829941039,0.5227705088758665,0.010483402101169641,0.010483402101169659,False,True,True,0.6366417692379174,,,
confirmation,35,5,anchor_frozen_corridor_projection,5.836335213376943,-0.20896803711775608,6.059905342777191,-0.21945143921892574,0.1835707829941039,0.5253624241816779,0.011678232526054134,0.012487891778640126,False,True,True,0.5551232514099268,,,
confirmation,35,5,fixed_uniform_conditioned_coarse4,5.836335213376943,-0.20896803711775608,6.059905342777191,-0.21945143921892574,0.1835707829941039,0.5113852545046869,0.0052395646395494684,0.010483402185567842,False,True,True,0.15798918871446532,0.5646427545932268,5.836335213376943,-0.07128994987217815
confirmation,35,5,anchor_frozen_conditioned_coarse4,5.836335213376943,-0.20896803711775608,6.059905342777191,-0.21945143921892574,0.1835707829941039,0.525362424306502,0.01167823258360753,0.012487891868274176,False,True,True,0.5551232470672384,0.9435432566953197,5.836335213376943,-0.07128994987217815
confirmation,35,5,anchor_frozen_conditioned_refined8,5.836335213376943,-0.20896803711775608,6.059905342777191,-0.21945143921892574,0.1835707829941039,0.5253624243065023,0.011678232583607633,0.01749600241615898,False,True,True,0.2826394478946673,0.6314770116438604,5.836335213376943,-0.346646124363334
confirmation,35,5,convex_box_conditioned_control,5.836335213376943,-0.20896803711775608,6.059905342777191,-0.21945143921892574,0.1835707829941039,0.5227705090093736,0.01048340216270235,0.010483402185567814,False,True,True,0.6366417642371371,0.9999999965645046,5.836335213376943,-0.07128994987217815
confirmation,35,6,moving_conditioned_gaussian,7.0,-0.27186524752479013,6.976082838620985,0.15918832888893353,0.19394109990975195,0.0050054042637252116,0.49948671856543647,0.43105357656763454,True,False,False,0.07236109389057963,0.8482466341959788,7.102852800172722,-0.16901244735206766
confirmation,35,6,fixed_vertical_collision_repair,7.0,-0.27186524752479013,6.976082838620985,0.15918832888893353,0.19394109990975195,0.013121376841551614,0.431053576413724,0.43105357641372366,False,True,True,0.1315220573686485,,,
confirmation,35,6,anchor_frozen_corridor_projection,7.0,-0.27186524752479013,6.976082838620985,0.15918832888893353,0.19394109990975195,0.0050054041989331735,0.4994867194336233,,False,True,True,0.04575493751811748,,,
confirmation,35,6,fixed_uniform_conditioned_coarse4,7.0,-0.27186524752479013,6.976082838620985,0.15918832888893353,0.19394109990975195,0.2565606885097371,0.12683459809239633,0.4310535765139716,False,True,True,0.00731359466933623,0.6898477516173687,7.0,-0.4173210724571041
confirmation,35,6,anchor_frozen_conditioned_coarse4,7.0,-0.27186524752479013,6.976082838620985,0.15918832888893353,0.19394109990975195,0.005005404263725208,0.49948671856543647,,False,True,True,0.04575493714537553,0.813105336352434,7.0,-0.4173210724571041
confirmation,35,6,anchor_frozen_conditioned_refined8,7.0,-0.27186524752479013,6.976082838620985,0.15918832888893353,0.19394109990975195,0.00500540426372521,0.49948671856543647,,False,True,True,0.0026638108633760317,0.7238709506876733,7.0,-0.4173210724571041
confirmation,35,6,convex_box_conditioned_control,7.0,-0.27186524752479013,6.976082838620985,0.15918832888893353,0.19394109990975195,0.013121377019474205,0.43105357539116534,0.4310535765139716,False,True,True,0.13152205629850383,0.9999998405613112,7.0,-0.12640942259247617
confirmation,36,0,moving_conditioned_gaussian,0.8955869710209758,-0.1617615349935464,1.0756983212165367,-0.3351307770663874,0.2270746108277823,0.8127503210367291,0.20165972890280096,0.17337060580893443,True,False,False,0.7219493253337863,1.2005490467158324,0.8955869710209758,-0.3320674931143831
confirmation,36,0,fixed_vertical_collision_repair,0.8955869710209758,-0.1617615349935464,1.0756983212165367,-0.3351307770663874,0.2270746108277823,0.7774144503449036,0.17336924207284105,0.17336924207284105,False,True,True,0.5584785976338728,,,
confirmation,36,0,anchor_frozen_corridor_projection,0.8955869710209758,-0.1617615349935464,1.0756983212165367,-0.3351307770663874,0.2270746108277823,0.8127502728050662,0.20165968817878988,0.25681398417365126,False,True,True,0.339088212985684,,,
confirmation,36,0,fixed_uniform_conditioned_coarse4,0.8955869710209758,-0.1617615349935464,1.0756983212165367,-0.3351307770663874,0.2270746108277823,0.6387072576185611,0.08061273154059215,0.17337035868831535,False,True,True,0.1333682673775417,0.6188058454302441,0.8955869710209758,0.008544423127290313
confirmation,36,0,anchor_frozen_conditioned_coarse4,0.8955869710209758,-0.1617615349935464,1.0756983212165367,-0.3351307770663874,0.2270746108277823,0.8127503210367291,0.20165972890280096,0.25681843517857594,False,True,True,0.3390842045241567,0.8309069375727983,0.8955869710209758,0.008544423127290313
confirmation,36,0,anchor_frozen_conditioned_refined8,0.8955869710209758,-0.1617615349935464,1.0756983212165367,-0.3351307770663874,0.2270746108277823,0.8127503210367293,0.20165972890280112,0.39797473010993734,False,True,True,0.1663937751785249,0.45273385832231494,0.8955869710209758,-0.3320674931143831
confirmation,36,0,convex_box_conditioned_control,0.8955869710209758,-0.1617615349935464,1.0756983212165367,-0.3351307770663874,0.2270746108277823,0.7774145152371222,0.17336929150733063,0.1733703586883154,False,True,True,0.5584716784961486,0.9999990823130455,0.8955869710209758,0.008544423127290313
confirmation,36,1,moving_conditioned_gaussian,1.8275251757552724,-0.11305781312039892,2.0522245485946695,-0.2002482200371355,0.20060223380971634,0.7005269600873051,0.10550006636701223,0.08719040860347455,True,False,False,0.8979961033054455,1.3599351868799427,1.8275251757552724,-0.2635094884776862
confirmation,36,1,fixed_vertical_collision_repair,1.8275251757552724,-0.11305781312039892,2.0522245485946695,-0.2002482200371355,0.20060223380971634,0.6680893018036728,0.08719040691673656,0.08719040691673657,False,True,True,0.6193926841426488,,,
confirmation,36,1,anchor_frozen_corridor_projection,1.8275251757552724,-0.11305781312039892,2.0522245485946695,-0.2002482200371355,0.20060223380971634,0.7005269599065098,0.10550006626261879,0.1334124269877611,False,True,True,0.3801620114827885,,,
confirmation,36,1,fixed_uniform_conditioned_coarse4,1.8275251757552724,-0.11305781312039892,2.0522245485946695,-0.2002482200371355,0.20060223380971634,0.5840446510186861,0.04257815916437903,0.08719040816811768,False,True,True,0.15224939152252523,0.598275328854789,1.8275251757552724,0.03739386223688834
confirmation,36,1,anchor_frozen_conditioned_coarse4,1.8275251757552724,-0.11305781312039892,2.0522245485946695,-0.2002482200371355,0.20060223380971634,0.700526960087305,0.10550006636701216,0.13341243097249395,False,True,True,0.38016200605274675,0.8284815653978675,1.8275251757552724,0.03739386223688834
confirmation,36,1,anchor_frozen_conditioned_refined8,1.8275251757552724,-0.11305781312039892,2.0522245485946695,-0.2002482200371355,0.20060223380971634,0.700526960087305,0.10550006636701216,0.25715768124863164,False,True,True,0.12012883162828028,0.4108366751226971,1.8275251757552724,-0.2635094884776862
confirmation,36,1,convex_box_conditioned_control,1.8275251757552724,-0.11305781312039892,2.0522245485946695,-0.2002482200371355,0.20060223380971634,0.6680893020373722,0.0871904070458899,0.08719040816811768,False,True,True,0.6193926344894036,0.9999999952350586,1.8275251757552724,0.03739386223688834
confirmation,36,2,moving_conditioned_gaussian,2.799845838637295,-0.06435409124725144,2.9777005391146396,-0.1407637484340546,0.1743586429948438,0.7006258306034681,0.09174774764227787,0.07640965718736886,True,False,False,0.8840337163988832,1.329158277130115,2.799845838637295,-0.19512307349338429
confirmation,36,2,fixed_vertical_collision_repair,2.799845838637295,-0.06435409124725144,2.9777005391146396,-0.1407637484340546,0.1743586429948438,0.6693911932583566,0.07640965718680318,0.07640965718680315,False,True,True,0.6189481923048877,,,
confirmation,36,2,anchor_frozen_corridor_projection,2.799845838637295,-0.06435409124725144,2.9777005391146396,-0.1407637484340546,0.1743586429948438,0.7006258306034255,0.09174774764225653,0.1173893258603175,False,True,True,0.37112362422110695,,,
confirmation,36,2,fixed_uniform_conditioned_coarse4,2.799845838637295,-0.06435409124725144,2.9777005391146396,-0.1407637484340546,0.1743586429948438,0.584695596629206,0.037298943275893295,0.0764096571872459,False,True,True,0.15217439564982846,0.6042196369663393,2.799845838637295,0.0664148909988814
confirmation,36,2,anchor_frozen_conditioned_coarse4,2.799845838637295,-0.06435409124725144,2.9777005391146396,-0.1407637484340546,0.1743586429948438,0.700625830603468,0.09174774764227782,0.11738932586221956,False,True,True,0.371123624219256,0.8251065317101236,2.799845838637295,0.0664148909988814
confirmation,36,2,anchor_frozen_conditioned_refined8,2.799845838637295,-0.06435409124725144,2.9777005391146396,-0.1407637484340546,0.1743586429948438,0.7006258306034681,0.09174774764227787,0.30488123423510155,False,True,True,0.08140988248593657,0.3727023201821822,2.799845838637295,-0.19512307349338429
confirmation,36,2,convex_box_conditioned_control,2.799845838637295,-0.06435409124725144,2.9777005391146396,-0.1407637484340546,0.1743586429948438,0.6693911932584121,0.07640965718682988,0.07640965718724593,False,True,True,0.6189481922759038,0.9999999999982947,2.799845838637295,0.0664148909988814
confirmation,36,3,moving_conditioned_gaussian,3.6840885819461393,-0.01565036937410396,3.900956854061733,0.11851912372170226,0.16902829976002803,0.15121361181280643,0.17430912728347178,0.1341694930958611,True,False,False,0.8417113527017119,1.3812466251762396,3.6840885819461393,0.11112085544591704
confirmation,36,3,fixed_vertical_collision_repair,3.6840885819461393,-0.01565036937410396,3.900956854061733,0.11851912372170226,0.16902829976002803,0.2136648431640602,0.1341694930958062,0.13416949309580622,False,True,True,0.5510538325421198,,,
confirmation,36,3,anchor_frozen_corridor_projection,3.6840885819461393,-0.01565036937410396,3.900956854061733,0.11851912372170226,0.16902829976002803,0.15121361181280643,0.17430912728347178,0.270746892312549,False,True,True,0.2512620093490969,,,
confirmation,36,3,fixed_uniform_conditioned_coarse4,3.6840885819461393,-0.01565036937410396,3.900956854061733,0.11851912372170226,0.16902829976002803,0.3568324215820301,0.06202300198518151,0.1341694930958401,False,True,True,0.13058465028141547,0.6021856121089157,3.6840885819461393,-0.14242159419412498
confirmation,36,3,anchor_frozen_conditioned_coarse4,3.6840885819461393,-0.01565036937410396,3.900956854061733,0.11851912372170226,0.16902829976002803,0.1512136118128065,0.17430912728347178,0.2707468923182815,False,True,True,0.2512620093490697,0.7234385961548847,3.6840885819461393,-0.14242159419412498
confirmation,36,3,anchor_frozen_conditioned_refined8,3.6840885819461393,-0.01565036937410396,3.900956854061733,0.11851912372170226,0.16902829976002803,0.15121361181280651,0.17430912728347178,,False,True,True,0.033246056477700736,0.3467962386235199,3.6840885819461393,-0.14242159419412498
confirmation,36,3,convex_box_conditioned_control,3.6840885819461393,-0.01565036937410396,3.900956854061733,0.11851912372170226,0.16902829976002803,0.21366484316406026,0.1341694930958062,0.13416949309584014,False,True,True,0.5510538325418902,0.9999999999997062,3.6840885819461393,0.06886378050591005
confirmation,36,4,moving_conditioned_gaussian,4.818783173349031,0.03305335249904352,5.004154487847434,-0.13146938623675852,0.1530621884177448,0.8682913994903995,0.17117721996375068,0.16452273873580237,True,False,False,0.5023233356221083,1.224313007815805,4.862713946070792,0.13911161980944894
confirmation,36,4,fixed_vertical_collision_repair,4.818783173349031,0.03305335249904352,5.004154487847434,-0.13146938623675852,0.1530621884177448,0.8587846796531038,0.164522738735802,0.16452273873580203,False,True,True,0.47157042645400554,,,
confirmation,36,4,anchor_frozen_corridor_projection,4.818783173349031,0.03305335249904352,5.004154487847434,-0.13146938623675852,0.1530621884177448,0.8682913994903992,0.1711772199637505,0.17858295475046299,False,True,True,0.42699204478711283,,,
confirmation,36,4,fixed_uniform_conditioned_coarse4,4.818783173349031,0.03305335249904352,5.004154487847434,-0.13146938623675852,0.1530621884177448,0.6793923398265519,0.0713270183376133,0.1645227387358022,False,True,True,0.09974215632994715,0.5590517192714664,4.818783173349031,0.14784999381235214
confirmation,36,4,anchor_frozen_conditioned_coarse4,4.818783173349031,0.03305335249904352,5.004154487847434,-0.13146938623675852,0.1530621884177448,0.8682913994903991,0.1711772199637504,0.17858295475046326,False,True,True,0.4269920447871127,0.944158439459448,4.818783173349031,0.14784999381235214
confirmation,36,4,anchor_frozen_conditioned_refined8,4.818783173349031,0.03305335249904352,5.004154487847434,-0.13146938623675852,0.1530621884177448,0.8682913994903995,0.17117721996375068,,False,True,True,0.06466698831014328,0.3799982519007013,4.818783173349031,0.14784999381235214
confirmation,36,4,convex_box_conditioned_control,4.818783173349031,0.03305335249904352,5.004154487847434,-0.13146938623675852,0.1530621884177448,0.8587846796531038,0.164522738735802,0.1645227387358022,False,True,True,0.47157042645400526,1.0000000000013025,4.818783173349031,-0.005212194605392677
confirmation,36,5,moving_conditioned_gaussian,5.723456480566542,0.08175707437219101,5.92035221004221,0.24856854606093726,0.2237052797227763,0.1762895507728804,0.20795605050619548,0.1668116520651921,True,False,False,0.8187926471165587,1.3475312863790843,5.723456480566542,0.24953603416427322
confirmation,36,5,fixed_vertical_collision_repair,5.723456480566542,0.08175707437219101,5.92035221004221,0.24856854606093726,0.2237052797227763,0.22793183206700046,0.1668114716887462,0.16681147168874624,False,True,True,0.5627219463138309,,,
confirmation,36,5,anchor_frozen_corridor_projection,5.723456480566542,0.08175707437219101,5.92035221004221,0.24856854606093726,0.2237052797227763,0.1762895545274508,0.207956047262987,0.2865374975780036,False,True,True,0.3010972265854472,,,
confirmation,36,5,fixed_uniform_conditioned_coarse4,5.723456480566542,0.08175707437219101,5.92035221004221,0.24856854606093726,0.2237052797227763,0.36396591327414374,0.07782213977874093,0.16681159081091115,False,True,True,0.13494067036311758,0.6011839568112662,5.723456480566542,-0.0860218854198912
confirmation,36,5,anchor_frozen_conditioned_coarse4,5.723456480566542,0.08175707437219101,5.92035221004221,0.24856854606093726,0.2237052797227763,0.17628955077288044,0.2079560505061954,0.2865385921850978,False,True,True,0.30109702829987955,0.7736222906866106,5.723456480566542,-0.0860218854198912
confirmation,36,5,anchor_frozen_conditioned_refined8,5.723456480566542,0.08175707437219101,5.92035221004221,0.24856854606093726,0.2237052797227763,0.17628955077288047,0.2079560505061954,,False,True,True,0.09435659314013925,0.3583530283803953,5.723456480566542,0.24953603416427322
confirmation,36,5,convex_box_conditioned_control,5.723456480566542,0.08175707437219101,5.92035221004221,0.24856854606093726,0.2237052797227763,0.22793182654828745,0.16681147577518202,0.16681159081091124,False,True,True,0.5627211276000011,0.9999998867926598,5.723456480566542,-0.0860218854198912
confirmation,36,6,moving_conditioned_gaussian,7.0,0.1304607962453385,7.042687513266773,-0.1795462761934694,0.2254025584715369,0.9397574520908811,0.34999172540991536,0.310007108105816,True,False,False,0.387207282466387,0.9912309743045972,7.0,-0.03859112260831418
confirmation,36,6,fixed_vertical_collision_repair,7.0,0.1304607962453385,7.042687513266773,-0.1795462761934694,0.2254025584715369,0.9154882876829792,0.31000707243880793,0.31000707243880793,False,True,True,0.37423795984639663,,,
confirmation,36,6,anchor_frozen_corridor_projection,7.0,0.1304607962453385,7.042687513266773,-0.1795462761934694,0.2254025584715369,0.9397574538323616,0.3499917286947249,0.4615198127231672,False,True,True,0.22165996400643573,,,
confirmation,36,6,fixed_uniform_conditioned_coarse4,7.0,0.1304607962453385,7.042687513266773,-0.1795462761934694,0.2254025584715369,0.7077441425252415,0.12325157163893603,0.31000710170945767,False,True,True,0.06421285392822387,0.6498503582342251,7.0,0.29951271509899113
confirmation,36,6,anchor_frozen_conditioned_coarse4,7.0,0.1304607962453385,7.042687513266773,-0.1795462761934694,0.2254025584715369,0.9397574520908809,0.34999172540991497,0.4615203603830619,False,True,True,0.22165995238606928,0.8343184796581202,7.0,0.29951271509899113
confirmation,36,6,anchor_frozen_conditioned_refined8,7.0,0.1304607962453385,7.042687513266773,-0.1795462761934694,0.2254025584715369,0.9397574520908811,0.34999172540991536,,False,True,True,0.02345613476565547,0.4896401417588556,7.0,0.29951271509899113
confirmation,36,6,convex_box_conditioned_control,7.0,0.1304607962453385,7.042687513266773,-0.1795462761934694,0.2254025584715369,0.915488285050483,0.3100070686090734,0.31000710170945767,False,True,True,0.3742379401517566,0.9999996324262875,7.0,-0.03859112260831418
confirmation,37,0,moving_conditioned_gaussian,0.8601468634297913,-0.14698868545518062,1.0393312499706924,-0.3660020693575561,0.15575272264048554,0.933648343613469,0.23417835552064079,0.2190133839452067,True,False,False,0.38762963331923,1.1956804957651812,0.845245866804724,-0.1829628736002936
confirmation,37,0,fixed_vertical_collision_repair,0.8601468634297913,-0.14698868545518062,1.0393312499706924,-0.3660020693575561,0.15575272264048554,0.9201618195927782,0.21901338390237549,0.21901338390237546,False,True,True,0.36404461104068364,,,
confirmation,37,0,anchor_frozen_corridor_projection,0.8601468634297913,-0.14698868545518062,1.0393312499706924,-0.3660020693575561,0.15575272264048554,0.9336483436134644,0.2341783555206351,0.259679612363972,False,True,True,0.2897743024734955,,,
confirmation,37,0,fixed_uniform_conditioned_coarse4,0.8601468634297913,-0.14698868545518062,1.0393312499706924,-0.3660020693575561,0.15575272264048554,0.7100809097963917,0.08622799413771856,0.21901338392828884,False,True,True,0.06081003424192457,0.5842926906091321,0.8601468634297913,-0.03017414347481648
confirmation,37,0,anchor_frozen_conditioned_coarse4,0.8601468634297913,-0.14698868545518062,1.0393312499706924,-0.3660020693575561,0.15575272264048554,0.9336483436134688,0.2341783555206405,0.25967961247545496,False,True,True,0.28977430247056546,0.8776336805594447,0.8601468634297913,-0.03017414347481648
confirmation,37,0,anchor_frozen_conditioned_refined8,0.8601468634297913,-0.14698868545518062,1.0393312499706924,-0.3660020693575561,0.15575272264048554,0.9336483436134689,0.23417835552064062,0.31337377138621286,False,True,True,0.20631276424047335,0.5320460455662555,0.8601468634297913,-0.26380322743554474
confirmation,37,0,convex_box_conditioned_control,0.8601468634297913,-0.14698868545518062,1.0393312499706924,-0.3660020693575561,0.15575272264048554,0.9201618195927834,0.219013383902381,0.21901338392828884,False,True,True,0.3640446110369376,0.9999999999999029,0.8601468634297913,-0.03017414347481648
confirmation,37,1,moving_conditioned_gaussian,1.7489550707209411,-0.06828967817032942,1.9674966961133484,-0.34518417155990533,0.2053426563542044,0.938176584794772,0.3161548612636618,0.2768947347953198,True,False,False,0.4202886758678675,1.1778358364753418,1.690019146312497,-0.2105735861881905
confirmation,37,1,fixed_vertical_collision_repair,1.7489550707209411,-0.06828967817032942,1.9674966961133484,-0.34518417155990533,0.2053426563542044,0.9112433017124657,0.27689449338957595,0.276894493389624,False,True,True,0.38313750090964543,,,
confirmation,37,1,anchor_frozen_corridor_projection,1.7489550707209411,-0.06828967817032942,1.9674966961133484,-0.34518417155990533,0.2053426563542044,0.9381765846593456,0.3161548610356164,0.40005388777791606,False,True,True,0.2426264221848463,,,
confirmation,37,1,fixed_uniform_conditioned_coarse4,1.7489550707209411,-0.06828967817032942,1.9674966961133484,-0.34518417155990533,0.2053426563542044,0.705621650954658,0.11101616885650091,0.27689462094754064,False,True,True,0.06724170257209522,0.5950995052969194,1.7489550707209411,0.08571731409532386
confirmation,37,1,anchor_frozen_conditioned_coarse4,1.7489550707209411,-0.06828967817032942,1.9674966961133484,-0.34518417155990533,0.2053426563542044,0.9381765847947721,0.3161548612636621,0.40005537365241733,False,True,True,0.24262639342914152,0.7879620716378897,1.7489550707209411,0.08571731409532386
confirmation,37,1,anchor_frozen_conditioned_refined8,1.7489550707209411,-0.06828967817032942,1.9674966961133484,-0.34518417155990533,0.2053426563542044,0.938176584794772,0.3161548612636618,,False,True,True,0.10875780348537147,0.360426013218512,1.7489550707209411,-0.22229667043598272
confirmation,37,1,convex_box_conditioned_control,1.7489550707209411,-0.06828967817032942,1.9674966961133484,-0.34518417155990533,0.2053426563542044,0.9112433019093159,0.27689449364108176,0.27689462094754064,False,True,True,0.38313745398090526,0.9999999958131265,1.7489550707209411,0.08571731409532386
confirmation,37,2,moving_conditioned_gaussian,3.0,0.01040932911452179,3.0490245039132207,-0.45780818641262766,0.2157268911701367,0.990921607518189,0.5096343277103921,0.46822484367180006,True,False,False,0.11390795954436284,0.9182218268843153,2.9380836696251715,-0.1390699154087625
confirmation,37,2,fixed_vertical_collision_repair,3.0,0.01040932911452179,3.0490245039132207,-0.45780818641262766,0.2157268911701367,0.9850124006604775,0.46821751552714974,0.46821751552714946,False,True,True,0.14283135089755455,,,
confirmation,37,2,anchor_frozen_corridor_projection,3.0,0.01040932911452179,3.0490245039132207,-0.45780818641262766,0.2157268911701367,0.9909216074356756,0.5096343269836024,0.6735931926377087,False,True,True,0.08411776520899734,,,
confirmation,37,2,fixed_uniform_conditioned_coarse4,3.0,0.01040932911452179,3.0490245039132207,-0.45780818641262766,0.2157268911701367,0.742506200398686,0.14045788632022155,0.4682222989248927,False,True,True,0.00871725437129574,0.6556366210846227,3.0,0.1722044974921243
confirmation,37,2,anchor_frozen_conditioned_coarse4,3.0,0.01040932911452179,3.0490245039132207,-0.45780818641262766,0.2157268911701367,0.990921607518189,0.5096343277103921,0.6736988700497896,False,True,True,0.08411774264299211,0.8316094694065193,3.0,0.1722044974921243
confirmation,37,2,anchor_frozen_conditioned_refined8,3.0,0.01040932911452179,3.0490245039132207,-0.45780818641262766,0.2157268911701367,0.990921607518189,0.5096343277103921,,False,True,True,0.03594430102258056,0.4534325412505994,3.0,0.1722044974921243
confirmation,37,2,convex_box_conditioned_control,3.0,0.01040932911452179,3.0490245039132207,-0.45780818641262766,0.2157268911701367,0.9850124007973721,0.4682175163075173,0.46822229892489275,False,True,True,0.14283131215736908,0.9999999829616407,3.0,-0.04352239367801238
confirmation,37,3,moving_conditioned_gaussian,4.0,0.08910833639937299,4.089255155975522,0.415469846681531,0.1846179693986392,0.022700328988985694,0.3694063935021848,0.3263615873055546,True,False,False,0.21970488933905713,1.0611360751619787,3.902091536431999,0.18701679996737422
confirmation,37,3,fixed_vertical_collision_repair,4.0,0.08910833639937299,4.089255155975522,0.415469846681531,0.1846179693986392,0.03854995169991623,0.32636151028215793,0.326361510282158,False,True,True,0.24871093332198044,,,
confirmation,37,3,anchor_frozen_corridor_projection,4.0,0.08910833639937299,4.089255155975522,0.415469846681531,0.1846179693986392,0.022700328991356645,0.3694063934940624,0.5273238091686396,False,True,True,0.13634833634278018,,,
confirmation,37,3,fixed_uniform_conditioned_coarse4,4.0,0.08910833639937299,4.089255155975522,0.415469846681531,0.1846179693986392,0.2692749758479134,0.11354138429668544,0.32636155828889907,False,True,True,0.028032202266497157,0.6354910880170982,4.0,-0.049355140649606416
confirmation,37,3,anchor_frozen_conditioned_coarse4,4.0,0.08910833639937299,4.089255155975522,0.415469846681531,0.1846179693986392,0.0227003289889857,0.3694063935021848,0.5273279057381033,False,True,True,0.1363483354934009,0.7837635975247704,4.0,-0.049355140649606416
confirmation,37,3,anchor_frozen_conditioned_refined8,4.0,0.08910833639937299,4.089255155975522,0.415469846681531,0.1846179693986392,0.022700328988985708,0.3694063935021848,,False,True,True,0.07940314774759145,0.42836369473974584,4.0,-0.049355140649606416
confirmation,37,3,convex_box_conditioned_control,4.0,0.08910833639937299,4.089255155975522,0.415469846681531,0.1846179693986392,0.038549951695826715,0.3263615102911865,0.32636155828889907,False,True,True,0.24871093173825587,0.9999999999327441,4.0,-0.049355140649606416
confirmation,37,4,moving_conditioned_gaussian,5.0,0.16780734368422418,5.004824899601472,-0.3069435911060747,0.16973825521390135,0.9992159180088301,0.5366723681155843,0.47475093496721676,True,False,False,0.01764985162742607,0.8964541293851986,5.042434563803475,0.16780734368422418
confirmation,37,4,fixed_vertical_collision_repair,5.0,0.16780734368422418,5.004824899601472,-0.3069435911060747,0.16973825521390135,0.9974206957761759,0.4747509347902987,0.4747509347902989,False,True,True,0.04475133665394313,,,
confirmation,37,4,anchor_frozen_corridor_projection,5.0,0.16780734368422418,5.004824899601472,-0.3069435911060747,0.16973825521390135,0.9992159180088314,0.5366723681156613,,False,True,True,0.013387168842804232,,,
confirmation,37,4,fixed_uniform_conditioned_coarse4,5.0,0.16780734368422418,5.004824899601472,-0.3069435911060747,0.16973825521390135,0.7487103478880859,0.11379879342539427,0.4747509348753074,False,True,True,0.0007331144913161457,0.698859408270535,5.0,0.2951110350946502
confirmation,37,4,anchor_frozen_conditioned_coarse4,5.0,0.16780734368422418,5.004824899601472,-0.3069435911060747,0.16973825521390135,0.99921591800883,0.5366723681155773,,False,True,True,0.013387168842794481,0.8314163131316744,5.0,0.2951110350946502
confirmation,37,4,anchor_frozen_conditioned_refined8,5.0,0.16780734368422418,5.004824899601472,-0.3069435911060747,0.16973825521390135,0.99921591800883,0.5366723681155773,,False,True,True,0.0027509450943010694,0.7147630313466627,5.0,0.2951110350946502
confirmation,37,4,convex_box_conditioned_control,5.0,0.16780734368422418,5.004824899601472,-0.3069435911060747,0.16973825521390135,0.9974206957761717,0.47475093479020897,0.4747509348753074,False,True,True,0.044751336653912184,0.999999999974843,5.0,0.04050365227379815
confirmation,37,5,moving_conditioned_gaussian,6.045238419076,0.2465063509690754,5.885611116145772,-0.03698741993511834,0.17815788048433054,0.9581859864186595,0.30821537494283485,0.2834937709042198,True,False,False,0.30292546542919524,1.1074299377553907,6.096371970980975,0.12305903646777666
confirmation,37,5,fixed_vertical_collision_repair,6.045238419076,0.2465063509690754,5.885611116145772,-0.03698741993511834,0.17815788048433054,0.9442233653115926,0.2834937709041937,0.2834937709041937,False,True,True,0.3035554940774235,,,
confirmation,37,5,anchor_frozen_corridor_projection,6.045238419076,0.2465063509690754,5.885611116145772,-0.03698741993511834,0.17815788048433054,0.9581859864308238,0.3082153749670948,0.36300218539045476,False,True,True,0.215461168844351,,,
confirmation,37,5,fixed_uniform_conditioned_coarse4,6.045238419076,0.2465063509690754,5.885611116145772,-0.03698741993511834,0.17815788048433054,0.7221116826476124,0.10495747097259575,0.28349377090421196,False,True,True,0.04222332904968356,0.6196226045258407,6.045238419076,0.3801247613323233
confirmation,37,5,anchor_frozen_conditioned_coarse4,6.045238419076,0.2465063509690754,5.885611116145772,-0.03698741993511834,0.17815788048433054,0.9581859864186597,0.30821537494283535,0.36300218539081053,False,True,True,0.21546116878508867,0.8509177553797398,6.045238419076,0.3801247613323233
confirmation,37,5,anchor_frozen_conditioned_refined8,6.045238419076,0.2465063509690754,5.885611116145772,-0.03698741993511834,0.17815788048433054,0.9581859864186596,0.3082153749428351,,False,True,True,0.0013501763091479531,0.6645121036668664,6.045238419076,0.3801247613323233
confirmation,37,5,convex_box_conditioned_control,6.045238419076,0.2465063509690754,5.885611116145772,-0.03698741993511834,0.17815788048433054,0.9442233652952249,0.2834937708782688,0.283493770904212,False,True,True,0.30355549399464843,0.9999999960691501,6.045238419076,0.11288794060582749
confirmation,37,6,moving_conditioned_gaussian,7.0,0.3252053582539266,7.110296538154594,-0.31914727157943323,0.1778136438357791,0.9999244286270191,0.6737686700899611,0.644352631170195,True,False,False,0.003074469419506289,0.9252327889981986,7.0,0.4585655911307609
confirmation,37,6,fixed_vertical_collision_repair,7.0,0.3252053582539266,7.110296538154594,-0.31914727157943323,0.1778136438357791,0.9998548202450295,0.644352629833373,0.6443526298333598,False,True,True,0.00534010631937656,,,
confirmation,37,6,anchor_frozen_corridor_projection,7.0,0.3252053582539266,7.110296538154594,-0.31914727157943323,0.1778136438357791,0.9999244286273308,0.6737686702721365,0.9568629847235461,False,True,True,0.002778016798880155,,,
confirmation,37,6,fixed_uniform_conditioned_coarse4,7.0,0.3252053582539266,7.110296538154594,-0.31914727157943323,0.1778136438357791,0.7499274101222153,0.11989286527192677,0.6443526305839418,False,True,True,8.388548153093894e-06,0.7164672007443487,7.0,0.4585655911307609
confirmation,37,6,anchor_frozen_conditioned_coarse4,7.0,0.3252053582539266,7.110296538154594,-0.31914727157943323,0.1778136438357791,0.9999244286270192,0.6737686700900257,0.9568651859602889,False,True,True,0.0027780167960868626,0.9240115575655097,7.0,0.4585655911307609
confirmation,37,6,anchor_frozen_conditioned_refined8,7.0,0.3252053582539266,7.110296538154594,-0.31914727157943323,0.1778136438357791,0.9999244286270192,0.6737686700900257,,False,True,True,0.00030773893454528654,0.8568496539891984,7.0,0.4585655911307609
confirmation,37,6,convex_box_conditioned_control,7.0,0.3252053582539266,7.110296538154594,-0.31914727157943323,0.1778136438357791,0.9998548202444307,0.6443526296437974,0.6443526305839418,False,True,True,0.005340106314004699,0.999999949342652,7.0,0.19184512537709228
confirmation,38,0,moving_conditioned_gaussian,1.0621676592688236,-0.15119033163263698,0.9184856162928606,-0.05652753120666576,0.2213074395689927,0.3129075205365785,0.10791517867589948,0.09466279963384698,True,False,False,0.8012261247616801,1.223349719100037,1.0621676592688236,0.014790248044107557
confirmation,38,0,fixed_vertical_collision_repair,1.0621676592688236,-0.15119033163263698,0.9184856162928606,-0.05652753120666576,0.2213074395689927,0.33441896812579486,0.09466280042597122,0.09466280042597122,False,True,True,0.6202321670188322,,,
confirmation,38,0,anchor_frozen_corridor_projection,1.0621676592688236,-0.15119033163263698,0.9184856162928606,-0.05652753120666576,0.2213074395689927,0.31290751219123397,0.10791518388980582,0.12897094617442864,False,True,True,0.42374072947391084,,,
confirmation,38,0,fixed_uniform_conditioned_coarse4,1.0621676592688236,-0.15119033163263698,0.9184856162928606,-0.05652753120666576,0.2213074395689927,0.4172094891296339,0.04626154998639848,0.09466279975092057,False,True,True,0.15238468425085167,0.6090924707380708,1.0621676592688236,-0.3171709113093815
confirmation,38,0,anchor_frozen_conditioned_coarse4,1.0621676592688236,-0.15119033163263698,0.9184856162928606,-0.05652753120666576,0.2213074395689927,0.31290752053657844,0.10791517867589953,0.12897094593206046,False,True,True,0.4237406875197762,0.8703617053939994,1.0621676592688236,-0.3171709113093815
confirmation,38,0,anchor_frozen_conditioned_refined8,1.0621676592688236,-0.15119033163263698,0.9184856162928606,-0.05652753120666576,0.2213074395689927,0.31290752053657855,0.10791517867589948,0.5006597031189367,False,True,True,0.02699357907144817,0.4674279270262179,1.0621676592688236,-0.3171709113093815
confirmation,38,0,convex_box_conditioned_control,1.0621676592688236,-0.15119033163263698,0.9184856162928606,-0.05652753120666576,0.2213074395689927,0.3344189782592678,0.09466279426605964,0.09466279975092058,False,True,True,0.6202321232403879,0.9999996518880115,1.0621676592688236,0.014790248044107557
confirmation,38,1,moving_conditioned_gaussian,2.1549277170394956,-0.1747675143597897,1.9649303242387517,0.011960168076834421,0.18219239350044186,0.11689456953801526,0.21692824319991377,0.18672768243664306,True,False,False,0.5866642308271012,1.1474137884330684,2.2072192249111655,-0.04852464685906427
confirmation,38,1,fixed_vertical_collision_repair,2.1549277170394956,-0.1747675143597897,1.9649303242387517,0.011960168076834421,0.18219239350044186,0.15270687302682473,0.1867276824366241,0.18672768243662413,False,True,True,0.4868544517598576,,,
confirmation,38,1,anchor_frozen_corridor_projection,2.1549277170394956,-0.1747675143597897,1.9649303242387517,0.011960168076834421,0.18219239350044186,0.11689456953208295,0.21692824320541781,0.2835304425992484,False,True,True,0.28811342473045104,,,
confirmation,38,1,fixed_uniform_conditioned_coarse4,2.1549277170394956,-0.1747675143597897,1.9649303242387517,0.011960168076834421,0.18219239350044186,0.3263534365176683,0.08198747850495926,0.18672768243663898,False,True,True,0.10567150283432572,0.6250385472299002,2.1549277170394956,-0.3114118094851211
confirmation,38,1,anchor_frozen_conditioned_coarse4,2.1549277170394956,-0.1747675143597897,1.9649303242387517,0.011960168076834421,0.18219239350044186,0.11689456953801519,0.21692824319991377,0.2835304425999974,False,True,True,0.2881134247075814,0.8164679295239964,2.1549277170394956,-0.3114118094851211
confirmation,38,1,anchor_frozen_conditioned_refined8,2.1549277170394956,-0.1747675143597897,1.9649303242387517,0.011960168076834421,0.18219239350044186,0.1168945695380152,0.21692824319991377,,False,True,True,0.0003252019518806395,0.5403078855837753,2.1549277170394956,-0.3114118094851211
confirmation,38,1,convex_box_conditioned_control,2.1549277170394956,-0.1747675143597897,1.9649303242387517,0.011960168076834421,0.18219239350044186,0.15270687303533656,0.1867276824300515,0.18672768243663895,False,True,True,0.486854451721712,0.9999999992162601,2.1549277170394956,-0.03812321923445833
confirmation,38,2,moving_conditioned_gaussian,3.229095626012828,-0.19834469708694247,3.0833118105110624,-0.15492058485778193,0.2144856512858226,0.4085719355217211,0.049593378406717306,0.04342410729934046,True,False,False,0.8260987515375173,1.2884829700766083,3.229095626012828,-0.09110187144403117
confirmation,38,2,fixed_vertical_collision_repair,3.229095626012828,-0.19834469708694247,3.0833118105110624,-0.15492058485778193,0.2144856512858226,0.4197797525542808,0.04342411222916056,0.04342411222916054,False,True,True,0.6363798621973595,,,
confirmation,38,2,anchor_frozen_corridor_projection,3.229095626012828,-0.19834469708694247,3.0833118105110624,-0.15492058485778193,0.2144856512858226,0.40857192066374126,0.04959338661131373,0.05516143043061447,False,True,True,0.5084280363567296,,,
confirmation,38,2,fixed_uniform_conditioned_coarse4,3.229095626012828,-0.19834469708694247,3.0833118105110624,-0.15492058485778193,0.2144856512858226,0.4598898845684599,0.021601094120039053,0.043424108841487036,False,True,True,0.15750441844031526,0.577453055632194,3.229095626012828,-0.3592089355513094
confirmation,38,2,anchor_frozen_conditioned_coarse4,3.229095626012828,-0.19834469708694247,3.0833118105110624,-0.15492058485778193,0.2144856512858226,0.40857193552172105,0.049593378406717376,0.05516142784841352,False,True,True,0.5084279160478143,0.9135926276296059,3.229095626012828,-0.3592089355513094
confirmation,38,2,anchor_frozen_conditioned_refined8,3.229095626012828,-0.19834469708694247,3.0833118105110624,-0.15492058485778193,0.2144856512858226,0.40857193552172105,0.049593378406717376,0.10310348410577255,False,True,True,0.14546719713414435,0.5477560712745517,3.229095626012828,-0.3592089355513094
confirmation,38,2,convex_box_conditioned_control,3.229095626012828,-0.19834469708694247,3.0833118105110624,-0.15492058485778193,0.2144856512858226,0.4197797691369198,0.04342410312913876,0.043424108841487036,False,True,True,0.6363797924701708,0.9999995545437845,3.229095626012828,-0.03748045862257554
confirmation,38,3,moving_conditioned_gaussian,4.0,-0.22192187981409522,3.883892190153719,0.13251483978343137,0.20506879318698382,0.030695729070448347,0.3836151187125684,0.35443672015340644,True,False,False,0.2532260072711584,1.075764769797025,4.058857322235821,-0.07982773422741196
confirmation,38,3,fixed_vertical_collision_repair,4.0,-0.22192187981409522,3.883892190153719,0.13251483978343137,0.20506879318698382,0.04196009484345184,0.35443671959752654,0.3544367195975266,False,True,True,0.2606046154465762,,,
confirmation,38,3,anchor_frozen_corridor_projection,4.0,-0.22192187981409522,3.883892190153719,0.13251483978343137,0.20506879318698382,0.030695728493647084,0.3836151204182521,0.4541986543321913,False,True,True,0.1827848779810979,,,
confirmation,38,3,fixed_uniform_conditioned_coarse4,4.0,-0.22192187981409522,3.883892190153719,0.13251483978343137,0.20506879318698382,0.2709800478179285,0.12506153810350215,0.35443671997059434,False,True,True,0.03087890966851677,0.6194742521015052,4.0,-0.3757234747043331
confirmation,38,3,anchor_frozen_conditioned_coarse4,4.0,-0.22192187981409522,3.883892190153719,0.13251483978343137,0.20506879318698382,0.030695729070448357,0.3836151187125684,0.454198658885517,False,True,True,0.1827848750655253,0.8435441511644828,4.0,-0.3757234747043331
confirmation,38,3,anchor_frozen_conditioned_refined8,4.0,-0.22192187981409522,3.883892190153719,0.13251483978343137,0.20506879318698382,0.030695729070448353,0.3836151187125684,,False,True,True,0.009712008516969529,0.5865594835896809,4.0,-0.3757234747043331
confirmation,38,3,convex_box_conditioned_control,4.0,-0.22192187981409522,3.883892190153719,0.13251483978343137,0.20506879318698382,0.041960095635856974,0.3544367177835992,0.35443671997059434,False,True,True,0.2606046113228769,0.9999997807542866,4.0,-0.06812028492385735
confirmation,38,4,moving_conditioned_gaussian,5.083095995353053,-0.24549906254124795,4.913404818630676,-0.22739482114757936,0.18251619000354807,0.45715813330511973,0.019637989776792424,0.018104241258293963,True,False,False,0.7493516657176367,1.1933571192247432,5.030711553813485,-0.3719662917634123
confirmation,38,4,fixed_vertical_collision_repair,5.083095995353053,-0.24549906254124795,4.913404818630676,-0.22739482114757936,0.18251619000354807,0.46049270564065475,0.018104241393668608,0.018104241393674947,False,True,True,0.6367306156799581,,,
confirmation,38,4,anchor_frozen_corridor_projection,5.083095995353053,-0.24549906254124795,4.913404818630676,-0.22739482114757936,0.18251619000354807,0.4571581329906592,0.019637989921493383,0.02062112034746605,False,True,True,0.5755274547534132,,,
confirmation,38,4,fixed_uniform_conditioned_coarse4,5.083095995353053,-0.24549906254124795,4.913404818630676,-0.22739482114757936,0.18251619000354807,0.4802463529855092,0.009040994321689762,0.01810424130545274,False,True,True,0.15842507446262444,0.5640057036777936,5.083095995353053,-0.38238620504390897
confirmation,38,4,anchor_frozen_conditioned_coarse4,5.083095995353053,-0.24549906254124795,4.913404818630676,-0.22739482114757936,0.18251619000354807,0.4571581333051198,0.019637989776792424,0.02062112026570112,False,True,True,0.5755274518936199,0.958270588497139,5.083095995353053,-0.38238620504390897
confirmation,38,4,anchor_frozen_conditioned_refined8,5.083095995353053,-0.24549906254124795,4.913404818630676,-0.22739482114757936,0.18251619000354807,0.45715813330511973,0.019637989776792424,0.027223708911233296,False,True,True,0.32982773785836117,0.7076600039638696,5.083095995353053,-0.38238620504390897
confirmation,38,4,convex_box_conditioned_control,5.083095995353053,-0.24549906254124795,4.913404818630676,-0.22739482114757936,0.18251619000354807,0.4604927059710184,0.018104241241781734,0.01810424130545274,False,True,True,0.6367306136878506,0.999999990654487,5.083095995353053,-0.10861192003858691
confirmation,38,5,moving_conditioned_gaussian,6.182831808835554,-0.2690762452684007,6.016182060553376,-0.16506177712841483,0.17474380977877071,0.2593499851112773,0.11277103289289435,0.10401446813782886,True,False,False,0.6903368148257494,1.2223483123849739,6.132678138152535,-0.3901579172341396
confirmation,38,5,fixed_vertical_collision_repair,6.182831808835554,-0.2690762452684007,6.016182060553376,-0.16506177712841483,0.17474380977877071,0.27584159916212353,0.1040144681399859,0.10401446813998588,False,True,True,0.5945039380749133,,,
confirmation,38,5,anchor_frozen_corridor_projection,6.182831808835554,-0.2690762452684007,6.016182060553376,-0.16506177712841483,0.17474380977877071,0.2593499850325246,0.11277103293537528,0.11994178199495692,False,True,True,0.5129517913096044,,,
confirmation,38,5,fixed_uniform_conditioned_coarse4,6.182831808835554,-0.2690762452684007,6.016182060553376,-0.16506177712841483,0.17474380977877071,0.3879207996236813,0.04975695009689775,0.10401446813867893,False,True,True,0.14590088544232818,0.5668899431700936,6.182831808835554,-0.4001341026024787
confirmation,38,5,anchor_frozen_conditioned_coarse4,6.182831808835554,-0.2690762452684007,6.016182060553376,-0.16506177712841483,0.17474380977877071,0.2593499851112774,0.11277103289289427,0.11994178199421102,False,True,True,0.5129517909936407,0.9378221523959122,6.182831808835554,-0.4001341026024787
confirmation,38,5,anchor_frozen_conditioned_refined8,6.182831808835554,-0.2690762452684007,6.016182060553376,-0.16506177712841483,0.17474380977877071,0.2593499851112774,0.11277103289289427,0.16971115244785562,False,True,True,0.26238515247344685,0.7501714350597004,6.182831808835554,-0.4001341026024787
confirmation,38,5,convex_box_conditioned_control,6.182831808835554,-0.2690762452684007,6.016182060553376,-0.16506177712841483,0.17474380977877071,0.27584159924736257,0.10401446809541325,0.10401446813867901,False,True,True,0.5945039377121427,0.9999999958670514,6.182831808835554,-0.13801838793432264
confirmation,38,6,moving_conditioned_gaussian,7.0,-0.29265342799555344,6.955598792819081,0.4829887700207137,0.16975089362514156,8.880688304543961e-07,0.8109607178694554,0.7756422660916669,True,False,False,7.36000782261821e-05,0.993058130962949,7.0,-0.4199665982144096
confirmation,38,6,fixed_vertical_collision_repair,7.0,-0.29265342799555344,6.955598792819081,0.4829887700207137,0.16975089362514156,2.446817990493098e-06,0.7756421980170037,0.7756421980162671,False,True,True,0.0002004477804347136,,,
confirmation,38,6,anchor_frozen_corridor_projection,7.0,-0.29265342799555344,6.955598792819081,0.4829887700207137,0.16975089362514156,8.880688302457323e-07,0.8109607178779928,,False,True,True,7.274075562144932e-05,,,
confirmation,38,6,fixed_uniform_conditioned_coarse4,7.0,-0.29265342799555344,6.955598792819081,0.4829887700207137,0.16975089362514156,0.25000122340899555,0.11449458431314924,0.7756422327332799,False,True,True,9.851424025187217e-09,0.7524084192998534,7.0,-0.4199665982144096
confirmation,38,6,anchor_frozen_conditioned_coarse4,7.0,-0.29265342799555344,6.955598792819081,0.4829887700207137,0.16975089362514156,8.88068830454395e-07,0.8109607178694554,,False,True,True,7.27407556189424e-05,0.9930565239712918,7.0,-0.4199665982144096
confirmation,38,6,anchor_frozen_conditioned_refined8,7.0,-0.29265342799555344,6.955598792819081,0.4829887700207137,0.16975089362514156,8.880688304543959e-07,0.8109607178694554,,False,True,True,1.2849996869473797e-05,0.9373196177586145,7.0,-0.4199665982144096
confirmation,38,6,convex_box_conditioned_control,7.0,-0.29265342799555344,6.955598792819081,0.4829887700207137,0.16975089362514156,2.446817991068078e-06,0.7756421980073173,0.7756422327332799,False,True,True,0.00020044778042761248,0.9999999968308612,7.0,-0.16534025777669725
confirmation,39,0,moving_conditioned_gaussian,1.1159211773491822,0.09268903041723406,0.9694310995696194,-0.12193413393735975,0.21755180550500136,0.8674575064211771,0.24245121652519908,0.21462316701453688,True,False,False,0.5867302117655511,1.1051147181319936,1.1159211773491822,-0.07047482371151695
confirmation,39,0,fixed_vertical_collision_repair,1.1159211773491822,0.09268903041723406,0.9694310995696194,-0.12193413393735975,0.21755180550500136,0.8380654577167335,0.21462316435459386,0.2146231643545938,False,True,True,0.49829849686377187,,,
confirmation,39,0,anchor_frozen_corridor_projection,1.1159211773491822,0.09268903041723406,0.9694310995696194,-0.12193413393735975,0.21755180550500136,0.8674575068643872,0.24245121697493768,0.3006531464152945,False,True,True,0.32122346811105285,,,
confirmation,39,0,fixed_uniform_conditioned_coarse4,1.1159211773491822,0.09268903041723406,0.9694310995696194,-0.12193413393735975,0.21755180550500136,0.6690327285617685,0.0951231796880285,0.21462316660555697,False,True,True,0.1101373790123202,0.6307829241507765,1.1159211773491822,0.2558528845459851
confirmation,39,0,anchor_frozen_conditioned_coarse4,1.1159211773491822,0.09268903041723406,0.9694310995696194,-0.12193413393735975,0.21755180550500136,0.867457506421177,0.242451216525199,0.3006531619858729,False,True,True,0.3212234636895015,0.8499361140144204,1.1159211773491822,0.2558528845459851
confirmation,39,0,anchor_frozen_conditioned_refined8,1.1159211773491822,0.09268903041723406,0.9694310995696194,-0.12193413393735975,0.21755180550500136,0.8674575064211772,0.24245121652519927,,False,True,True,0.023226729511962807,0.4298980321955335,1.1159211773491822,0.2558528845459851
confirmation,39,0,convex_box_conditioned_control,1.1159211773491822,0.09268903041723406,0.9694310995696194,-0.12193413393735975,0.21755180550500136,0.838065457123537,0.21462316382834468,0.21462316660555697,False,True,True,0.49829848989380277,0.9999999469231423,1.1159211773491822,-0.07047482371151695
confirmation,39,1,moving_conditioned_gaussian,2.0,0.08640036494678391,2.0823291275164366,-0.21218245163643856,0.2273649711064124,0.938793621470904,0.3512163907768184,0.29858293234694855,True,False,False,0.4264452596159949,1.0859750253600484,1.9347433943430563,-0.07114301746464194
confirmation,39,1,fixed_vertical_collision_repair,2.0,0.08640036494678391,2.0823291275164366,-0.21218245163643856,0.2273649711064124,0.9054475048302277,0.2985828165832225,0.2985828165832225,False,True,True,0.3947766846507623,,,
confirmation,39,1,anchor_frozen_corridor_projection,2.0,0.08640036494678391,2.0823291275164366,-0.21218245163643856,0.2273649711064124,0.9387936221859553,0.3512163921205182,0.5018227215837917,False,True,True,0.21202291347714727,,,
confirmation,39,1,fixed_uniform_conditioned_coarse4,2.0,0.08640036494678391,2.0823291275164366,-0.21218245163643856,0.2273649711064124,0.7027237518286606,0.12101512432953893,0.2985828964369525,False,True,True,0.07128081407994763,0.6266530573400474,2.0,0.2569240932765932
confirmation,39,1,anchor_frozen_conditioned_coarse4,2.0,0.08640036494678391,2.0823291275164366,-0.21218245163643856,0.2273649711064124,0.938793621470904,0.3512163907768184,0.5018258371775085,False,True,True,0.2120228945303467,0.7764823003372893,2.0,0.2569240932765932
confirmation,39,1,anchor_frozen_conditioned_refined8,2.0,0.08640036494678391,2.0823291275164366,-0.21218245163643856,0.2273649711064124,0.9387936214709041,0.35121639077681865,,False,True,True,0.03254454025958023,0.4270865024235033,2.0,0.2569240932765932
confirmation,39,1,convex_box_conditioned_control,2.0,0.08640036494678391,2.0823291275164366,-0.21218245163643856,0.2273649711064124,0.9054475036573214,0.2985828149999202,0.29858289643695246,False,True,True,0.39477664839725424,0.9999997960857071,2.0,-0.0841233633830254
confirmation,39,2,moving_conditioned_gaussian,3.0,0.08011169947633376,2.968138706557683,-0.1326112159826972,0.19776950423991982,0.9161030419000905,0.27278884217058635,0.21272291558764325,True,False,False,0.6083700121932795,1.1460913959881727,3.056762334524756,-0.056924698365290766
confirmation,39,2,fixed_vertical_collision_repair,3.0,0.08011169947633376,2.968138706557683,-0.1326112159826972,0.19776950423991982,0.8589492101384342,0.21272291545903096,0.21272291545903096,False,True,True,0.4713427640117789,,,
confirmation,39,2,anchor_frozen_corridor_projection,3.0,0.08011169947633376,2.968138706557683,-0.1326112159826972,0.19776950423991982,0.9161030419045002,0.27278884217624594,,False,True,True,0.16481113374081868,,,
confirmation,39,2,fixed_uniform_conditioned_coarse4,3.0,0.08011169947633376,2.968138706557683,-0.1326112159826972,0.19776950423991982,0.6794746050645476,0.09220610026605404,0.212722915551721,False,True,True,0.09965425226338137,0.6324139452041868,3.0,0.22843882765627363
confirmation,39,2,anchor_frozen_conditioned_coarse4,3.0,0.08011169947633376,2.968138706557683,-0.1326112159826972,0.19776950423991982,0.9161030419000906,0.27278884217058635,,False,True,True,0.16481113369231742,0.6953185564764304,3.0,0.22843882765627363
confirmation,39,2,anchor_frozen_conditioned_refined8,3.0,0.08011169947633376,2.968138706557683,-0.1326112159826972,0.19776950423991982,0.9161030419000906,0.27278884217058635,,False,True,True,0.015580244346480199,0.4274726982349933,3.0,0.22843882765627363
confirmation,39,2,convex_box_conditioned_control,3.0,0.08011169947633376,2.968138706557683,-0.1326112159826972,0.19776950423991982,0.8589492101290952,0.2127229154507748,0.212722915551721,False,True,True,0.4713427638691261,0.9999999988975762,3.0,-0.06821542870360611
confirmation,39,3,moving_conditioned_gaussian,4.0,0.0738230340058836,4.015561988263498,-0.4548998315867381,0.15287342082036795,0.9999415265758956,0.5889356140303411,0.5287228665097271,True,False,False,0.002048262890200826,0.9441999163875783,4.0,0.18847809962115958
confirmation,39,3,fixed_vertical_collision_repair,4.0,0.0738230340058836,4.015561988263498,-0.4548998315867381,0.15287342082036795,0.9997284707297817,0.5287228655926232,0.5287228655926217,False,True,True,0.008630983101571748,,,
confirmation,39,3,anchor_frozen_corridor_projection,4.0,0.0738230340058836,4.015561988263498,-0.4548998315867381,0.15287342082036795,0.9999415265758956,0.5889356140303411,,False,True,True,0.0018398319989837342,,,
confirmation,39,3,fixed_uniform_conditioned_coarse4,4.0,0.0738230340058836,4.015561988263498,-0.4548998315867381,0.15287342082036795,0.7498642353648908,0.1030462522587546,0.5287228660491209,False,True,True,2.2814142426843325e-05,0.7400738381390637,4.0,0.18847809962115958
confirmation,39,3,anchor_frozen_conditioned_coarse4,4.0,0.0738230340058836,4.015561988263498,-0.4548998315867381,0.15287342082036795,0.9999415265758956,0.5889356140303411,,False,True,True,0.0018398319989837342,0.9440945890689505,4.0,0.18847809962115958
confirmation,39,3,anchor_frozen_conditioned_refined8,4.0,0.0738230340058836,4.015561988263498,-0.4548998315867381,0.15287342082036795,0.9999415265758956,0.5889356140303411,,False,True,True,0.0007416989872101026,0.8270067665293674,4.0,0.18847809962115958
confirmation,39,3,convex_box_conditioned_control,4.0,0.0738230340058836,4.015561988263498,-0.4548998315867381,0.15287342082036795,0.9997284707297817,0.5287228655926232,0.5287228660491209,False,True,True,0.008630983101571748,1.0000000000006748,4.0,0.03560467880079161
confirmation,39,4,moving_conditioned_gaussian,5.135764431774012,0.06753436853543343,4.977790559481541,0.053999628547268905,0.18683245210592153,0.5335498558260972,0.01573061800532674,0.01353473998756561,True,False,False,0.8590288932659691,1.2965597336558197,5.135764431774012,0.020826255508953048
confirmation,39,4,fixed_vertical_collision_repair,5.135764431774012,0.06753436853543343,4.977790559481541,0.053999628547268905,0.18683245210592153,0.5288753952674967,0.013534739988164528,0.013534739988164547,False,True,True,0.63655104553151,,,
confirmation,39,4,anchor_frozen_corridor_projection,5.135764431774012,0.06753436853543343,4.977790559481541,0.053999628547268905,0.18683245210592153,0.5335498558274389,0.015730618005957316,0.01834675018730364,False,True,True,0.46558895976644354,,,
confirmation,39,4,fixed_uniform_conditioned_coarse4,5.135764431774012,0.06753436853543343,4.977790559481541,0.053999628547268905,0.18683245210592153,0.5144376976329654,0.006762932041975101,0.01353473998770123,False,True,True,0.15820237906312773,0.5896855904786957,5.135764431774012,0.2076587076148746
confirmation,39,4,anchor_frozen_conditioned_coarse4,5.135764431774012,0.06753436853543343,4.977790559481541,0.053999628547268905,0.18683245210592153,0.5335498558260969,0.015730618005326633,0.01834675018691191,False,True,True,0.4655889597543714,0.8832054138644353,5.135764431774012,0.2076587076148746
confirmation,39,4,anchor_frozen_conditioned_refined8,5.135764431774012,0.06753436853543343,4.977790559481541,0.053999628547268905,0.18683245210592153,0.5335498558260972,0.01573061800532674,0.07843240979942569,False,True,True,0.026470758298159584,0.3884683507966699,5.135764431774012,0.2076587076148746
confirmation,39,4,convex_box_conditioned_control,5.135764431774012,0.06753436853543343,4.977790559481541,0.053999628547268905,0.18683245210592153,0.5288753952659309,0.01353473998742928,0.01353473998770132,False,True,True,0.636551045515056,0.9999999999355921,5.135764431774012,-0.07258997054400773
confirmation,39,5,moving_conditioned_gaussian,6.0,0.06124570306498328,6.019563653604682,0.3490049671609161,0.17999610674630395,0.028009131732330682,0.3439533975394426,0.2877592686926634,True,False,False,0.26645425297538006,1.011371945168074,5.904542649249383,0.15670305381560018
confirmation,39,5,fixed_vertical_collision_repair,6.0,0.06124570306498328,6.019563653604682,0.3490049671609161,0.17999610674630395,0.054943954836755904,0.2877592640959329,0.2877592640959583,False,True,True,0.30117056822146304,,,
confirmation,39,5,anchor_frozen_corridor_projection,6.0,0.06124570306498328,6.019563653604682,0.3490049671609161,0.17999610674630395,0.028009131732512623,0.34395339753893295,,False,True,True,0.12868529809668963,,,
confirmation,39,5,fixed_uniform_conditioned_coarse4,6.0,0.06124570306498328,6.019563653604682,0.3490049671609161,0.17999610674630395,0.27747197741818724,0.1062639427675584,0.2877592671179857,False,True,True,0.041551070081963265,0.6455630754864227,6.0,-0.07375137699474468
confirmation,39,5,anchor_frozen_conditioned_coarse4,6.0,0.06124570306498328,6.019563653604682,0.3490049671609161,0.17999610674630395,0.02800913173233068,0.3439533975394426,,False,True,True,0.12868529801983186,0.745274166884419,6.0,-0.07375137699474468
confirmation,39,5,anchor_frozen_conditioned_refined8,6.0,0.06124570306498328,6.019563653604682,0.3490049671609161,0.17999610674630395,0.02800913173233068,0.3439533975394426,,False,True,True,0.06410794605551043,0.4451414455307748,6.0,-0.07375137699474468
confirmation,39,5,convex_box_conditioned_control,6.0,0.06124570306498328,6.019563653604682,0.3490049671609161,0.17999610674630395,0.054943954836374514,0.2877592640965505,0.2877592671179857,False,True,True,0.3011705680363805,0.9999999999914283,6.0,-0.07375137699474468
confirmation,39,6,moving_conditioned_gaussian,7.0,0.054957037594533124,7.111963828600778,-0.4246167621137915,0.15481340376699587,0.9996711938582908,0.5273977638108367,0.47957380012735035,True,False,False,0.009569517353562129,0.9377180853771391,6.9178977942833395,-0.0271451681221272
confirmation,39,6,fixed_vertical_collision_repair,7.0,0.054957037594533124,7.111963828600778,-0.4246167621137915,0.15481340376699587,0.9990250330421577,0.47957379970832537,0.4795737997082881,False,True,True,0.022367273569923494,,,
confirmation,39,6,anchor_frozen_corridor_projection,7.0,0.054957037594533124,7.111963828600778,-0.4246167621137915,0.15481340376699587,0.9996711938582908,0.5273977638108367,,False,True,True,0.0074821781105161595,,,
confirmation,39,6,fixed_uniform_conditioned_coarse4,7.0,0.054957037594533124,7.111963828600778,-0.4246167621137915,0.15481340376699587,0.7495125165210789,0.10418268603435304,0.4795737999282332,False,True,True,0.0001685179885620046,0.7189410433749585,7.0,0.17106709041978002
confirmation,39,6,anchor_frozen_conditioned_coarse4,7.0,0.054957037594533124,7.111963828600778,-0.4246167621137915,0.15481340376699587,0.9996711938582908,0.5273977638108367,,False,True,True,0.0074821781105154144,0.8950231270780085,7.0,0.17106709041978002
confirmation,39,6,anchor_frozen_conditioned_refined8,7.0,0.054957037594533124,7.111963828600778,-0.4246167621137915,0.15481340376699587,0.999671193858291,0.527397763810851,,False,True,True,0.003117968945018662,0.7005349181068216,7.0,0.17106709041978002
confirmation,39,6,convex_box_conditioned_control,7.0,0.054957037594533124,7.111963828600778,-0.4246167621137915,0.15481340376699587,0.9990250330421577,0.47957379970832537,0.4795737999282332,False,True,True,0.022367273569923494,1.0000000000042226,7.0,0.016253686652784156
confirmation,40,0,moving_conditioned_gaussian,1.0,0.022262612243938627,1.00001538672328,0.4715632883671339,0.1556063538320509,0.0005783899505790376,0.5056160902936331,0.4493006803723966,True,False,False,0.014979322805760963,0.97519346847817,1.0389015884580126,0.022262612243938627
confirmation,40,0,fixed_vertical_collision_repair,1.0,0.022262612243938627,1.00001538672328,0.4715632883671339,0.1556063538320509,0.0019420856393814535,0.44930067612319485,0.4493006761231953,False,True,True,0.036673632878491874,,,
confirmation,40,0,anchor_frozen_corridor_projection,1.0,0.022262612243938627,1.00001538672328,0.4715632883671339,0.1556063538320509,0.0005783899505790406,0.5056160902936331,,False,True,True,0.01082935479725622,,,
confirmation,40,0,fixed_uniform_conditioned_coarse4,1.0,0.022262612243938627,1.00001538672328,0.4715632883671339,0.1556063538320509,0.25097104281969074,0.10447988665139779,0.44930067773157234,False,True,True,0.00048016287651018856,0.6813785359134145,1.0,-0.09444215313009954
confirmation,40,0,anchor_frozen_conditioned_coarse4,1.0,0.022262612243938627,1.00001538672328,0.4715632883671339,0.1556063538320509,0.000578389950579039,0.5056160902936331,,False,True,True,0.010829354797252739,0.7845587373057668,1.0,-0.09444215313009954
confirmation,40,0,anchor_frozen_conditioned_refined8,1.0,0.022262612243938627,1.00001538672328,0.4715632883671339,0.1556063538320509,0.0005783899505790389,0.5056160902936331,,False,True,True,0.006149862193135367,0.5951039139905625,1.0,-0.09444215313009954
confirmation,40,0,convex_box_conditioned_control,1.0,0.022262612243938627,1.00001538672328,0.4715632883671339,0.1556063538320509,0.001942085639381448,0.44930067612319485,0.4493006777315724,False,True,True,0.036673632878480945,1.0000000000000977,1.0,0.06116420070195135
confirmation,40,1,moving_conditioned_gaussian,1.8520261252133428,0.045583882912055035,2.0739917849169305,0.061712929454592835,0.15901478474619604,0.4564213615013944,0.017404740526916918,0.016129046542499907,True,False,False,0.742951841646492,1.1903034651141042,1.8520261252133428,-0.033923509461042986
confirmation,40,1,fixed_vertical_collision_repair,1.8520261252133428,0.045583882912055035,2.0739917849169305,0.061712929454592835,0.15901478474619604,0.4596041197575418,0.016129046542537794,0.01612904654250818,False,True,True,0.6367341524690134,,,
confirmation,40,1,anchor_frozen_corridor_projection,1.8520261252133428,0.045583882912055035,2.0739917849169305,0.061712929454592835,0.15901478474619604,0.45642136150139456,0.017404740526916828,0.018150232523571355,False,True,True,0.5836067912916142,,,
confirmation,40,1,fixed_uniform_conditioned_coarse4,1.8520261252133428,0.045583882912055035,2.0739917849169305,0.061712929454592835,0.15901478474619604,0.4798020598787709,0.008054158698990496,0.016129046542508137,False,True,True,0.1584350967941668,0.5594506212737825,1.8520261252133428,-0.073677205647592
confirmation,40,1,anchor_frozen_conditioned_coarse4,1.8520261252133428,0.045583882912055035,2.0739917849169305,0.061712929454592835,0.15901478474619604,0.4564213615013945,0.017404740526916828,0.018150232523571425,False,True,True,0.5836067912916053,0.963623610043905,1.8520261252133428,-0.073677205647592
confirmation,40,1,anchor_frozen_conditioned_refined8,1.8520261252133428,0.045583882912055035,2.0739917849169305,0.061712929454592835,0.15901478474619604,0.4564213615013945,0.017404740526916828,0.06871489879072248,False,True,True,0.047601696747618584,0.39494251019464793,1.8520261252133428,0.16484497147170207
confirmation,40,1,convex_box_conditioned_control,1.8520261252133428,0.045583882912055035,2.0739917849169305,0.061712929454592835,0.15901478474619604,0.45960411975754173,0.016129046542537794,0.016129046542508206,False,True,True,0.6367341524689974,0.99999999999998,1.8520261252133428,-0.073677205647592
confirmation,40,2,moving_conditioned_gaussian,2.9018846025132334,0.06890515358017145,3.1173920738000507,0.2505219667178935,0.17158594798862697,0.11197022729995242,0.2086685436508968,0.18161681315845235,True,False,False,0.5621653488715427,1.1712570289166844,2.8526372778718043,0.18779871264010042
confirmation,40,2,fixed_vertical_collision_repair,2.9018846025132334,0.06890515358017145,3.1173920738000507,0.2505219667178935,0.17158594798862697,0.14492295438895958,0.181616813137722,0.18161681313772204,False,True,True,0.47663304269542034,,,
confirmation,40,2,anchor_frozen_corridor_projection,2.9018846025132334,0.06890515358017145,3.1173920738000507,0.2505219667178935,0.17158594798862697,0.11197022729997794,0.2086685436508737,0.2629846400912601,False,True,True,0.3000266562614497,,,
confirmation,40,2,fixed_uniform_conditioned_coarse4,2.9018846025132334,0.06890515358017145,3.1173920738000507,0.2505219667178935,0.17158594798862697,0.32246147719446216,0.07907138373524902,0.18161681315360284,False,True,True,0.10170037417116393,0.6198100873910134,2.9018846025132334,-0.05978430741129877
confirmation,40,2,anchor_frozen_conditioned_coarse4,2.9018846025132334,0.06890515358017145,3.1173920738000507,0.2505219667178935,0.17158594798862697,0.11197022729995244,0.2086685436508968,0.26298464031791646,False,True,True,0.30002665624911573,0.8282689420453525,2.9018846025132334,-0.05978430741129877
confirmation,40,2,anchor_frozen_conditioned_refined8,2.9018846025132334,0.06890515358017145,3.1173920738000507,0.2505219667178935,0.17158594798862697,0.11197022729995242,0.2086685436508968,,False,True,True,0.12396939359392392,0.39087836512165897,2.9018846025132334,0.19759461457164168
confirmation,40,2,convex_box_conditioned_control,2.9018846025132334,0.06890515358017145,3.1173920738000507,0.2505219667178935,0.17158594798862697,0.14492295438892427,0.18161681313774858,0.18161681315360284,False,True,True,0.47663304267510553,0.9999999999993207,2.9018846025132334,-0.05978430741129877
confirmation,40,3,moving_conditioned_gaussian,4.138230103553452,0.09222642424828786,3.9334370510985366,0.26698829574152894,0.20699749812844742,0.16173495359902565,0.20437947807922396,0.17476190085636523,True,False,False,0.68955586972553,1.2143507385653598,4.138230103553452,0.24747454784462342
confirmation,40,3,fixed_vertical_collision_repair,4.138230103553452,0.09222642424828786,3.9334370510985366,0.26698829574152894,0.20699749812844742,0.19925914656267169,0.17476187149324116,0.17476187149324107,False,True,True,0.5381049202827131,,,
confirmation,40,3,anchor_frozen_corridor_projection,4.138230103553452,0.09222642424828786,3.9334370510985366,0.26698829574152894,0.20699749812844742,0.16173495396685564,0.20437947776848814,0.25556408136109,False,True,True,0.33943344490308636,,,
confirmation,40,3,fixed_uniform_conditioned_coarse4,4.138230103553452,0.09222642424828786,3.9334370510985366,0.26698829574152894,0.20699749812844742,0.349629573035255,0.07996742557880958,0.17476189324440072,False,True,True,0.12564182744813673,0.6077096601521743,4.138230103553452,-0.06302169934804769
confirmation,40,3,anchor_frozen_conditioned_coarse4,4.138230103553452,0.09222642424828786,3.9334370510985366,0.26698829574152894,0.20699749812844742,0.1617349535990256,0.20437947807922405,0.25556420686693226,False,True,True,0.3394333850491594,0.8287215729046495,4.138230103553452,-0.06302169934804769
confirmation,40,3,anchor_frozen_conditioned_refined8,4.138230103553452,0.09222642424828786,3.9334370510985366,0.26698829574152894,0.20699749812844742,0.16173495359902562,0.20437947807922405,0.5617496022052348,False,True,True,0.12851104269184804,0.391653505465251,4.138230103553452,0.24747454784462342
confirmation,40,3,convex_box_conditioned_control,4.138230103553452,0.09222642424828786,3.9334370510985366,0.26698829574152894,0.20699749812844742,0.19925914607051,0.17476187185794784,0.17476189324440072,False,True,True,0.5381048210258206,0.9999999910862757,4.138230103553452,-0.06302169934804769
confirmation,40,4,moving_conditioned_gaussian,5.18369569769886,0.11554769491640428,4.996090036610987,0.1369754121340121,0.1576912261552929,0.44085046927146204,0.023466555157429164,0.021427717217610123,True,False,False,0.7642938102601511,1.219890709738071,5.18369569769886,0.1549705014552275
confirmation,40,4,fixed_vertical_collision_repair,5.18369569769886,0.11554769491640428,4.996090036610987,0.1369754121340121,0.1576912261552929,0.44595648552441824,0.021427717217607826,0.021427717217607847,False,True,True,0.6368070748910103,,,
confirmation,40,4,anchor_frozen_corridor_projection,5.18369569769886,0.11554769491640428,4.996090036610987,0.1369754121340121,0.1576912261552929,0.4408504692714634,0.023466555157428633,0.02477111884603765,False,True,True,0.5682952309239746,,,
confirmation,40,4,fixed_uniform_conditioned_coarse4,5.18369569769886,0.11554769491640428,4.996090036610987,0.1369754121340121,0.1576912261552929,0.47297824276220846,0.010689159001653278,0.021427717217609152,False,True,True,0.15842136413688923,0.5628800385665925,5.18369569769886,-0.0027207247000654022
confirmation,40,4,anchor_frozen_conditioned_coarse4,5.18369569769886,0.11554769491640428,4.996090036610987,0.1369754121340121,0.1576912261552929,0.44085046927146204,0.023466555157429164,0.024771118846039344,False,True,True,0.5682952309238996,0.9535224490628909,5.18369569769886,-0.0027207247000654022
confirmation,40,4,anchor_frozen_conditioned_refined8,5.18369569769886,0.11554769491640428,4.996090036610987,0.1369754121340121,0.1576912261552929,0.44085046927146215,0.023466555157429164,0.04524784527266938,False,True,True,0.17273348466045868,0.5048627928742718,5.18369569769886,0.23381611453287396
confirmation,40,4,convex_box_conditioned_control,5.18369569769886,0.11554769491640428,4.996090036610987,0.1369754121340121,0.1576912261552929,0.44595648552441686,0.021427717217608357,0.021427717217609263,False,True,True,0.636807074890005,1.0000000000001477,5.18369569769886,0.036702081838757825
confirmation,40,5,moving_conditioned_gaussian,6.270752026855532,0.1388689655845207,6.084448212442364,0.016242103303167332,0.20573297329178286,0.7728231610801786,0.15392458471297765,0.12262686227122037,True,False,False,0.907161841968994,1.373154777089903,6.270752026855532,-0.015430764384316453
confirmation,40,5,fixed_vertical_collision_repair,6.270752026855532,0.1388689655845207,6.084448212442364,0.016242103303167332,0.20573297329178286,0.7244286387009071,0.12262686228135333,0.12262686228135336,False,True,True,0.5943537774329619,,,
confirmation,40,5,anchor_frozen_corridor_projection,6.270752026855532,0.1388689655845207,6.084448212442364,0.016242103303167332,0.20573297329178286,0.7728231614409564,0.1539245849591197,0.22198837509587538,False,True,True,0.28933514117047354,,,
confirmation,40,5,fixed_uniform_conditioned_coarse4,6.270752026855532,0.1388689655845207,6.084448212442364,0.016242103303167332,0.20573297329178286,0.6122143190794516,0.05865344168533238,0.12262686227377848,False,True,True,0.1458540732442681,0.609781407208382,6.270752026855532,0.29316869555335784
confirmation,40,5,anchor_frozen_conditioned_coarse4,6.270752026855532,0.1388689655845207,6.084448212442364,0.016242103303167332,0.20573297329178286,0.7728231610801786,0.15392458471297765,0.22198837516241865,False,True,True,0.28933513951015266,0.7636248718748084,6.270752026855532,0.29316869555335784
confirmation,40,5,anchor_frozen_conditioned_refined8,6.270752026855532,0.1388689655845207,6.084448212442364,0.016242103303167332,0.20573297329178286,0.7728231610801785,0.1539245847129776,,False,True,True,0.0025416284276977594,0.4362340720891116,6.270752026855532,0.29316869555335784
confirmation,40,5,convex_box_conditioned_control,6.270752026855532,0.1388689655845207,6.084448212442364,0.016242103303167332,0.20573297329178286,0.7244286381589031,0.12262686194750969,0.12262686227377845,False,True,True,0.5943537750541616,0.9999999750564539,6.270752026855532,-0.015430764384316453
confirmation,40,6,moving_conditioned_gaussian,7.0,0.1621902362526371,7.022968345433645,-0.22788154533639515,0.21062577646511957,0.9865762763870406,0.46626832687709874,0.39007179902223066,True,False,False,0.15609229041155237,0.8263612827575061,6.939547753688324,0.016245603331071057
confirmation,40,6,fixed_vertical_collision_repair,7.0,0.1621902362526371,7.022968345433645,-0.22788154533639515,0.21062577646511957,0.9679846489711373,0.39007178158903216,0.3900717815890567,False,True,True,0.22408393903855175,,,
confirmation,40,6,anchor_frozen_corridor_projection,7.0,0.1621902362526371,7.022968345433645,-0.22788154533639515,0.21062577646511957,0.9865762764839545,0.46626832747021285,,False,True,True,0.07002652575603881,,,
confirmation,40,6,fixed_uniform_conditioned_coarse4,7.0,0.1621902362526371,7.022968345433645,-0.22788154533639515,0.21062577646511957,0.733992324349183,0.13162689608686612,0.3900717947285015,False,True,True,0.022560952108488137,0.6864663086622961,7.0,0.32015956860147676
confirmation,40,6,anchor_frozen_conditioned_coarse4,7.0,0.1621902362526371,7.022968345433645,-0.22788154533639515,0.21062577646511957,0.9865762763870406,0.46626832687709874,,False,True,True,0.0700265252462574,0.7901075601983429,7.0,0.32015956860147676
confirmation,40,6,anchor_frozen_conditioned_refined8,7.0,0.1621902362526371,7.022968345433645,-0.22788154533639515,0.21062577646511957,0.9865762763870405,0.46626832687709807,,False,True,True,0.009434862010978972,0.6262806953788723,7.0,0.32015956860147676
confirmation,40,6,convex_box_conditioned_control,7.0,0.1621902362526371,7.022968345433645,-0.22788154533639515,0.21062577646511957,0.967984648698366,0.3900717807888901,0.3900717947285015,False,True,True,0.22408393739343038,0.9999998977154999,7.0,0.004220903903797424
confirmation,41,0,moving_conditioned_gaussian,0.9068742582046604,-0.1913586464098746,1.0634610169714485,-0.11258559707270444,0.15484114709333874,0.2935824002825656,0.084070872217423,0.07877304933716997,True,False,False,0.6893176072744974,1.2186165947279635,0.9513156144354303,-0.29864957135245346
confirmation,41,0,fixed_vertical_collision_repair,0.9068742582046604,-0.1913586464098746,1.0634610169714485,-0.11258559707270444,0.15484114709333874,0.30546913248751567,0.07877304933717019,0.07877304933717016,False,True,True,0.609158623898463,,,
confirmation,41,0,anchor_frozen_corridor_projection,0.9068742582046604,-0.1913586464098746,1.0634610169714485,-0.11258559707270444,0.15484114709333874,0.2935824002825551,0.08407087221742769,0.08793700671309725,False,True,True,0.5458223373530197,,,
confirmation,41,0,fixed_uniform_conditioned_coarse4,0.9068742582046604,-0.1913586464098746,1.0634610169714485,-0.11258559707270444,0.15484114709333874,0.40273456624376336,0.03813354924597683,0.07877304933717003,False,True,True,0.1500683403537199,0.56441588487266,0.9068742582046604,-0.3074895067298786
confirmation,41,0,anchor_frozen_conditioned_coarse4,0.9068742582046604,-0.1913586464098746,1.0634610169714485,-0.11258559707270444,0.15484114709333874,0.2935824002825656,0.084070872217423,0.08793700671309715,False,True,True,0.5458223373529768,0.955400633411348,0.9068742582046604,-0.3074895067298786
confirmation,41,0,anchor_frozen_conditioned_refined8,0.9068742582046604,-0.1913586464098746,1.0634610169714485,-0.11258559707270444,0.15484114709333874,0.29358240028256566,0.08407087221742295,0.14937525286268638,False,True,True,0.19059470206818907,0.6717410851277162,0.9068742582046604,-0.3074895067298786
confirmation,41,0,convex_box_conditioned_control,0.9068742582046604,-0.1913586464098746,1.0634610169714485,-0.11258559707270444,0.15484114709333874,0.3054691324875268,0.0787730493371653,0.07877304933717004,False,True,True,0.6091586238984149,0.9999999999993937,0.9068742582046604,-0.07522778608987055
confirmation,41,1,moving_conditioned_gaussian,2.0,-0.14589912182867545,2.1131682175148137,0.28917546617375334,0.17007502734211258,0.002861236960196527,0.46996386894038733,0.43507458808136246,True,False,False,0.050282773304855824,0.9848703413296424,1.9098040961419285,-0.055703217970603985
confirmation,41,1,fixed_vertical_collision_repair,2.0,-0.14589912182867545,2.1131682175148137,0.28917546617375334,0.17007502734211258,0.005261787471279367,0.43507458800242876,0.4350745880024288,False,True,True,0.07281584813813688,,,
confirmation,41,1,anchor_frozen_corridor_projection,2.0,-0.14589912182867545,2.1131682175148137,0.28917546617375334,0.17007502734211258,0.0028612369601944618,0.4699638689404282,0.675357767592959,False,True,True,0.039091098427735754,,,
confirmation,41,1,fixed_uniform_conditioned_coarse4,2.0,-0.14589912182867545,2.1131682175148137,0.28917546617375334,0.17007502734211258,0.25263089373564157,0.1133097009628779,0.43507458804984855,False,True,True,0.0020700421430386554,0.6726067569799349,2.0,-0.2734553923352599
confirmation,41,1,anchor_frozen_conditioned_coarse4,2.0,-0.14589912182867545,2.1131682175148137,0.28917546617375334,0.17007502734211258,0.002861236960196523,0.46996386894038733,0.6753578315681907,False,True,True,0.03909109842772059,0.84091124164751,2.0,-0.2734553923352599
confirmation,41,1,anchor_frozen_conditioned_refined8,2.0,-0.14589912182867545,2.1131682175148137,0.28917546617375334,0.17007502734211258,0.002861236960196522,0.4699638689403895,,False,True,True,0.00831904209769526,0.6067233428952351,2.0,-0.2734553923352599
confirmation,41,1,convex_box_conditioned_control,2.0,-0.14589912182867545,2.1131682175148137,0.28917546617375334,0.17007502734211258,0.005261787471283165,0.43507458800238635,0.43507458804984855,False,True,True,0.07281584813810997,0.9999999999886929,2.0,-0.018342851322091014
confirmation,41,2,moving_conditioned_gaussian,2.826500421870341,-0.1004395972474763,3.0359100647481725,-0.3100463930544515,0.20498165787913833,0.8755268498281643,0.23632591590702595,0.20960687753070079,True,False,False,0.5739942829079595,1.2059666996830245,2.7872788796658035,-0.1951287763748597
confirmation,41,2,fixed_vertical_collision_repair,2.826500421870341,-0.1004395972474763,3.0359100647481725,-0.3100463930544515,0.20498165787913833,0.8467429022354884,0.20960679580697517,0.20960679580697517,False,True,True,0.4875568281724131,,,
confirmation,41,2,anchor_frozen_corridor_projection,2.826500421870341,-0.1004395972474763,3.0359100647481725,-0.3100463930544515,0.20498165787913833,0.8755268494621294,0.2363259155414639,0.2752636892617661,False,True,True,0.3522144653946488,,,
confirmation,41,2,fixed_uniform_conditioned_coarse4,2.826500421870341,-0.1004395972474763,3.0359100647481725,-0.3100463930544515,0.20498165787913833,0.6733714513479616,0.09208636861916411,0.2096068460031148,False,True,True,0.10594507618430803,0.5885472029858198,2.826500421870341,0.053296646161877445
confirmation,41,2,anchor_frozen_conditioned_coarse4,2.826500421870341,-0.1004395972474763,3.0359100647481725,-0.3100463930544515,0.20498165787913833,0.8755268498281643,0.23632591590702595,0.27526389207588475,False,True,True,0.3522143988108509,0.8523248791688796,2.826500421870341,0.053296646161877445
confirmation,41,2,anchor_frozen_conditioned_refined8,2.826500421870341,-0.1004395972474763,3.0359100647481725,-0.3100463930544515,0.20498165787913833,0.8755268498281644,0.23632591590702604,0.48116486115457957,False,True,True,0.15721510776749195,0.40364251028673176,2.826500421870341,-0.25417584065683
confirmation,41,2,convex_box_conditioned_control,2.826500421870341,-0.1004395972474763,3.0359100647481725,-0.3100463930544515,0.20498165787913833,0.8467429026959233,0.20960679620602787,0.2096068460031148,False,True,True,0.4875567327825651,0.9999999924216108,2.826500421870341,0.053296646161877445
confirmation,41,3,moving_conditioned_gaussian,4.0,-0.054980072666277136,3.937712462036527,0.4548922555581637,0.19891781161706157,0.0030492130619748327,0.5455205156747089,0.5098736089232083,True,False,False,0.0516220282834761,0.9012180918584577,4.057091913181127,0.08285199843742716
confirmation,41,3,fixed_vertical_collision_repair,4.0,-0.054980072666277136,3.937712462036527,0.4548922555581637,0.19891781161706157,0.005185149276088432,0.5098723282244401,0.5098723282244408,False,True,True,0.07210499500023193,,,
confirmation,41,3,anchor_frozen_corridor_projection,4.0,-0.054980072666277136,3.937712462036527,0.4548922555581637,0.19891781161706157,0.003049213062335907,0.5455205156669736,0.717898317259987,False,True,True,0.041883893619250254,,,
confirmation,41,3,fixed_uniform_conditioned_coarse4,4.0,-0.054980072666277136,3.937712462036527,0.4548922555581637,0.19891781161706157,0.2525925746377365,0.1325495885862186,0.5098731757524433,False,True,True,0.0020271259766968283,0.6807572912579455,4.0,-0.2041684313790733
confirmation,41,3,anchor_frozen_conditioned_coarse4,4.0,-0.054980072666277136,3.937712462036527,0.4548922555581637,0.19891781161706157,0.0030492130619748327,0.5455205156747089,0.7179335018851201,False,True,True,0.041883893382520944,0.8691076404350994,4.0,-0.2041684313790733
confirmation,41,3,anchor_frozen_conditioned_refined8,4.0,-0.054980072666277136,3.937712462036527,0.4548922555581637,0.19891781161706157,0.0030492130619748327,0.5455205156747089,,False,True,True,0.016440828402956673,0.5200676837076923,4.0,-0.2041684313790733
confirmation,41,3,convex_box_conditioned_control,4.0,-0.054980072666277136,3.937712462036527,0.4548922555581637,0.19891781161706157,0.005185149275473029,0.5098723282326377,0.5098731757524433,False,True,True,0.07210499459056088,0.9999999991111369,4.0,0.04447883314225365
confirmation,41,4,moving_conditioned_gaussian,5.205162953603359,-0.009520548085077983,5.004890367029964,-0.08307320840401544,0.19155912585629706,0.670211473779058,0.08438125522876024,0.07355266032628122,True,False,False,0.8181464687623499,1.3120429866485224,5.205162953603359,-0.15318989247730078
confirmation,41,4,fixed_vertical_collision_repair,5.205162953603359,-0.009520548085077983,5.004890367029964,-0.08307320840401544,0.19155912585629706,0.649499083536136,0.07355266031893748,0.07355266031893745,False,True,True,0.6250949038610576,,,
confirmation,41,4,anchor_frozen_corridor_projection,5.205162953603359,-0.009520548085077983,5.004890367029964,-0.08307320840401544,0.19155912585629706,0.6702114737785067,0.08438125522846854,0.09398366398800054,False,True,True,0.4920361969368483,,,
confirmation,41,4,fixed_uniform_conditioned_coarse4,5.205162953603359,-0.009520548085077983,5.004890367029964,-0.08307320840401544,0.19155912585629706,0.5747495417683788,0.03610493592695918,0.07355266032342622,False,True,True,0.1535554400846662,0.5736717506729412,5.205162953603359,0.1341487963071448
confirmation,41,4,anchor_frozen_conditioned_coarse4,5.205162953603359,-0.009520548085077983,5.004890367029964,-0.08307320840401544,0.19155912585629706,0.6702114737790579,0.08438125522876018,0.09398366399645972,False,True,True,0.49203619690234435,0.9070466433366428,5.205162953603359,0.1341487963071448
confirmation,41,4,anchor_frozen_conditioned_refined8,5.205162953603359,-0.009520548085077983,5.004890367029964,-0.08307320840401544,0.19155912585629706,0.6702114737790579,0.08438125522876018,,False,True,True,0.03813383880282804,0.34680982062732146,5.205162953603359,-0.15318989247730078
confirmation,41,4,convex_box_conditioned_control,5.205162953603359,-0.009520548085077983,5.004890367029964,-0.08307320840401544,0.19155912585629706,0.6494990835367576,0.07355266031925878,0.07355266032342622,False,True,True,0.625094903527043,0.9999999998978164,5.205162953603359,0.03836923337899628
confirmation,41,5,moving_conditioned_gaussian,6.0,0.035938976496121176,5.88912133505497,0.4598204658115862,0.21231819358802773,0.012773115028091359,0.47411526576987545,0.423886144590455,True,False,False,0.13898456732471257,0.9071885153435378,6.060937991306867,0.18305630157293212
confirmation,41,5,fixed_vertical_collision_repair,6.0,0.035938976496121176,5.88912133505497,0.4598204658115862,0.21231819358802773,0.022942780708857392,0.42388148931546527,0.42388148931546504,False,True,True,0.18471964870945648,,,
confirmation,41,5,anchor_frozen_corridor_projection,6.0,0.035938976496121176,5.88912133505497,0.4598204658115862,0.21231819358802773,0.012773115183028597,0.47411526477210203,0.773187540107257,False,True,True,0.09173038216099622,,,
confirmation,41,5,fixed_uniform_conditioned_coarse4,6.0,0.035938976496121176,5.88912133505497,0.4598204658115862,0.21231819358802773,0.26147139020702176,0.13563221279900292,0.4238851577188395,False,True,True,0.015034915690388765,0.6892291580880459,6.0,-0.12329966869489961
confirmation,41,5,anchor_frozen_conditioned_coarse4,6.0,0.035938976496121176,5.88912133505497,0.4598204658115862,0.21231819358802773,0.012773115028091343,0.47411526576987545,0.773751400309015,False,True,True,0.09173034631248368,0.8543591820000476,6.0,-0.12329966869489961
confirmation,41,5,anchor_frozen_conditioned_refined8,6.0,0.035938976496121176,5.88912133505497,0.4598204658115862,0.21231819358802773,0.012773115028091347,0.47411526576987545,,False,True,True,0.04459310749106884,0.519669469238698,6.0,-0.12329966869489961
confirmation,41,5,convex_box_conditioned_control,6.0,0.035938976496121176,5.88912133505497,0.4598204658115862,0.21231819358802773,0.02294278041404352,0.4238814904666061,0.42388515771883944,False,True,True,0.18471957576151266,0.9999999897594244,6.0,-0.017140571900885755
confirmation,41,6,moving_conditioned_gaussian,7.0,0.08139850107732034,6.986309141339702,-0.31096307826257086,0.22428113394899057,0.9777182225948968,0.4505249358623835,0.39236231114159337,True,False,False,0.21469139269438423,0.890684408975574,7.064371505615751,-0.07400806081060067
confirmation,41,6,fixed_vertical_collision_repair,7.0,0.08139850107732034,6.986309141339702,-0.31096307826257086,0.22428113394899057,0.9598906528905752,0.39236157933989096,0.3923615793398942,False,True,True,0.2542237239670248,,,
confirmation,41,6,anchor_frozen_corridor_projection,7.0,0.08139850107732034,6.986309141339702,-0.31096307826257086,0.22428113394899057,0.9777182227156784,0.4505249363729944,0.7328622552847315,False,True,True,0.1261334694132318,,,
confirmation,41,6,fixed_uniform_conditioned_coarse4,7.0,0.08139850107732034,6.986309141339702,-0.31096307826257086,0.22428113394899057,0.7299453263320947,0.13740530854627675,0.3923620865131712,False,True,True,0.029335339941239585,0.6542036709515411,7.0,0.24960935153906327
confirmation,41,6,anchor_frozen_conditioned_coarse4,7.0,0.08139850107732034,6.986309141339702,-0.31096307826257086,0.22428113394899057,0.9777182225948968,0.4505249358623835,0.7329681794013344,False,True,True,0.12613345733805692,0.7913394692198097,7.0,0.24960935153906327
confirmation,41,6,anchor_frozen_conditioned_refined8,7.0,0.08139850107732034,6.986309141339702,-0.31096307826257086,0.22428113394899057,0.9777182225948967,0.450524935862383,,False,True,True,0.030952434565287987,0.48350731518951773,7.0,0.24960935153906327
confirmation,41,6,convex_box_conditioned_control,7.0,0.08139850107732034,6.986309141339702,-0.31096307826257086,0.22428113394899057,0.9598906526641894,0.3923615787519911,0.39236208651317117,False,True,True,0.2542236991437483,0.9999998773290576,7.0,-0.0868123493844226
confirmation,42,0,moving_conditioned_gaussian,0.9435336601431984,-0.15287828268563008,1.0981990131964288,0.045316954422379374,0.20935906687903738,0.14649130464783908,0.22016222210841832,0.19819523718444684,True,False,False,0.5944871005377288,1.1522858759313865,0.8834449754106816,-0.007811365059226888
confirmation,42,0,fixed_vertical_collision_repair,0.9435336601431984,-0.15287828268563008,1.0981990131964288,0.045316954422379374,0.20935906687903738,0.17190191151925777,0.19819523710800951,0.19819523710800943,False,True,True,0.5098976139984465,,,
confirmation,42,0,anchor_frozen_corridor_projection,0.9435336601431984,-0.15287828268563008,1.0981990131964288,0.045316954422379374,0.20935906687903738,0.14649130388430354,0.22016222280495895,0.2515672636205738,False,True,True,0.38174875955242693,,,
confirmation,42,0,fixed_uniform_conditioned_coarse4,0.9435336601431984,-0.15287828268563008,1.0981990131964288,0.045316954422379374,0.20935906687903738,0.3359509562226092,0.08867176940175532,0.19819523716502707,False,True,True,0.11467288704583195,0.600394347002365,0.9435336601431984,-0.3098975828449081
confirmation,42,0,anchor_frozen_conditioned_coarse4,0.9435336601431984,-0.15287828268563008,1.0981990131964288,0.045316954422379374,0.20935906687903738,0.14649130464783908,0.22016222210841832,0.2515672638660925,False,True,True,0.3817487563725195,0.8791621415878962,0.9435336601431984,-0.3098975828449081
confirmation,42,0,anchor_frozen_conditioned_refined8,0.9435336601431984,-0.15287828268563008,1.0981990131964288,0.045316954422379374,0.20935906687903738,0.14649130464783908,0.22016222210841832,,False,True,True,0.004791320572193042,0.48815760938403524,0.9435336601431984,-0.3098975828449081
confirmation,42,0,convex_box_conditioned_control,0.9435336601431984,-0.15287828268563008,1.0981990131964288,0.045316954422379374,0.20935906687903738,0.17190191244521832,0.19819523634736685,0.1981952371650271,False,True,True,0.5098976097979525,0.9999999342215585,0.9435336601431984,0.004141017473647951
confirmation,42,1,moving_conditioned_gaussian,2.0,-0.11159332914825745,1.892170392653488,0.42137411425926674,0.16779147835431035,0.0004321159648483717,0.558973584621746,0.5329674491115384,True,False,False,0.0126721847274696,0.9687070312275469,2.0889848691272364,-0.022608460021020974
confirmation,42,1,fixed_vertical_collision_repair,2.0,-0.11159332914825745,1.892170392653488,0.42137411425926674,0.16779147835431035,0.0007456588019697038,0.5329674434075212,0.5329674434075242,False,True,True,0.018381869865332932,,,
confirmation,42,1,anchor_frozen_corridor_projection,2.0,-0.11159332914825745,1.892170392653488,0.42137411425926674,0.16779147835431035,0.0004321159648483376,0.558973584621746,0.7163890612974695,False,True,True,0.010631227882673434,,,
confirmation,42,1,fixed_uniform_conditioned_coarse4,2.0,-0.11159332914825745,1.892170392653488,0.42137411425926674,0.16779147835431035,0.2503728294009849,0.11297684981034858,0.5329674466911596,False,True,True,0.0001114048154878302,0.6801172069887983,2.0,-0.2374369379139902
confirmation,42,1,anchor_frozen_conditioned_coarse4,2.0,-0.11159332914825745,1.892170392653488,0.42137411425926674,0.16779147835431035,0.00043211596484837145,0.558973584621746,0.7163895301955447,False,True,True,0.010631227882671086,0.871177461976576,2.0,-0.2374369379139902
confirmation,42,1,anchor_frozen_conditioned_refined8,2.0,-0.11159332914825745,1.892170392653488,0.42137411425926674,0.16779147835431035,0.0004321159648483712,0.558973584621746,,False,True,True,0.0034897723506813693,0.5843587754871623,2.0,-0.2374369379139902
confirmation,42,1,convex_box_conditioned_control,2.0,-0.11159332914825745,1.892170392653488,0.42137411425926674,0.16779147835431035,0.0007456588019697621,0.5329674434075212,0.5329674466911596,False,True,True,0.01838186986532982,0.999999999998721,2.0,0.014250279617475298
confirmation,42,2,moving_conditioned_gaussian,3.0,-0.07030837561088482,3.049235163695918,0.3671622985345856,0.15685914193427758,0.0014088917357562988,0.46852998102682325,0.43747067421395003,True,False,False,0.031169871449656043,1.0064663047698867,2.9637702623199096,-0.055301526902571785
confirmation,42,2,fixed_vertical_collision_repair,3.0,-0.07030837561088482,3.049235163695918,0.3671622985345856,0.15685914193427758,0.0026440462283715675,0.4374706741454706,0.4374706741454704,False,True,True,0.04553024576918761,,,
confirmation,42,2,anchor_frozen_corridor_projection,3.0,-0.07030837561088482,3.049235163695918,0.3671622985345856,0.15685914193427758,0.0014088917357562992,0.46852998102682325,0.6795319541442841,False,True,True,0.024104444525464085,,,
confirmation,42,2,fixed_uniform_conditioned_coarse4,3.0,-0.07030837561088482,3.049235163695918,0.3671622985345856,0.15685914193427758,0.2513220231141858,0.10514822558968238,0.43747067418194574,False,True,True,0.0007605370027474621,0.6645561373479344,3.0,-0.18795273206159302
confirmation,42,2,anchor_frozen_conditioned_coarse4,3.0,-0.07030837561088482,3.049235163695918,0.3671622985345856,0.15685914193427758,0.0014088917357562992,0.46852998102682325,0.679532046608359,False,True,True,0.024104444525463304,0.8254157150090832,3.0,-0.18795273206159302
confirmation,42,2,anchor_frozen_conditioned_refined8,3.0,-0.07030837561088482,3.049235163695918,0.3671622985345856,0.15685914193427758,0.0014088917357562996,0.46852998102682325,,False,True,True,0.00865984913591794,0.5288806765436029,3.0,-0.18795273206159302
confirmation,42,2,convex_box_conditioned_control,3.0,-0.07030837561088482,3.049235163695918,0.3671622985345856,0.15685914193427758,0.0026440462283715675,0.4374706741454706,0.4374706741819457,False,True,True,0.04553024576918763,1.0000000000007154,3.0,-0.031093590127315426
confirmation,42,3,moving_conditioned_gaussian,3.87376132316473,-0.029023422073512183,4.089616284025166,-0.015127139580764726,0.19220293520520962,0.4678738304062392,0.015494554645432427,0.013896282492254372,True,False,False,0.791281904082195,1.2553570712299722,3.87376132316473,0.019027311727790222
confirmation,42,3,fixed_vertical_collision_repair,3.87376132316473,-0.029023422073512183,4.089616284025166,-0.015127139580764726,0.19220293520520962,0.47118156107265285,0.013896282492747453,0.013896282492747459,False,True,True,0.6365523944666354,,,
confirmation,42,3,anchor_frozen_corridor_projection,3.87376132316473,-0.029023422073512183,4.089616284025166,-0.015127139580764726,0.19220293520520962,0.4678738304050357,0.015494554646014132,0.016620076352638506,False,True,True,0.5515356999257985,,,
confirmation,42,3,fixed_uniform_conditioned_coarse4,3.87376132316473,-0.029023422073512183,4.089616284025166,-0.015127139580764726,0.19220293520520962,0.48559078053697213,0.006943602729903751,0.013896282492439509,False,True,True,0.1582006768257671,0.5666052555435424,3.87376132316473,-0.1731756234774194
confirmation,42,3,anchor_frozen_conditioned_coarse4,3.87376132316473,-0.029023422073512183,4.089616284025166,-0.015127139580764726,0.19220293520520962,0.46787383040623926,0.015494554645432375,0.016620076352383547,False,True,True,0.5515356999043579,0.9412598313078525,3.87376132316473,-0.1731756234774194
confirmation,42,3,anchor_frozen_conditioned_refined8,3.87376132316473,-0.029023422073512183,4.089616284025166,-0.015127139580764726,0.19220293520520962,0.4678738304062393,0.015494554645432375,0.22788161802224433,False,True,True,0.0027354853874685943,0.3676147648126717,3.87376132316473,-0.1731756234774194
confirmation,42,3,convex_box_conditioned_control,3.87376132316473,-0.029023422073512183,4.089616284025166,-0.015127139580764726,0.19220293520520962,0.47118156107394427,0.013896282492123649,0.013896282492439509,False,True,True,0.6365523944418827,0.9999999998703166,3.87376132316473,0.019027311727790222
confirmation,42,4,moving_conditioned_gaussian,5.0,0.012261531463860456,5.003890231873765,0.44792353286943887,0.16679573975555925,0.0012534420898982208,0.5041416669001182,0.4356620166757751,True,False,False,0.026042261714951078,0.9322931173491877,5.04169893493889,0.012261531463860456
confirmation,42,4,fixed_vertical_collision_repair,5.0,0.012261531463860456,5.003890231873765,0.44792353286943887,0.16679573975555925,0.004501381333231994,0.4356620014055788,0.4356620014055784,False,True,True,0.06556882124445114,,,
confirmation,42,4,anchor_frozen_corridor_projection,5.0,0.012261531463860456,5.003890231873765,0.44792353286943887,0.16679573975555925,0.0012534420898983648,0.5041416669001093,,False,True,True,0.017833212327641863,,,
confirmation,42,4,fixed_uniform_conditioned_coarse4,5.0,0.012261531463860456,5.003890231873765,0.44792353286943887,0.16679573975555925,0.25225069066661576,0.1113234690198095,0.43566200805708205,False,True,True,0.0016549065998614062,0.682423128331132,5.0,-0.11283527335280898
confirmation,42,4,anchor_frozen_conditioned_coarse4,5.0,0.012261531463860456,5.003890231873765,0.44792353286943887,0.16679573975555925,0.0012534420898982204,0.5041416669001182,,False,True,True,0.01783321232749567,0.776393201867434,5.0,-0.11283527335280898
confirmation,42,4,anchor_frozen_conditioned_refined8,5.0,0.012261531463860456,5.003890231873765,0.44792353286943887,0.16679573975555925,0.0012534420898982202,0.5041416669001182,,False,True,True,0.00929824712451194,0.6007127763998701,5.0,-0.11283527335280898
confirmation,42,4,convex_box_conditioned_control,5.0,0.012261531463860456,5.003890231873765,0.44792353286943887,0.16679573975555925,0.0045013813332314715,0.43566200140558436,0.43566200805708205,False,True,True,0.06556882124390857,1.0000000000015798,5.0,-0.029437403475029357
confirmation,42,5,moving_conditioned_gaussian,6.0,0.053546485001233095,6.052472210299604,0.389806005364258,0.16885963189766154,0.010154684054483751,0.3918527676163262,0.33625952231209727,True,False,False,0.1232908429057057,0.9530175632164986,5.910448656912375,0.14309782808885865
confirmation,42,5,fixed_vertical_collision_repair,6.0,0.053546485001233095,6.052472210299604,0.389806005364258,0.16885963189766154,0.02322092074818501,0.33625952036302487,0.3362595203630249,False,True,True,0.1860387246573327,,,
confirmation,42,5,anchor_frozen_corridor_projection,6.0,0.053546485001233095,6.052472210299604,0.389806005364258,0.16885963189766154,0.010154684054486956,0.3918527676163061,,False,True,True,0.07050995888362518,,,
confirmation,42,5,fixed_uniform_conditioned_coarse4,6.0,0.053546485001233095,6.052472210299604,0.389806005364258,0.16885963189766154,0.2616104603740885,0.10779801969518084,0.3362595217364001,False,True,True,0.015262374854854472,0.6821527583038566,6.0,-0.07309823892201306
confirmation,42,5,anchor_frozen_conditioned_coarse4,6.0,0.053546485001233095,6.052472210299604,0.389806005364258,0.16885963189766154,0.010154684054483736,0.3918527676163262,,False,True,True,0.0705099588814133,0.802589965480343,6.0,-0.07309823892201306
confirmation,42,5,anchor_frozen_conditioned_refined8,6.0,0.053546485001233095,6.052472210299604,0.389806005364258,0.16885963189766154,0.010154684054483734,0.3918527676163262,,False,True,True,0.038368913675002426,0.5457836357475021,6.0,-0.07309823892201306
confirmation,42,5,convex_box_conditioned_control,6.0,0.053546485001233095,6.052472210299604,0.389806005364258,0.16885963189766154,0.023220920748177103,0.33625952036304946,0.33625952173640006,False,True,True,0.1860387246514209,0.999999999999629,6.0,-0.07309823892201306
confirmation,42,6,moving_conditioned_gaussian,7.0,0.09483143853860573,6.903067371915684,-0.35098741655919086,0.15584238367235095,0.9991471526478358,0.48890879591271075,0.4458188551304674,True,False,False,0.02128797955946946,1.0075071061624687,7.082647904718247,0.012183533820359416
confirmation,42,6,fixed_vertical_collision_repair,7.0,0.09483143853860573,6.903067371915684,-0.35098741655919086,0.15584238367235095,0.9978864892540517,0.4458188550977956,0.4458188550977966,False,True,True,0.038927178693305996,,,
confirmation,42,6,anchor_frozen_corridor_projection,7.0,0.09483143853860573,6.903067371915684,-0.35098741655919086,0.15584238367235095,0.9991471526478358,0.48890879591271075,,False,True,True,0.015597515170110083,,,
confirmation,42,6,fixed_uniform_conditioned_coarse4,7.0,0.09483143853860573,6.903067371915684,-0.35098741655919086,0.15584238367235095,0.7489432446270259,0.10459642118913845,0.4458188551119704,False,True,True,0.0005450112372833622,0.6713956360104607,7.0,0.21171322629286896
confirmation,42,6,anchor_frozen_conditioned_coarse4,7.0,0.09483143853860573,6.903067371915684,-0.35098741655919086,0.15584238367235095,0.9991471526478357,0.4889087959127047,,False,True,True,0.015597515170108862,0.7937038215917257,7.0,0.21171322629286896
confirmation,42,6,anchor_frozen_conditioned_refined8,7.0,0.09483143853860573,6.903067371915684,-0.35098741655919086,0.15584238367235095,0.9991471526478358,0.48890879591271075,,False,True,True,0.004940461433895117,0.5870912483526532,7.0,0.21171322629286896
confirmation,42,6,convex_box_conditioned_control,7.0,0.09483143853860573,6.903067371915684,-0.35098741655919086,0.15584238367235095,0.9978864892540517,0.4458188550977956,0.4458188551119705,False,True,True,0.038927178693305996,1.0000000000024054,7.0,0.13379203445669346
confirmation,43,0,moving_conditioned_gaussian,1.0,0.08115056410666505,1.025917064012338,0.449388355174396,0.16819584457075507,0.0056150690425099195,0.42645298202004167,0.3682378063260229,True,False,False,0.08066332798601647,0.9554168957554148,0.9223036508738149,0.11333344566160591
confirmation,43,0,fixed_vertical_collision_repair,1.0,0.08115056410666505,1.025917064012338,0.449388355174396,0.16819584457075507,0.014286089983094587,0.36823779106773114,0.36823779106773097,False,True,True,0.1386623981674868,,,
confirmation,43,0,anchor_frozen_corridor_projection,1.0,0.08115056410666505,1.025917064012338,0.449388355174396,0.16819584457075507,0.005615069042518533,0.42645298201995196,,False,True,True,0.05098533022161229,,,
confirmation,43,0,fixed_uniform_conditioned_coarse4,1.0,0.08115056410666505,1.025917064012338,0.449388355174396,0.16819584457075507,0.25714304499153606,0.10969369745350979,0.36823780010836576,False,True,True,0.00818487504607203,0.6751250762675668,1.0,-0.044996319321401246
confirmation,43,0,anchor_frozen_conditioned_coarse4,1.0,0.08115056410666505,1.025917064012338,0.449388355174396,0.16819584457075507,0.005615069042509923,0.42645298202004167,,False,True,True,0.05098533021596153,0.7839643411091298,1.0,-0.044996319321401246
confirmation,43,0,anchor_frozen_conditioned_refined8,1.0,0.08115056410666505,1.025917064012338,0.449388355174396,0.16819584457075507,0.0056150690425099195,0.42645298202004167,,False,True,True,0.03212118010324809,0.5492330992208588,1.0,-0.044996319321401246
confirmation,43,0,convex_box_conditioned_control,1.0,0.08115056410666505,1.025917064012338,0.449388355174396,0.16819584457075507,0.014286089983072101,0.368237791067835,0.3682378001083658,False,True,True,0.13866239815191425,0.9999999999995928,1.0,-0.044996319321401246
confirmation,43,1,moving_conditioned_gaussian,2.2099711941499276,0.04018196133116234,1.9865589755802673,0.3689619973902971,0.18725203953395025,0.026361056934873003,0.3627427912303908,0.32878007006800547,True,False,False,0.24383989514309098,1.1058266528828244,2.2637148840545893,0.16993070639097052
confirmation,43,1,fixed_vertical_collision_repair,2.2099711941499276,0.04018196133116234,1.9865589755802673,0.3689619973902971,0.18725203953395025,0.039559957244626444,0.3287800360591347,0.32878003605913475,False,True,True,0.25229612926242256,,,
confirmation,43,1,anchor_frozen_corridor_projection,2.2099711941499276,0.04018196133116234,1.9865589755802673,0.3689619973902971,0.18725203953395025,0.026361056935717463,0.3627427912278028,0.4568748539496676,False,True,True,0.16049094938136185,,,
confirmation,43,1,fixed_uniform_conditioned_coarse4,2.2099711941499276,0.04018196133116234,1.9865589755802673,0.3689619973902971,0.18725203953395025,0.2697799786216772,0.1148751109274639,0.3287800549905675,False,True,True,0.028876469019219714,0.609770590064282,2.2099711941499276,-0.10025706831930034
confirmation,43,1,anchor_frozen_conditioned_coarse4,2.2099711941499276,0.04018196133116234,1.9865589755802673,0.3689619973902971,0.18725203953395025,0.026361056934873013,0.3627427912303908,0.4568752375153314,False,True,True,0.1604909490336857,0.7950469992136686,2.2099711941499276,-0.10025706831930034
confirmation,43,1,anchor_frozen_conditioned_refined8,2.2099711941499276,0.04018196133116234,1.9865589755802673,0.3689619973902971,0.18725203953395025,0.02636105693487301,0.3627427912303908,,False,True,True,0.07553916843393663,0.37278472348480823,2.2099711941499276,-0.10025706831930034
confirmation,43,1,convex_box_conditioned_control,2.2099711941499276,0.04018196133116234,1.9865589755802673,0.3689619973902971,0.18725203953395025,0.039559957243354385,0.32878003606192396,0.3287800549905675,False,True,True,0.2522961287051799,0.9999999999571269,2.2099711941499276,-0.053444058435812784
confirmation,43,2,moving_conditioned_gaussian,3.1346413358142384,-0.0007866414443403538,2.9294826765027975,-0.09115363352697203,0.17916080271939877,0.7048431618310811,0.09645686674013697,0.0903669920830397,True,False,False,0.690072796400521,1.212502939491178,3.0832199326167804,0.12335560755121841
confirmation,43,2,fixed_vertical_collision_repair,3.1346413358142384,-0.0007866414443403538,2.9294826765027975,-0.09115363352697203,0.17916080271939877,0.6930064747454768,0.09036699208263166,0.09036699208263169,False,True,True,0.609819137788611,,,
confirmation,43,2,anchor_frozen_corridor_projection,3.1346413358142384,-0.0007866414443403538,2.9294826765027975,-0.09115363352697203,0.17916080271939877,0.7048431618310714,0.09645686674013196,0.10069346154222475,False,True,True,0.5486464668703894,,,
confirmation,43,2,fixed_uniform_conditioned_coarse4,3.1346413358142384,-0.0007866414443403538,2.9294826765027975,-0.09115363352697203,0.17916080271939877,0.5965032373727435,0.04377013117192672,0.09036699208286961,False,True,True,0.15023243331331365,0.5603216541017039,3.1346413358142384,0.13358396059520874
confirmation,43,2,anchor_frozen_conditioned_coarse4,3.1346413358142384,-0.0007866414443403538,2.9294826765027975,-0.09115363352697203,0.17916080271939877,0.7048431618310811,0.09645686674013697,0.10069346154256786,False,True,True,0.5486464668613111,0.9565682911751576,3.1346413358142384,0.13358396059520874
confirmation,43,2,anchor_frozen_conditioned_refined8,3.1346413358142384,-0.0007866414443403538,2.9294826765027975,-0.09115363352697203,0.17916080271939877,0.7048431618310811,0.09645686674013697,,False,True,True,0.05032866914288586,0.35748054412452956,3.1346413358142384,0.13358396059520874
confirmation,43,2,convex_box_conditioned_control,3.1346413358142384,-0.0007866414443403538,2.9294826765027975,-0.09115363352697203,0.17916080271939877,0.693006474745487,0.09036699208263688,0.09036699208286961,False,True,True,0.6098191377783293,0.9999999999964468,3.1346413358142384,-0.045576842124190046
confirmation,43,3,moving_conditioned_gaussian,4.0,-0.04175524421984306,3.963298630078583,0.4774629527277572,0.1714520055856237,0.0004888723626708723,0.5652521516900452,0.5192182526715705,True,False,False,0.011809767696750231,0.9407783096167193,4.0,-0.17034424840906084
confirmation,43,3,fixed_vertical_collision_repair,4.0,-0.04175524421984306,3.963298630078583,0.4774629527277572,0.1714520055856237,0.0012294296047943205,0.5192181969475999,0.5192181969476002,False,True,True,0.026460196593950065,,,
confirmation,43,3,anchor_frozen_corridor_projection,4.0,-0.04175524421984306,3.963298630078583,0.4774629527277572,0.1714520055856237,0.000488872362670959,0.5652521516900452,,False,True,True,0.010257667750471131,,,
confirmation,43,3,fixed_uniform_conditioned_coarse4,4.0,-0.04175524421984306,3.963298630078583,0.4774629527277572,0.1714520055856237,0.25061471480239705,0.11531117542282208,0.5192182356008108,False,True,True,0.00024037984281142296,0.73544011207367,4.0,-0.17034424840906084
confirmation,43,3,anchor_frozen_conditioned_coarse4,4.0,-0.04175524421984306,3.963298630078583,0.4774629527277572,0.1714520055856237,0.0004888723626708716,0.5652521516900452,,False,True,True,0.010257667750365176,0.9403778791518422,4.0,-0.17034424840906084
confirmation,43,3,anchor_frozen_conditioned_refined8,4.0,-0.04175524421984306,3.963298630078583,0.4774629527277572,0.1714520055856237,0.0004888723626708717,0.5652521516900452,,False,True,True,0.004582869331702583,0.7055268252337962,4.0,-0.17034424840906084
confirmation,43,3,convex_box_conditioned_control,4.0,-0.04175524421984306,3.963298630078583,0.4774629527277572,0.1714520055856237,0.0012294296047940972,0.5192181969476092,0.5192182356008108,False,True,True,0.026460196593676627,1.0000000000000266,4.0,0.0011077571765628694
confirmation,43,4,moving_conditioned_gaussian,4.883687154296292,-0.08272384699534577,5.037785031434916,0.0338387336502709,0.18545199207489144,0.2525729953555964,0.12358795641644874,0.1165625806458342,True,False,False,0.6543876986522523,1.189764580287405,4.9369142079459145,-0.21122532180142392
confirmation,43,4,fixed_vertical_collision_repair,4.883687154296292,-0.08272384699534577,5.037785031434916,0.0338387336502709,0.18545199207489144,0.2648276231760229,0.11656258064561663,0.1165625806456167,False,True,True,0.5881300339966529,,,
confirmation,43,4,anchor_frozen_corridor_projection,4.883687154296292,-0.08272384699534577,5.037785031434916,0.0338387336502709,0.18545199207489144,0.25257299535456396,0.12358795641704802,0.12909230126557855,False,True,True,0.529176024816391,,,
confirmation,43,4,fixed_uniform_conditioned_coarse4,4.883687154296292,-0.08272384699534577,5.037785031434916,0.0338387336502709,0.18545199207489144,0.38241381158855825,0.05547747105704898,0.11656258064575489,False,True,True,0.14385949876502255,0.5639888432674894,4.883687154296292,-0.22181284105151436
confirmation,43,4,anchor_frozen_conditioned_coarse4,4.883687154296292,-0.08272384699534577,5.037785031434916,0.0338387336502709,0.18545199207489144,0.25257299535559635,0.12358795641644874,0.12909230126580074,False,True,True,0.5291760248096682,0.9539334367471779,4.883687154296292,-0.22181284105151436
confirmation,43,4,anchor_frozen_conditioned_refined8,4.883687154296292,-0.08272384699534577,5.037785031434916,0.0338387336502709,0.18545199207489144,0.2525729953555963,0.12358795641644879,,False,True,True,0.006455996743071005,0.42793364464074285,4.883687154296292,-0.22181284105151436
confirmation,43,4,convex_box_conditioned_control,4.883687154296292,-0.08272384699534577,5.037785031434916,0.0338387336502709,0.18545199207489144,0.2648276231771165,0.11656258064499726,0.1165625806457549,False,True,True,0.5881300339891663,0.9999999999321891,4.883687154296292,0.05636514706082282
confirmation,43,5,moving_conditioned_gaussian,6.053516195952936,-0.12369244977084846,5.913233978629569,-0.304066591143761,0.2244758028529267,0.809108693026752,0.196330238118932,0.18037474420062344,True,False,False,0.6323833336657548,1.1584084990489605,6.053516195952936,-0.2920493019105435
confirmation,43,5,fixed_vertical_collision_repair,6.053516195952936,-0.12369244977084846,5.913233978629569,-0.304066591143761,0.2244758028529267,0.7891671828370286,0.18037414137291247,0.18037414137291252,False,True,True,0.548603821680015,,,
confirmation,43,5,anchor_frozen_corridor_projection,6.053516195952936,-0.12369244977084846,5.913233978629569,-0.304066591143761,0.2244758028529267,0.8091086766844635,0.19633022463923963,0.21435704258345406,False,True,True,0.4492174730536693,,,
confirmation,43,5,fixed_uniform_conditioned_coarse4,6.053516195952936,-0.12369244977084846,5.913233978629569,-0.304066591143761,0.2244758028529267,0.6445836006529508,0.08322167569431242,0.18037458738053203,False,True,True,0.1296561987045759,0.5873452207800467,6.053516195952936,0.04466440236884657
confirmation,43,5,anchor_frozen_conditioned_coarse4,6.053516195952936,-0.12369244977084846,5.913233978629569,-0.304066591143761,0.2244758028529267,0.809108693026752,0.196330238118932,0.2143578614879455,False,True,True,0.4492156019648676,0.9146486841675451,6.053516195952936,0.04466440236884657
confirmation,43,5,anchor_frozen_conditioned_refined8,6.053516195952936,-0.12369244977084846,5.913233978629569,-0.304066591143761,0.2244758028529267,0.809108693026752,0.196330238118932,0.35088112166001934,False,True,True,0.18678234612053446,0.4390451954296308,6.053516195952936,-0.2920493019105435
confirmation,43,5,convex_box_conditioned_control,6.053516195952936,-0.12369244977084846,5.913233978629569,-0.304066591143761,0.2244758028529267,0.7891672013059018,0.1803741557246663,0.18037458738053203,False,True,True,0.5486014744760416,0.9999997202919518,6.053516195952936,0.04466440236884657
confirmation,43,6,moving_conditioned_gaussian,7.0,-0.16466105254635116,6.9967715293536195,0.36316196989862704,0.2233645115545787,0.005062091980796961,0.5743949614299558,0.5278249802706589,True,False,False,0.07217292651885789,0.8776826849687029,7.0,-0.3321844362122852
confirmation,43,6,fixed_vertical_collision_repair,7.0,-0.16466105254635116,6.9967715293536195,0.36316196989862704,0.2233645115545787,0.009062446312518348,0.5278230224449778,0.5278230224449783,False,True,True,0.10402318534618991,,,
confirmation,43,6,anchor_frozen_corridor_projection,7.0,-0.16466105254635116,6.9967715293536195,0.36316196989862704,0.2233645115545787,0.005062091704809684,0.5743949656466237,0.8209833412814294,False,True,True,0.05633511908393918,,,
confirmation,43,6,fixed_uniform_conditioned_coarse4,7.0,-0.16466105254635116,6.9967715293536195,0.36316196989862704,0.2233645115545787,0.25453122340614476,0.147487198218925,0.5278244164804673,False,True,True,0.004434537943127499,0.6894846067406984,7.0,-0.3321844362122852
confirmation,43,6,anchor_frozen_conditioned_coarse4,7.0,-0.16466105254635116,6.9967715293536195,0.36316196989862704,0.2233645115545787,0.005062091980796967,0.5743949614299558,0.821102700323755,False,True,True,0.056335116099112265,0.8701804457422316,7.0,-0.3321844362122852
confirmation,43,6,anchor_frozen_conditioned_refined8,7.0,-0.16466105254635116,6.9967715293536195,0.36316196989862704,0.2233645115545787,0.0050620919807969665,0.5743949614299558,,False,True,True,0.01248820605374735,0.6095776235299359,7.0,-0.3321844362122852
confirmation,43,6,convex_box_conditioned_control,7.0,-0.16466105254635116,6.9967715293536195,0.36316196989862704,0.2233645115545787,0.009062446812289513,0.5278230178800539,0.5278244164804673,False,True,True,0.10402317982668972,0.9999993771976501,7.0,0.002862331119582867
confirmation,44,0,moving_conditioned_gaussian,0.9514994129710668,-0.10137822752074632,1.095172572808207,-0.17112674002582562,0.17572456448253954,0.6749036115623849,0.07969010544695274,0.06974851250774658,True,False,False,0.809811479795813,1.2448661676773678,0.9514994129710668,-0.23317165088265096
confirmation,44,0,fixed_vertical_collision_repair,0.9514994129710668,-0.10137822752074632,1.095172572808207,-0.17112674002582562,0.17572456448253954,0.6542866010919878,0.0697485125050793,0.0697485125050793,False,True,True,0.623740224863553,,,
confirmation,44,0,anchor_frozen_corridor_projection,0.9514994129710668,-0.10137822752074632,1.095172572808207,-0.17112674002582562,0.17572456448253954,0.6749036115620535,0.07969010544679096,0.093003259665498,False,True,True,0.4473533576278214,,,
confirmation,44,0,fixed_uniform_conditioned_coarse4,0.9514994129710668,-0.10137822752074632,1.095172572808207,-0.17112674002582562,0.17572456448253954,0.5771433005461899,0.03419436271132185,0.06974851250724251,False,True,True,0.15304183074664168,0.5993138800874674,0.9514994129710668,0.030415195841158316
confirmation,44,0,anchor_frozen_conditioned_coarse4,0.9514994129710668,-0.10137822752074632,1.095172572808207,-0.17112674002582562,0.17572456448253954,0.674903611562385,0.07969010544695279,0.09300325967029147,False,True,True,0.4473533576135173,0.8822818136797519,0.9514994129710668,0.030415195841158316
confirmation,44,0,anchor_frozen_conditioned_refined8,0.9514994129710668,-0.10137822752074632,1.095172572808207,-0.17112674002582562,0.17572456448253954,0.6749036115623848,0.0796901054469527,0.17481384352892432,False,True,True,0.13869731997144333,0.43428066162057777,0.9514994129710668,-0.23317165088265096
confirmation,44,0,convex_box_conditioned_control,0.9514994129710668,-0.10137822752074632,1.095172572808207,-0.17112674002582562,0.17572456448253954,0.6542866010923798,0.06974851250526613,0.06974851250724251,False,True,True,0.6237402246961022,0.9999999999904463,0.9514994129710668,0.030415195841158316
confirmation,44,1,moving_conditioned_gaussian,2.0,-0.07218629829274374,2.05932789006466,-0.40331719374624264,0.1615244440592794,0.9902013008187661,0.37699288122214075,0.3311308960973611,True,False,False,0.11751783380830706,0.9724432242563531,1.9143387277087223,-0.15784757058402143
confirmation,44,1,fixed_vertical_collision_repair,2.0,-0.07218629829274374,2.05932789006466,-0.40331719374624264,0.1615244440592794,0.9798195320567696,0.3311308954534988,0.3311308954534989,False,True,True,0.1711454484781551,,,
confirmation,44,1,anchor_frozen_corridor_projection,2.0,-0.07218629829274374,2.05932789006466,-0.40331719374624264,0.1615244440592794,0.9902013008187655,0.37699288122213653,,False,True,True,0.07479829301755962,,,
confirmation,44,1,fixed_uniform_conditioned_coarse4,2.0,-0.07218629829274374,2.05932789006466,-0.40331719374624264,0.1615244440592794,0.7399097660283855,0.1038710790704227,0.3311308959194097,False,True,True,0.01279507686885337,0.6845515189759972,2.0,0.04895703475171581
confirmation,44,1,anchor_frozen_conditioned_coarse4,2.0,-0.07218629829274374,2.05932789006466,-0.40331719374624264,0.1615244440592794,0.990201300818766,0.37699288122214003,,False,True,True,0.07479829301707591,0.8270527035542119,2.0,0.04895703475171581
confirmation,44,1,anchor_frozen_conditioned_refined8,2.0,-0.07218629829274374,2.05932789006466,-0.40331719374624264,0.1615244440592794,0.9902013008187661,0.37699288122214075,,False,True,True,0.04498432772607685,0.541872668291374,2.0,0.04895703475171581
confirmation,44,1,convex_box_conditioned_control,2.0,-0.07218629829274374,2.05932789006466,-0.40331719374624264,0.1615244440592794,0.979819532056771,0.33113089545350316,0.3311308959194097,False,True,True,0.17114544847703594,1.000000000000249,2.0,-0.03180518727792389
confirmation,44,2,moving_conditioned_gaussian,3.0,-0.042994369064741154,2.9233641356531512,0.4664698299799005,0.1607439341417304,0.00036932766465226527,0.5424809172132317,0.5094642061721987,True,False,False,0.010604076208942511,0.9449163365858738,3.085247344399666,0.04225297533492487
confirmation,44,2,fixed_vertical_collision_repair,3.0,-0.042994369064741154,2.9233641356531512,0.4664698299799005,0.1607439341417304,0.0007637312450736558,0.5094641990446407,0.5094641990446417,False,True,True,0.018708396417536854,,,
confirmation,44,2,anchor_frozen_corridor_projection,3.0,-0.042994369064741154,2.9233641356531512,0.4664698299799005,0.1607439341417304,0.0003693276646522658,0.5424809172132317,,False,True,True,0.009021565226482,,,
confirmation,44,2,fixed_uniform_conditioned_coarse4,3.0,-0.042994369064741154,2.9233641356531512,0.4664698299799005,0.1607439341417304,0.25038186562253684,0.10822705147190653,0.5094642029468485,False,True,True,0.00011561516516458361,0.7017800098470183,3.0,-0.16355231967103898
confirmation,44,2,anchor_frozen_conditioned_coarse4,3.0,-0.042994369064741154,2.9233641356531512,0.4664698299799005,0.1607439341417304,0.0003693276646522649,0.5424809172132317,,False,True,True,0.009021565226479853,0.8850653080000315,3.0,-0.16355231967103898
confirmation,44,2,anchor_frozen_conditioned_refined8,3.0,-0.042994369064741154,2.9233641356531512,0.4664698299799005,0.1607439341417304,0.0003693276646522649,0.5424809172132317,,False,True,True,0.0040637112312617565,0.5966653096845557,3.0,-0.16355231967103898
confirmation,44,2,convex_box_conditioned_control,3.0,-0.042994369064741154,2.9233641356531512,0.4664698299799005,0.1607439341417304,0.000763731245073654,0.5094641990446407,0.5094642029468485,False,True,True,0.01870839641753337,1.0000000000004614,3.0,-0.002808385529308552
confirmation,44,3,moving_conditioned_gaussian,4.117938938034724,-0.013802439836738567,3.9384687789034634,0.17848962915246147,0.20514275377529342,0.1483755788834363,0.21405122947177016,0.1922920711461997,True,False,False,0.6016354933789537,1.1878546882146446,4.137565121319613,0.033579358027260454
confirmation,44,3,fixed_vertical_collision_repair,4.117938938034724,-0.013802439836738567,3.9384687789034634,0.17848962915246147,0.20514275377529342,0.17428738474906513,0.19229206898920004,0.19229206898920004,False,True,True,0.512562611790074,,,
confirmation,44,3,anchor_frozen_corridor_projection,4.117938938034724,-0.013802439836738567,3.9384687789034634,0.17848962915246147,0.20514275377529342,0.1483755788883107,0.21405122946745012,0.24277552030164432,False,True,True,0.3889866357406833,,,
confirmation,44,3,fixed_uniform_conditioned_coarse4,4.117938938034724,-0.013802439836738567,3.9384687789034634,0.17848962915246147,0.20514275377529342,0.33714369237160124,0.08621558056222224,0.19229207043551394,False,True,True,0.11571474367346155,0.5891675628304206,4.117938938034724,-0.16765950516820863
confirmation,44,3,anchor_frozen_conditioned_coarse4,4.117938938034724,-0.013802439836738567,3.9384687789034634,0.17848962915246147,0.20514275377529342,0.14837557888343625,0.21405122947177024,0.24277552525375207,False,True,True,0.38898663291940766,0.8778882296743404,4.117938938034724,-0.16765950516820863
confirmation,44,3,anchor_frozen_conditioned_refined8,4.117938938034724,-0.013802439836738567,3.9384687789034634,0.17848962915246147,0.20514275377529342,0.14837557888343625,0.21405122947177024,,False,True,True,0.06792315016360662,0.35775987691047145,4.117938938034724,-0.16765950516820863
confirmation,44,3,convex_box_conditioned_control,4.117938938034724,-0.013802439836738567,3.9384687789034634,0.17848962915246147,0.20514275377529342,0.17428738474320254,0.19229206899387777,0.1922920704355139,False,True,True,0.5125626079550876,0.9999999977677537,4.117938938034724,0.03748324860708479
confirmation,44,4,moving_conditioned_gaussian,5.154596507347101,0.015389489391264017,4.993202820199137,0.26135646179948724,0.2169878232284409,0.09989394346023903,0.2782122646985504,0.24596706726435588,True,False,False,0.5155583448456557,1.102562082416426,5.216874741077968,0.16574244590496431
confirmation,44,4,fixed_vertical_collision_repair,5.154596507347101,0.015389489391264017,4.993202820199137,0.26135646179948724,0.2169878232284409,0.1284912668857729,0.2459669724082232,0.2459669724082232,False,True,True,0.4531703636505198,,,
confirmation,44,4,anchor_frozen_corridor_projection,5.154596507347101,0.015389489391264017,4.993202820199137,0.26135646179948724,0.2169878232284409,0.09989394369524963,0.2782122644077558,0.3395588988958654,False,True,True,0.3019968964170932,,,
confirmation,44,4,fixed_uniform_conditioned_coarse4,5.154596507347101,0.015389489391264017,4.993202820199137,0.26135646179948724,0.2169878232284409,0.3142456332847685,0.10498988256225864,0.24596704374850595,False,True,True,0.09268879977368469,0.616874311860597,5.154596507347101,-0.14735137803006665
confirmation,44,4,anchor_frozen_conditioned_coarse4,5.154596507347101,0.015389489391264017,4.993202820199137,0.26135646179948724,0.2169878232284409,0.099893943460239,0.2782122646985504,0.3395593486558846,False,True,True,0.30199684910966745,0.8407847865196725,5.154596507347101,-0.14735137803006665
confirmation,44,4,anchor_frozen_conditioned_refined8,5.154596507347101,0.015389489391264017,4.993202820199137,0.26135646179948724,0.2169878232284409,0.099893943460239,0.2782122646985504,,False,True,True,0.08485244393057575,0.3686869055986306,5.154596507347101,-0.14735137803006665
confirmation,44,4,convex_box_conditioned_control,5.154596507347101,0.015389489391264017,4.993202820199137,0.26135646179948724,0.2169878232284409,0.12849126656953705,0.24596697273523058,0.2459670437485059,False,True,True,0.4531702903114725,0.9999999791763814,5.154596507347101,-0.03885746641584621
confirmation,44,5,moving_conditioned_gaussian,6.26288154738986,0.04458141861926661,6.049771614934568,0.10076368947233427,0.20336452512486822,0.36286844008505076,0.07134068661348732,0.05618227100703892,True,False,False,1.0103184360818425,1.4930618523365977,6.26288154738986,0.14626368118170072
confirmation,44,5,fixed_vertical_collision_repair,6.26288154738986,0.04458141861926661,6.049771614934568,0.10076368947233427,0.20336452512486822,0.3911727017645147,0.05618227085306769,0.056182270853067665,False,True,True,0.6335540657539581,,,
confirmation,44,5,anchor_frozen_corridor_projection,6.26288154738986,0.04458141861926661,6.049771614934568,0.10076368947233427,0.20336452512486822,0.36286844011550945,0.07134068659697537,0.09353889408137907,False,True,True,0.36431954187061033,,,
confirmation,44,5,fixed_uniform_conditioned_coarse4,6.26288154738986,0.04458141861926661,6.049771614934568,0.10076368947233427,0.20336452512486822,0.44558635086207843,0.027824430258700798,0.056182270956242744,False,True,True,0.156201376436802,0.5902489516642379,6.26288154738986,-0.10794197522438455
confirmation,44,5,anchor_frozen_conditioned_coarse4,6.26288154738986,0.04458141861926661,6.049771614934568,0.10076368947233427,0.20336452512486822,0.3628684400850509,0.07134068661348726,0.09353889436207176,False,True,True,0.3643195408977006,0.8047763510387632,6.26288154738986,-0.10794197522438455
confirmation,44,5,anchor_frozen_conditioned_refined8,6.26288154738986,0.04458141861926661,6.049771614934568,0.10076368947233427,0.20336452512486822,0.3628684400850508,0.07134068661348732,0.42905608341704365,False,True,True,0.03891287767126339,0.34030807637489363,6.26288154738986,0.19710481246291778
confirmation,44,5,convex_box_conditioned_control,6.26288154738986,0.04458141861926661,6.049771614934568,0.10076368947233427,0.20336452512486822,0.3911727017241569,0.05618227087444071,0.056182270956242744,False,True,True,0.6335540550416108,0.9999999980351726,6.26288154738986,-0.0571008439431675
confirmation,44,6,moving_conditioned_gaussian,7.0,0.07377334784726919,7.076727425947548,-0.4799476993419405,0.17292266451341717,0.9997644868251543,0.6046611191706831,0.5537211775593653,True,False,False,0.007455735199594503,0.9118527863644352,6.9082939084762875,-0.017932743676443527
confirmation,44,6,fixed_vertical_collision_repair,7.0,0.07377334784726919,7.076727425947548,-0.4799476993419405,0.17292266451341717,0.9993179255758375,0.5537210471892122,0.553721047189256,False,True,True,0.01721353563894691,,,
confirmation,44,6,anchor_frozen_corridor_projection,7.0,0.07377334784726919,7.076727425947548,-0.4799476993419405,0.17292266451341717,0.9997644868251542,0.6046611191706613,,False,True,True,0.005925058075589891,,,
confirmation,44,6,fixed_uniform_conditioned_coarse4,7.0,0.07377334784726919,7.076727425947548,-0.4799476993419405,0.17292266451341717,0.7496589627879189,0.11644905161615053,0.5537210999379334,False,True,True,9.70167476861128e-05,0.6947297659415352,7.0,0.20346534623233206
confirmation,44,6,anchor_frozen_conditioned_coarse4,7.0,0.07377334784726919,7.076727425947548,-0.4799476993419405,0.17292266451341717,0.9997644868251543,0.6046611191706831,,False,True,True,0.005925058075550566,0.8368304348979193,7.0,0.20346534623233206
confirmation,44,6,anchor_frozen_conditioned_refined8,7.0,0.07377334784726919,7.076727425947548,-0.4799476993419405,0.17292266451341717,0.9997644868251543,0.6046611191706831,,False,True,True,0.0023838031328812697,0.6428153007844565,7.0,0.20346534623233206
confirmation,44,6,convex_box_conditioned_control,7.0,0.07377334784726919,7.076727425947548,-0.4799476993419405,0.17292266451341717,0.9993179255758377,0.5537210471892204,0.5537210999379334,False,True,True,0.017213535638831174,0.9999999999983439,7.0,-0.055918650537793685
confirmation,45,0,moving_conditioned_gaussian,0.8228422360727516,0.05715357520197256,1.034531974102785,-0.12859450537470052,0.21705972980883437,0.8469608515900006,0.22215751154418506,0.18574808374745172,True,False,False,0.7063037569331299,1.203611042075737,0.8228422360727516,-0.10564122215465321
confirmation,45,0,fixed_vertical_collision_repair,0.8228422360727516,0.05715357520197256,1.034531974102785,-0.12859450537470052,0.21705972980883437,0.8039309632953768,0.18574808057667302,0.18574808057667305,False,True,True,0.5350687783862921,,,
confirmation,45,0,anchor_frozen_corridor_projection,0.8228422360727516,0.05715357520197256,1.034531974102785,-0.12859450537470052,0.21705972980883437,0.8469608517364033,0.2221575116786736,0.3059858731030156,False,True,True,0.2869323156041422,,,
confirmation,45,0,fixed_uniform_conditioned_coarse4,0.8228422360727516,0.05715357520197256,1.034531974102785,-0.12859450537470052,0.21705972980883437,0.6519654815392198,0.08479054444420529,0.18574808306891674,False,True,True,0.12447119724588715,0.6216782958300935,0.8228422360727516,0.21994837255859834
confirmation,45,0,anchor_frozen_conditioned_coarse4,0.8228422360727516,0.05715357520197256,1.034531974102785,-0.12859450537470052,0.21705972980883437,0.8469608515900005,0.22215751154418498,0.30598590907541745,False,True,True,0.28693230995464974,0.7927689611796659,0.8228422360727516,0.21994837255859834
confirmation,45,0,anchor_frozen_conditioned_refined8,0.8228422360727516,0.05715357520197256,1.034531974102785,-0.12859450537470052,0.21705972980883437,0.8469608515900007,0.22215751154418517,,False,True,True,0.02593047027935269,0.38964161591044394,0.8228422360727516,0.21994837255859834
confirmation,45,0,convex_box_conditioned_control,0.8228422360727516,0.05715357520197256,1.034531974102785,-0.12859450537470052,0.21705972980883437,0.8039309630784397,0.18574808040644913,0.18574808306891671,False,True,True,0.5350687674030035,0.9999999710970083,0.8228422360727516,-0.05137628970244462
confirmation,45,1,moving_conditioned_gaussian,2.0,0.1030184465923771,2.0805604217249694,-0.1362019917115207,0.20362401647182415,0.9212775431513194,0.28786680174833684,0.2392204387504651,True,False,False,0.5134645578905582,1.1415786783626278,1.9415573468484475,-0.03807459926716744
confirmation,45,1,fixed_vertical_collision_repair,2.0,0.1030184465923771,2.0805604217249694,-0.1362019917115207,0.20362401647182415,0.8799655224806786,0.23922043830389786,0.2392204383038978,False,True,True,0.43998675146093186,,,
confirmation,45,1,anchor_frozen_corridor_projection,2.0,0.1030184465923771,2.0805604217249694,-0.1362019917115207,0.20362401647182415,0.9212775431835296,0.2878668017929951,0.4343794842363614,False,True,True,0.21879872537475917,,,
confirmation,45,1,fixed_uniform_conditioned_coarse4,2.0,0.1030184465923771,2.0805604217249694,-0.1362019917115207,0.20362401647182415,0.6899827612131566,0.10095708959927428,0.23922043862380446,False,True,True,0.08771100292253593,0.6275211172223439,2.0,0.2557364589462452
confirmation,45,1,anchor_frozen_conditioned_coarse4,2.0,0.1030184465923771,2.0805604217249694,-0.1362019917115207,0.20362401647182415,0.9212775431513193,0.2878668017483367,0.43437952284553805,False,True,True,0.21879872515600526,0.7629372637106296,2.0,0.2557364589462452
confirmation,45,1,anchor_frozen_conditioned_refined8,2.0,0.1030184465923771,2.0805604217249694,-0.1362019917115207,0.20362401647182415,0.9212775431513192,0.28786680174833645,,False,True,True,0.019297622346835075,0.4420853246776736,2.0,0.2557364589462452
confirmation,45,1,convex_box_conditioned_control,2.0,0.1030184465923771,2.0805604217249694,-0.1362019917115207,0.20362401647182415,0.8799655224263133,0.23922043824856987,0.23922043862380446,False,True,True,0.43998675101689966,0.9999999936764132,2.0,-0.04969956576149101
confirmation,45,2,moving_conditioned_gaussian,3.0,0.14888331798278165,2.8839216249086315,-0.28567000465328396,0.2124047221953719,0.9882766523703708,0.48132536520529295,0.4345534095509627,True,False,False,0.1292177733145278,0.9040493051562942,3.0609628261052086,0.0017060363989942207
confirmation,45,2,fixed_vertical_collision_repair,3.0,0.14888331798278165,2.8839216249086315,-0.28567000465328396,0.2124047221953719,0.9796156210642858,0.43455332263606555,0.4345533226360656,False,True,True,0.17217863945861545,,,
confirmation,45,2,anchor_frozen_corridor_projection,3.0,0.14888331798278165,2.8839216249086315,-0.28567000465328396,0.2124047221953719,0.9882766524549397,0.48132536579215807,0.7536241824607253,False,True,True,0.08692765417198917,,,
confirmation,45,2,fixed_uniform_conditioned_coarse4,3.0,0.14888331798278165,2.8839216249086315,-0.28567000465328396,0.2124047221953719,0.7398078104530699,0.136523774216441,0.43455339476277305,False,True,True,0.012959088460795569,0.7009337202054536,3.0,0.3081868596293106
confirmation,45,2,anchor_frozen_conditioned_coarse4,3.0,0.14888331798278165,2.8839216249086315,-0.28567000465328396,0.2124047221953719,0.9882766523703708,0.48132536520529295,0.7536488420308548,False,True,True,0.08692765351614398,0.8780655528534117,3.0,0.3081868596293106
confirmation,45,2,anchor_frozen_conditioned_refined8,3.0,0.14888331798278165,2.8839216249086315,-0.28567000465328396,0.2124047221953719,0.9882766523703708,0.48132536520529295,,False,True,True,0.016108306673150205,0.6194486069567832,3.0,0.3081868596293106
confirmation,45,2,convex_box_conditioned_control,3.0,0.14888331798278165,2.8839216249086315,-0.28567000465328396,0.2124047221953719,0.9796156209061397,0.4345533219534062,0.43455339476277305,False,True,True,0.17217863815454643,0.9999999058899974,3.0,-0.010420223663747286
confirmation,45,3,moving_conditioned_gaussian,3.945537543958168,0.19474818937318616,4.0818303496783,0.08176525409888502,0.19428129798888036,0.7331899331244968,0.1209380420897137,0.11298293526277153,True,False,False,0.6777726917786709,1.1667838895080165,3.982711660937533,0.2844944467540126
confirmation,45,3,fixed_vertical_collision_repair,3.945537543958168,0.19474818937318616,4.0818303496783,0.08176525409888502,0.19428129798888036,0.7195627379071232,0.11298293527430116,0.11298293527430116,False,True,True,0.5970105437555436,,,
confirmation,45,3,anchor_frozen_corridor_projection,3.945537543958168,0.19474818937318616,4.0818303496783,0.08176525409888502,0.19428129798888036,0.733189933484043,0.120938042302243,0.12755098406160892,False,True,True,0.5255159610823055,,,
confirmation,45,3,fixed_uniform_conditioned_coarse4,3.945537543958168,0.19474818937318616,4.0818303496783,0.08176525409888502,0.19428129798888036,0.6097813687612537,0.05415576644499065,0.11298293526619765,False,True,True,0.14667207795258402,0.571787852285603,3.945537543958168,0.34045916286484645
confirmation,45,3,anchor_frozen_conditioned_coarse4,3.945537543958168,0.19474818937318616,4.0818303496783,0.08176525409888502,0.19428129798888036,0.7331899331244967,0.12093804208971366,0.1275509840564234,False,True,True,0.5255159596340788,0.9475223533986777,3.945537543958168,0.34045916286484645
confirmation,45,3,anchor_frozen_conditioned_refined8,3.945537543958168,0.19474818937318616,4.0818303496783,0.08176525409888502,0.19428129798888036,0.7331899331244967,0.12093804208971366,0.31334238427554706,False,True,True,0.08681695948651155,0.5912656851353767,3.945537543958168,0.34045916286484645
confirmation,45,3,convex_box_conditioned_control,3.945537543958168,0.19474818937318616,4.0818303496783,0.08176525409888502,0.19428129798888036,0.7195627375225073,0.11298293505248883,0.11298293526619768,False,True,True,0.597010542123445,0.9999999825056649,3.945537543958168,0.0490372158815259
confirmation,45,4,moving_conditioned_gaussian,5.0,0.2406130607635907,4.974549153119482,-0.4269249643719034,0.21188063035807914,0.9996980590737377,0.726721936179133,0.6675410203016501,True,False,False,0.008217552016435386,0.9223105835043869,5.0,0.3995235335321501
confirmation,45,4,fixed_vertical_collision_repair,5.0,0.2406130607635907,4.974549153119482,-0.4269249643719034,0.21188063035807914,0.9991851503533858,0.6675380251354956,0.6675380251354919,False,True,True,0.01961958701126064,,,
confirmation,45,4,anchor_frozen_corridor_projection,5.0,0.2406130607635907,4.974549153119482,-0.4269249643719034,0.21188063035807914,0.9996980590983932,0.7267219408738493,,False,True,True,0.00720507185253574,,,
confirmation,45,4,fixed_uniform_conditioned_coarse4,5.0,0.2406130607635907,4.974549153119482,-0.4269249643719034,0.21188063035807914,0.7495925751432628,0.14263977626061636,0.667539779313175,False,True,True,0.0001278041436296127,0.7276317565147733,5.0,0.3995235335321501
confirmation,45,4,anchor_frozen_conditioned_coarse4,5.0,0.2406130607635907,4.974549153119482,-0.4269249643719034,0.21188063035807914,0.9996980590737375,0.7267219361791118,,False,True,True,0.007205071652588431,0.9217106493726563,5.0,0.3995235335321501
confirmation,45,4,anchor_frozen_conditioned_refined8,5.0,0.2406130607635907,4.974549153119482,-0.4269249643719034,0.21188063035807914,0.9996980590737377,0.726721936179133,,False,True,True,0.0014668225623610414,0.7984181917218145,5.0,0.3995235335321501
confirmation,45,4,convex_box_conditioned_control,5.0,0.2406130607635907,4.974549153119482,-0.4269249643719034,0.21188063035807914,0.9991851502865258,0.6675380200570842,0.667539779313175,False,True,True,0.01961958646693888,0.9999991026596802,5.0,0.08170258799503136
confirmation,45,5,moving_conditioned_gaussian,6.0,0.28647793215399525,6.037914059435723,-0.32814543369864146,0.2084934947756404,0.9990753523087041,0.6491288479103456,0.6146235183363082,True,False,False,0.01999388316198345,0.9615792059240597,6.0,0.4428480532357255
confirmation,45,5,fixed_vertical_collision_repair,6.0,0.28647793215399525,6.037914059435723,-0.32814543369864146,0.2084934947756404,0.9984004311274819,0.6146233658526351,0.6146233658526175,False,True,True,0.03195597278371742,,,
confirmation,45,5,anchor_frozen_corridor_projection,6.0,0.28647793215399525,6.037914059435723,-0.32814543369864146,0.2084934947756404,0.9990753524624412,0.6491288581399596,0.8584283304058316,False,True,True,0.01804522685131783,,,
confirmation,45,5,fixed_uniform_conditioned_coarse4,6.0,0.28647793215399525,6.037914059435723,-0.32814543369864146,0.2084934947756404,0.7492002154286219,0.14010243016699253,0.6146234903465992,False,True,True,0.00035850074298221507,0.73818651286163,6.0,0.4428480532357255
confirmation,45,5,anchor_frozen_conditioned_coarse4,6.0,0.28647793215399525,6.037914059435723,-0.32814543369864146,0.2084934947756404,0.9990753523087041,0.6491288479103456,0.85844025694139,False,True,True,0.018045225730711056,0.9611822887524547,6.0,0.4428480532357255
confirmation,45,5,anchor_frozen_conditioned_refined8,6.0,0.28647793215399525,6.037914059435723,-0.32814543369864146,0.2084934947756404,0.9990753523087043,0.649128847910353,,False,True,True,0.002435436047987962,0.8167384184826709,6.0,0.4428480532357255
confirmation,45,5,convex_box_conditioned_control,6.0,0.28647793215399525,6.037914059435723,-0.32814543369864146,0.2084934947756404,0.9984004308572437,0.61462335496342,0.6146234903465991,False,True,True,0.031955970795987845,0.9999982113395741,6.0,0.13010781107226496
confirmation,45,6,moving_conditioned_gaussian,7.0,0.33234280354439977,7.010578548174598,-0.2437762753011664,0.17203096560494527,0.9998864905057913,0.6342577876714269,0.5761190788854437,True,False,False,0.004083567287884572,0.8813394291787721,7.043007741401237,0.33234280354439977
confirmation,45,6,fixed_vertical_collision_repair,7.0,0.33234280354439977,7.010578548174598,-0.2437762753011664,0.17203096560494527,0.9995943735961237,0.5761190788455617,0.57611907884558,False,True,True,0.011689477329494831,,,
confirmation,45,6,anchor_frozen_corridor_projection,7.0,0.33234280354439977,7.010578548174598,-0.2437762753011664,0.17203096560494527,0.999886490505979,0.634257787743863,,False,True,True,0.0032638051019800956,,,
confirmation,45,6,fixed_uniform_conditioned_coarse4,7.0,0.33234280354439977,7.010578548174598,-0.2437762753011664,0.17203096560494527,0.7497971867977264,0.1159233520367384,0.5761190788593024,False,True,True,4.303611458291353e-05,0.7006613676268,7.0,0.46136602774810875
confirmation,45,6,anchor_frozen_conditioned_coarse4,7.0,0.33234280354439977,7.010578548174598,-0.2437762753011664,0.17203096560494527,0.9998864905057914,0.63425778767147,,False,True,True,0.0032638051004047386,0.8388103997947756,7.0,0.46136602774810875
confirmation,45,6,anchor_frozen_conditioned_refined8,7.0,0.33234280354439977,7.010578548174598,-0.2437762753011664,0.17203096560494527,0.9998864905057914,0.63425778767147,,False,True,True,0.0002584187201714225,0.8087105128109571,7.0,0.46136602774810875
confirmation,45,6,convex_box_conditioned_control,7.0,0.33234280354439977,7.010578548174598,-0.2437762753011664,0.17203096560494527,0.9995943735954528,0.5761190787667241,0.5761190788593024,False,True,True,0.011689477323853639,0.9999999790362541,7.0,0.2033195793406908
confirmation,46,0,moving_conditioned_gaussian,0.9639273980565078,-0.14024186792728696,1.1155564494535728,-0.3493070343819412,0.15380784486565377,0.928136989785084,0.224875595048254,0.20906516646576986,True,False,False,0.40375790808691975,1.1954141847264605,1.0454963256346521,-0.05867294034914276
confirmation,46,0,fixed_vertical_collision_repair,0.9639273980565078,-0.14024186792728696,1.1155564494535728,-0.3493070343819412,0.15380784486565377,0.9129682174025905,0.20906516645465428,0.20906516645465426,False,True,True,0.3795609267257,,,
confirmation,46,0,anchor_frozen_corridor_projection,0.9639273980565078,-0.14024186792728696,1.1155564494535728,-0.3493070343819412,0.15380784486565377,0.9281369897850825,0.22487559504825236,0.25138383578478163,False,True,True,0.29744668959949755,,,
confirmation,46,0,fixed_uniform_conditioned_coarse4,0.9639273980565078,-0.14024186792728696,1.1155564494535728,-0.3493070343819412,0.15380784486565377,0.7064841087012961,0.08353955727699663,0.20906516646208692,False,True,True,0.06601811916977644,0.5942893070706982,0.9639273980565078,-0.02488598427804664
confirmation,46,0,anchor_frozen_conditioned_coarse4,0.9639273980565078,-0.14024186792728696,1.1155564494535728,-0.3493070343819412,0.15380784486565377,0.928136989785084,0.224875595048254,0.25138383582112167,False,True,True,0.29744668959846843,0.8780718856372947,0.9639273980565078,-0.02488598427804664
confirmation,46,0,anchor_frozen_conditioned_refined8,0.9639273980565078,-0.14024186792728696,1.1155564494535728,-0.3493070343819412,0.15380784486565377,0.928136989785084,0.224875595048254,0.3087246447183293,False,True,True,0.20644952659792484,0.5242633957377154,0.9639273980565078,-0.2555977515765273
confirmation,46,0,convex_box_conditioned_control,0.9639273980565078,-0.14024186792728696,1.1155564494535728,-0.3493070343819412,0.15380784486565377,0.9129682174025923,0.209065166454656,0.20906516646208692,False,True,True,0.37956092672436137,0.9999999999999899,0.9639273980565078,-0.10178990671087351
confirmation,46,1,moving_conditioned_gaussian,2.150618381771449,-0.10805469723127431,1.930796723475019,-0.28286738267784395,0.1821453002692572,0.8665580204740791,0.2022299287043174,0.1748126861982277,True,False,False,0.62075502407208,1.2009252677494082,2.2028963732936058,-0.23426493337769128
confirmation,46,1,fixed_vertical_collision_repair,2.150618381771449,-0.10805469723127431,1.930796723475019,-0.28286738267784395,0.1821453002692572,0.8314077237474915,0.17481268544656955,0.17481268544656964,False,True,True,0.5061303535272222,,,
confirmation,46,1,anchor_frozen_corridor_projection,2.150618381771449,-0.10805469723127431,1.930796723475019,-0.28286738267784395,0.1821453002692572,0.866558020471216,0.20222992870189618,0.2491549618390047,False,True,True,0.32981049310939514,,,
confirmation,46,1,fixed_uniform_conditioned_coarse4,2.150618381771449,-0.10805469723127431,1.930796723475019,-0.28286738267784395,0.1821453002692572,0.6657038618756588,0.07797291050600251,0.1748126859790864,False,True,True,0.11319965957265879,0.6053340410017882,2.150618381771449,0.02855427797066859
confirmation,46,1,anchor_frozen_conditioned_coarse4,2.150618381771449,-0.10805469723127431,1.930796723475019,-0.28286738267784395,0.1821453002692572,0.8665580204740793,0.2022299287043174,0.2491549660949629,False,True,True,0.329810492263996,0.8307653824541207,2.150618381771449,0.02855427797066859
confirmation,46,1,anchor_frozen_conditioned_refined8,2.150618381771449,-0.10805469723127431,1.930796723475019,-0.28286738267784395,0.1821453002692572,0.8665580204740793,0.2022299287043174,0.41709746385861673,False,True,True,0.15895281491686145,0.42287238491137863,2.150618381771449,-0.2446636724332172
confirmation,46,1,convex_box_conditioned_control,2.150618381771449,-0.10805469723127431,1.930796723475019,-0.28286738267784395,0.1821453002692572,0.8314077237513177,0.17481268544933828,0.1748126859790864,False,True,True,0.5061303521766205,0.9999999999301655,2.150618381771449,0.02855427797066859
confirmation,46,2,moving_conditioned_gaussian,3.261363688728809,-0.07586752653526166,3.0971360239804224,-0.32902192476217484,0.22828795230827176,0.897392203824344,0.2892023395710951,0.2531561945313332,True,False,False,0.5384556276372808,1.1765421330385992,3.261363688728809,-0.2470834907664655
confirmation,46,2,fixed_vertical_collision_repair,3.261363688728809,-0.07586752653526166,3.0971360239804224,-0.32902192476217484,0.22828795230827176,0.8662689017950398,0.25315439822691327,0.2531543982269132,False,True,True,0.4609470004955088,,,
confirmation,46,2,anchor_frozen_corridor_projection,3.261363688728809,-0.07586752653526166,3.0971360239804224,-0.32902192476217484,0.22828795230827176,0.8973921961091326,0.28920232972164356,0.3504532880336131,False,True,True,0.310957856015487,,,
confirmation,46,2,fixed_uniform_conditioned_coarse4,3.261363688728809,-0.07586752653526166,3.0971360239804224,-0.32902192476217484,0.22828795230827176,0.6831344560549308,0.10877508090112574,0.2531555051432657,False,True,True,0.09565601419663998,0.5956673247691804,3.261363688728809,0.09534843769594217
confirmation,46,2,anchor_frozen_conditioned_coarse4,3.261363688728809,-0.07586752653526166,3.0971360239804224,-0.32902192476217484,0.22828795230827176,0.8973922038243441,0.2892023395710952,0.3504587541391885,False,True,True,0.31095690144085536,0.8258103139464831,3.261363688728809,0.09534843769594217
confirmation,46,2,anchor_frozen_conditioned_refined8,3.261363688728809,-0.07586752653526166,3.0971360239804224,-0.32902192476217484,0.22828795230827176,0.8973922038243443,0.2892023395710954,,False,True,True,0.1224077773304175,0.36908312521943815,3.261363688728809,-0.2470834907664655
confirmation,46,2,convex_box_conditioned_control,3.261363688728809,-0.07586752653526166,3.0971360239804224,-0.32902192476217484,0.22828795230827176,0.8662689121098616,0.25315440914292997,0.25315550514326557,False,True,True,0.4609455322954968,0.9999997941748,3.261363688728809,0.09534843769594217
confirmation,46,3,moving_conditioned_gaussian,4.0,-0.043680355839249,4.018216379301865,-0.4047157928886469,0.1608291525200778,0.99370806309097,0.4013223985196982,0.3610354377005528,True,False,False,0.08658451097622012,0.9762449411341617,3.925706618877782,-0.07445368189462494
confirmation,46,3,fixed_vertical_collision_repair,4.0,-0.043680355839249,4.018216379301865,-0.4047157928886469,0.1608291525200778,0.9876107416191903,0.361035437049398,0.3610354370493979,False,True,True,0.1268822791747985,,,
confirmation,46,3,anchor_frozen_corridor_projection,4.0,-0.043680355839249,4.018216379301865,-0.4047157928886469,0.1608291525200778,0.9937080630909698,0.4013223985196962,0.7916300351686743,False,True,True,0.0619794307674805,,,
confirmation,46,3,fixed_uniform_conditioned_coarse4,4.0,-0.043680355839249,4.018216379301865,-0.4047157928886469,0.1608291525200778,0.7438053708095953,0.10536270362748691,0.36103543746900385,False,True,True,0.006774856820176176,0.6742766781345421,4.0,0.07694150855080933
confirmation,46,3,anchor_frozen_conditioned_coarse4,4.0,-0.043680355839249,4.018216379301865,-0.4047157928886469,0.1608291525200778,0.9937080630909699,0.4013223985196972,0.7916670700632432,False,True,True,0.06197943076736398,0.8250250458862995,4.0,0.07694150855080933
confirmation,46,3,anchor_frozen_conditioned_refined8,4.0,-0.043680355839249,4.018216379301865,-0.4047157928886469,0.1608291525200778,0.99370806309097,0.4013223985196982,,False,True,True,0.034538691066257995,0.5069899622699184,4.0,0.07694150855080933
confirmation,46,3,convex_box_conditioned_control,4.0,-0.043680355839249,4.018216379301865,-0.4047157928886469,0.1608291525200778,0.9876107416191905,0.36103543704939906,0.36103543746900385,False,True,True,0.12688227917455636,1.000000000001621,4.0,-0.08388764396926846
confirmation,46,4,moving_conditioned_gaussian,4.968539449213184,-0.011493185143236342,5.1165816880933,0.0939099758494295,0.22841850492260932,0.29923485294637325,0.12028573917741579,0.1054031672647373,True,False,False,0.7963900512038324,1.2161488810650156,4.968539449213184,0.15982069354872064
confirmation,46,4,fixed_vertical_collision_repair,4.968539449213184,-0.011493185143236342,5.1165816880933,0.0939099758494295,0.22841850492260932,0.32223876932797924,0.1054031609926659,0.10540316099266583,False,True,True,0.6159458665500732,,,
confirmation,46,4,anchor_frozen_corridor_projection,4.968539449213184,-0.011493185143236342,5.1165816880933,0.0939099758494295,0.22841850492260932,0.29923485303177416,0.12028573912124632,0.14624010352285988,False,True,True,0.4068239694379161,,,
confirmation,46,4,fixed_uniform_conditioned_coarse4,4.968539449213184,-0.011493185143236342,5.1165816880933,0.0939099758494295,0.22841850492260932,0.41111938461109254,0.05131797378891246,0.10540316642053835,False,True,True,0.15161318934438214,0.614084441917228,4.968539449213184,-0.18280706383519335
confirmation,46,4,anchor_frozen_conditioned_coarse4,4.968539449213184,-0.011493185143236342,5.1165816880933,0.0939099758494295,0.22841850492260932,0.29923485294637314,0.12028573917741595,0.14624011643983026,False,True,True,0.40682392340297846,0.8615165659616966,4.968539449213184,-0.18280706383519335
confirmation,46,4,anchor_frozen_conditioned_refined8,4.968539449213184,-0.011493185143236342,5.1165816880933,0.0939099758494295,0.22841850492260932,0.2992348529463732,0.12028573917741586,,False,True,True,0.02642169932429317,0.35519697277548273,4.968539449213184,-0.18280706383519335
confirmation,46,4,convex_box_conditioned_control,4.968539449213184,-0.011493185143236342,5.1165816880933,0.0939099758494295,0.22841850492260932,0.32223876922218503,0.10540316106004431,0.10540316642053833,False,True,True,0.6159457081081401,0.9999998681610474,4.968539449213184,0.04561144108741599
confirmation,46,5,moving_conditioned_gaussian,5.856909483028423,0.020693985552776316,6.00761072071682,-0.26990879351162356,0.1810082081804463,0.9575908983700612,0.31194755440641087,0.2906027794879249,True,False,False,0.30524516385266387,1.1186485920462848,5.804957851233862,-0.10472834851306595
confirmation,46,5,fixed_vertical_collision_repair,5.856909483028423,0.020693985552776316,6.00761072071682,-0.26990879351162356,0.1810082081804463,0.9458045100622735,0.2906027790643999,0.29060277906439985,False,True,True,0.2990068759469962,,,
confirmation,46,5,anchor_frozen_corridor_projection,5.856909483028423,0.020693985552776316,6.00761072071682,-0.26990879351162356,0.1810082081804463,0.957590898370052,0.3119475544063925,0.3558589632486372,False,True,True,0.2248040161078384,,,
confirmation,46,5,fixed_uniform_conditioned_coarse4,5.856909483028423,0.020693985552776316,6.00761072071682,-0.26990879351162356,0.1810082081804463,0.7229022550311426,0.10706364345969742,0.2906027793383686,False,True,True,0.04094536817849202,0.6018304166273006,5.856909483028423,0.15645014168811106
confirmation,46,5,anchor_frozen_conditioned_coarse4,5.856909483028423,0.020693985552776316,6.00761072071682,-0.26990879351162356,0.1810082081804463,0.9575908983700611,0.3119475544064107,0.35585896504343456,False,True,True,0.22480401609937037,0.858303652343916,5.856909483028423,0.15645014168811106
confirmation,46,5,anchor_frozen_conditioned_refined8,5.856909483028423,0.020693985552776316,6.00761072071682,-0.26990879351162356,0.1810082081804463,0.9575908983700612,0.31194755440641087,,False,True,True,0.06946495043722495,0.3743971336261401,5.856909483028423,0.15645014168811106
confirmation,46,5,convex_box_conditioned_control,5.856909483028423,0.020693985552776316,6.00761072071682,-0.26990879351162356,0.1810082081804463,0.9458045100622852,0.29060277906441906,0.29060277933836853,False,True,True,0.29900687593554975,0.9999999999933601,5.856909483028423,-0.02455806649233526
confirmation,46,6,moving_conditioned_gaussian,7.0,0.052881156248788974,7.025366076733519,0.32642222942124244,0.17236611210027813,0.027311982241762577,0.3312627304926279,0.2735410736198091,True,False,False,0.26562316674138936,1.0101616485758558,6.90858906496535,0.14429209128343945
confirmation,46,6,fixed_vertical_collision_repair,7.0,0.052881156248788974,7.025366076733519,0.32642222942124244,0.17236611210027813,0.05625891531691361,0.2735410731724535,0.27354107317245346,False,True,True,0.3049262966701475,,,
confirmation,46,6,anchor_frozen_corridor_projection,7.0,0.052881156248788974,7.025366076733519,0.32642222942124244,0.17236611210027813,0.027311982241773395,0.331262730492598,,False,True,True,0.11594174173396281,,,
confirmation,46,6,fixed_uniform_conditioned_coarse4,7.0,0.052881156248788974,7.025366076733519,0.32642222942124244,0.17236611210027813,0.27812945765844443,0.1014214847244855,0.27354107348335016,False,True,True,0.04261191402567837,0.65496980415386,7.0,-0.07639342782641961
confirmation,46,6,anchor_frozen_conditioned_coarse4,7.0,0.052881156248788974,7.025366076733519,0.32642222942124244,0.17236611210027813,0.027311982241762595,0.3312627304926279,,False,True,True,0.11594174172811947,0.7433602429673466,7.0,-0.07639342782641961
confirmation,46,6,anchor_frozen_conditioned_refined8,7.0,0.052881156248788974,7.025366076733519,0.32642222942124244,0.17236611210027813,0.027311982241762595,0.3312627304926279,,False,True,True,0.05572829050677387,0.46820125288525005,7.0,-0.07639342782641961
confirmation,46,6,convex_box_conditioned_control,7.0,0.052881156248788974,7.025366076733519,0.32642222942124244,0.17236611210027813,0.05625891531688881,0.2735410731724912,0.27354107348335016,False,True,True,0.30492629665437937,1.0000000000025857,7.0,0.00978962822371944
confirmation,47,0,moving_conditioned_gaussian,0.9272235118404739,-0.22799830963803058,1.0824034488412333,-0.3578983788012421,0.1868417447279839,0.7719841473132668,0.139271291936499,0.12990008861388685,True,False,False,0.6500766445221474,1.197773281529816,0.980849441976664,-0.09853386180836837
confirmation,47,0,fixed_vertical_collision_repair,0.9272235118404739,-0.22799830963803058,1.0824034488412333,-0.3578983788012421,0.1868417447279839,0.7565479054720579,0.1299000691632115,0.1299000691632115,False,True,True,0.5742077461127554,,,
confirmation,47,0,anchor_frozen_corridor_projection,0.9272235118404739,-0.22799830963803058,1.0824034488412333,-0.3578983788012421,0.1868417447279839,0.7719841466447751,0.13927129152315607,0.14760982735470762,False,True,True,0.5002640813485991,,,
confirmation,47,0,fixed_uniform_conditioned_coarse4,0.9272235118404739,-0.22799830963803058,1.0824034488412333,-0.3578983788012421,0.1868417447279839,0.6282739530977053,0.061150560393919674,0.12990008200933834,False,True,True,0.13909411041105266,0.5705763691873319,0.9272235118404739,-0.08786700109204265
confirmation,47,0,anchor_frozen_conditioned_coarse4,0.9272235118404739,-0.22799830963803058,1.0824034488412333,-0.3578983788012421,0.1868417447279839,0.7719841473132668,0.139271291936499,0.1476098473344054,False,True,True,0.5002639643935034,0.939401827395609,0.9272235118404739,-0.08786700109204265
confirmation,47,0,anchor_frozen_conditioned_refined8,0.9272235118404739,-0.22799830963803058,1.0824034488412333,-0.3578983788012421,0.1868417447279839,0.7719841473132668,0.139271291936499,0.17513970263491618,False,True,True,0.35557592631581875,0.6537769464610392,0.9272235118404739,-0.3681296181840185
confirmation,47,0,convex_box_conditioned_control,0.9272235118404739,-0.22799830963803058,1.0824034488412333,-0.3578983788012421,0.1868417447279839,0.7565479061954105,0.12990006959460565,0.1299000820093384,False,True,True,0.5742076089383098,0.9999999876594369,0.9272235118404739,-0.08786700109204265
confirmation,47,1,moving_conditioned_gaussian,2.0,-0.1610463061788342,1.947067581347415,0.09176215220074091,0.16816967700682445,0.028723279767307732,0.31950516512763505,0.2528084583795881,True,False,False,0.29988805671298085,1.1206341038680805,2.0891854392511076,-0.07186086692772646
confirmation,47,1,fixed_vertical_collision_repair,2.0,-0.1610463061788342,1.947067581347415,0.09176215220074091,0.16816967700682445,0.06638162950209343,0.2528084583795751,0.2528084583795751,False,True,True,0.33206443846122274,,,
confirmation,47,1,anchor_frozen_corridor_projection,2.0,-0.1610463061788342,1.947067581347415,0.09176215220074091,0.16816967700682445,0.028723279767287602,0.31950516512768645,,False,True,True,0.11097996625352755,,,
confirmation,47,1,fixed_uniform_conditioned_coarse4,2.0,-0.1610463061788342,1.947067581347415,0.09176215220074091,0.16816967700682445,0.28319081475107244,0.0964265701604898,0.2528084583795828,False,True,True,0.050625330720505186,0.6376059467708076,2.0,-0.28717356393395255
confirmation,47,1,anchor_frozen_conditioned_coarse4,2.0,-0.1610463061788342,1.947067581347415,0.09176215220074091,0.16816967700682445,0.028723279767307715,0.31950516512763505,,False,True,True,0.11097996625344059,0.682442583960682,2.0,-0.28717356393395255
confirmation,47,1,anchor_frozen_conditioned_refined8,2.0,-0.1610463061788342,1.947067581347415,0.09176215220074091,0.16816967700682445,0.028723279767307708,0.31950516512763505,,False,True,True,0.005000607166321797,0.5273618420942615,2.0,-0.28717356393395255
confirmation,47,1,convex_box_conditioned_control,2.0,-0.1610463061788342,1.947067581347415,0.09176215220074091,0.16816967700682445,0.06638162950214489,0.252808458379508,0.2528084583795828,False,True,True,0.3320644384609668,0.9999999999878495,2.0,-0.03491904842371585
confirmation,47,2,moving_conditioned_gaussian,3.0,-0.09409430271963783,3.0483813967882973,0.3487281075434897,0.22935111742706718,0.011108954907871628,0.5244392565701386,0.4428250805140164,True,False,False,0.1344515516611554,0.8306875762430869,2.9341733453746808,0.06482529964245722
confirmation,47,2,fixed_vertical_collision_repair,3.0,-0.09409430271963783,3.0483813967882973,0.3487281075434897,0.22935111742706718,0.02675624904611599,0.4428224102631277,0.44282241026312746,False,True,True,0.20213216556260083,,,
confirmation,47,2,anchor_frozen_corridor_projection,3.0,-0.09409430271963783,3.0483813967882973,0.3487281075434897,0.22935111742706718,0.011108954741510345,0.524439257876393,,False,True,True,0.07131227528236168,,,
confirmation,47,2,fixed_uniform_conditioned_coarse4,3.0,-0.09409430271963783,3.0483813967882973,0.3487281075434897,0.22935111742706718,0.26337812474010963,0.14517131774668038,0.44282423178113645,False,True,True,0.018176289618304593,0.676332414883583,3.0,-0.2661076407899382
confirmation,47,2,anchor_frozen_conditioned_coarse4,3.0,-0.09409430271963783,3.0483813967882973,0.3487281075434897,0.22935111742706718,0.011108954907871617,0.5244392565701386,,False,True,True,0.07131226048599851,0.7796535954517693,3.0,-0.2661076407899382
confirmation,47,2,anchor_frozen_conditioned_refined8,3.0,-0.09409430271963783,3.0483813967882973,0.3487281075434897,0.22935111742706718,0.011108954907871617,0.5244392565701386,,False,True,True,0.018473678107887106,0.5627397285529249,3.0,-0.2661076407899382
confirmation,47,2,convex_box_conditioned_control,3.0,-0.09409430271963783,3.0483813967882973,0.3487281075434897,0.22935111742706718,0.026756249480219266,0.442822408653689,0.44282423178113645,False,True,True,0.20213212303373101,0.9999997000698292,3.0,0.07791903535066257
confirmation,47,3,moving_conditioned_gaussian,4.13725164270004,-0.027142299260441455,3.974224273375991,-0.31180959808971553,0.21102358172051736,0.9309447785105206,0.3129193557737414,0.2846674666922976,True,False,False,0.4084962453739605,1.1094447157538685,4.197818064122127,-0.1733625752820481
confirmation,47,3,fixed_vertical_collision_repair,4.13725164270004,-0.027142299260441455,3.974224273375991,-0.31180959808971553,0.21102358172051736,0.9113288434161735,0.28466729882927416,0.28466729882928854,False,True,True,0.38296138507674776,,,
confirmation,47,3,anchor_frozen_corridor_projection,4.13725164270004,-0.027142299260441455,3.974224273375991,-0.31180959808971553,0.21102358172051736,0.9309447783853012,0.31291935557486894,0.3654395890850306,False,True,True,0.2764795330232657,,,
confirmation,47,3,fixed_uniform_conditioned_coarse4,4.13725164270004,-0.027142299260441455,3.974224273375991,-0.31180959808971553,0.21102358172051736,0.7056644217895016,0.11411368150346062,0.2846674134016449,False,True,True,0.06718125535636871,0.6059602142696783,4.13725164270004,0.13112538702994656
confirmation,47,3,anchor_frozen_conditioned_coarse4,4.13725164270004,-0.027142299260441455,3.974224273375991,-0.31180959808971553,0.21102358172051736,0.9309447785105205,0.31291935577374125,0.3654401589144588,False,True,True,0.27647950462369875,0.8518298613321099,4.13725164270004,0.13112538702994656
confirmation,47,3,anchor_frozen_conditioned_refined8,4.13725164270004,-0.027142299260441455,3.974224273375991,-0.31180959808971553,0.21102358172051736,0.9309447785105205,0.31291935577374125,,False,True,True,0.09849552504228193,0.36217085196512444,4.13725164270004,0.13112538702994656
confirmation,47,3,convex_box_conditioned_control,4.13725164270004,-0.027142299260441455,3.974224273375991,-0.31180959808971553,0.21102358172051736,0.9113288435790032,0.28466729904322297,0.28466741340164503,False,True,True,0.3829613447708254,0.9999999926677628,4.13725164270004,0.025613596169687884
confirmation,47,4,moving_conditioned_gaussian,5.027826795158372,0.03980970419875492,4.8904380025013285,-0.12364628627726704,0.19676677571412832,0.8117225497696369,0.17399334466894698,0.16345599055725862,True,False,False,0.6011114164155856,1.1588284965111504,5.009001948881949,0.08525690338888543
confirmation,47,4,fixed_vertical_collision_repair,5.027826795158372,0.03980970419875492,4.8904380025013285,-0.12364628627726704,0.19676677571412832,0.7969310642808092,0.16345599047602188,0.16345599047602194,False,True,True,0.5416490158448266,,,
confirmation,47,4,anchor_frozen_corridor_projection,5.027826795158372,0.03980970419875492,4.8904380025013285,-0.12364628627726704,0.19676677571412832,0.8117225497716185,0.17399334467039196,0.18453004951383056,False,True,True,0.472111751716858,,,
confirmation,47,4,fixed_uniform_conditioned_coarse4,5.027826795158372,0.03980970419875492,4.8904380025013285,-0.12364628627726704,0.19676677571412832,0.6484655321393252,0.07500375921257121,0.16345599053260784,False,True,True,0.1270034181567602,0.5749897578207203,5.027826795158372,0.18738478598435115
confirmation,47,4,anchor_frozen_conditioned_coarse4,5.027826795158372,0.03980970419875492,4.8904380025013285,-0.12364628627726704,0.19676677571412832,0.8117225497696369,0.17399334466894698,0.18453004961642266,False,True,True,0.47211175147344775,0.9363390309538561,5.027826795158372,0.18738478598435115
confirmation,47,4,anchor_frozen_conditioned_refined8,5.027826795158372,0.03980970419875492,4.8904380025013285,-0.12364628627726704,0.19676677571412832,0.8117225497696368,0.1739933446689469,,False,True,True,0.048053954685284506,0.3783263287388698,5.027826795158372,0.18738478598435115
confirmation,47,4,convex_box_conditioned_control,5.027826795158372,0.03980970419875492,4.8904380025013285,-0.12364628627726704,0.19676677571412832,0.7969310642786505,0.16345599047451848,0.16345599053260787,False,True,True,0.5416490155604982,0.9999999995507672,5.027826795158372,-0.05857368365830924
confirmation,47,5,moving_conditioned_gaussian,6.142525660826472,0.1067617076579513,5.999909711003685,-0.14027233730127198,0.1788668995365707,0.9325879648897649,0.2674679682426562,0.24703404496144848,True,False,False,0.3941704441012584,1.1263108956107108,6.193862710114839,-0.017176892986241338
confirmation,47,5,fixed_vertical_collision_repair,6.142525660826472,0.1067617076579513,5.999909711003685,-0.14027233730127198,0.1788668995365707,0.9163767258035658,0.24703404495922335,0.24703404495922326,False,True,True,0.37233297973430285,,,
confirmation,47,5,anchor_frozen_corridor_projection,6.142525660826472,0.1067617076579513,5.999909711003685,-0.14027233730127198,0.1788668995365707,0.9325879648898867,0.2674679682428232,0.303650995477528,False,True,True,0.283197524156757,,,
confirmation,47,5,fixed_uniform_conditioned_coarse4,6.142525660826472,0.1067617076579513,5.999909711003685,-0.14027233730127198,0.1788668995365707,0.708188362901707,0.09803693888202275,0.24703404496073533,False,True,True,0.06357145574484271,0.6003525108424074,6.142525660826472,0.2409118823103793
confirmation,47,5,anchor_frozen_conditioned_coarse4,6.142525660826472,0.1067617076579513,5.999909711003685,-0.14027233730127198,0.1788668995365707,0.932587964889765,0.2674679682426562,0.30365099548764934,False,True,True,0.2831975241560651,0.8682591475048044,6.142525660826472,0.2409118823103793
confirmation,47,5,anchor_frozen_conditioned_refined8,6.142525660826472,0.1067617076579513,5.999909711003685,-0.14027233730127198,0.1788668995365707,0.932587964889765,0.2674679682426562,,False,True,True,0.02905182356719372,0.45556598909843654,6.142525660826472,0.2409118823103793
confirmation,47,5,convex_box_conditioned_control,6.142525660826472,0.1067617076579513,5.999909711003685,-0.14027233730127198,0.1788668995365707,0.9163767258034138,0.2470340449590465,0.24703404496073533,False,True,True,0.3723329797333963,0.9999999999720031,6.142525660826472,-0.02738846699447671
confirmation,47,6,moving_conditioned_gaussian,7.0,0.17371371111714767,7.082487888580858,-0.3772288844128826,0.16001468184335857,0.9998807637022911,0.5879470478802458,0.5509425957888261,True,False,False,0.004356041713653385,0.9362266623701275,6.915139400034365,0.0888531111515126
confirmation,47,6,fixed_vertical_collision_repair,7.0,0.17371371111714767,7.082487888580858,-0.3772288844128826,0.16001468184335857,0.9997124304033848,0.5509425955300274,0.5509425955300302,False,True,True,0.009015614348879217,,,
confirmation,47,6,anchor_frozen_corridor_projection,7.0,0.17371371111714767,7.082487888580858,-0.3772288844128826,0.16001468184335857,0.9998807637022912,0.5879470478802838,,False,True,True,0.0037331443719968477,,,
confirmation,47,6,fixed_uniform_conditioned_coarse4,7.0,0.17371371111714767,7.082487888580858,-0.3772288844128826,0.16001468184335857,0.7498562152016923,0.10785587176675127,0.5509425956510987,False,True,True,2.4990051993628735e-05,0.7080711829401604,7.0,0.29372472249966664
confirmation,47,6,anchor_frozen_conditioned_coarse4,7.0,0.17371371111714767,7.082487888580858,-0.3772288844128826,0.16001468184335857,0.9998807637022911,0.5879470478802458,,False,True,True,0.003733144371995463,0.8866491623206758,7.0,0.29372472249966664
confirmation,47,6,anchor_frozen_conditioned_refined8,7.0,0.17371371111714767,7.082487888580858,-0.3772288844128826,0.16001468184335857,0.9998807637022911,0.5879470478802458,,False,True,True,0.000891519994343981,0.7407792272772407,7.0,0.29372472249966664
confirmation,47,6,convex_box_conditioned_control,7.0,0.17371371111714767,7.082487888580858,-0.3772288844128826,0.16001468184335857,0.9997124304033848,0.5509425955300274,0.5509425956510987,False,True,True,0.009015614348879217,0.9999999999984792,7.0,0.05370269973462874
confirmation,48,0,moving_conditioned_gaussian,1.0,0.09031630523373557,1.04224396687015,-0.25607433585949846,0.2028477150740406,0.9720094824002738,0.38767915604363873,0.3463906545476859,True,False,False,0.24703257549339108,1.0032867295531274,0.9417801551110377,-0.050238833896454865
confirmation,48,0,fixed_vertical_collision_repair,1.0,0.09031630523373557,1.04224396687015,-0.25607433585949846,0.2028477150740406,0.956148313488933,0.34639064109323403,0.3463906410932341,False,True,True,0.26695484804987385,,,
confirmation,48,0,anchor_frozen_corridor_projection,1.0,0.09031630523373557,1.04224396687015,-0.25607433585949846,0.2028477150740406,0.9720094824072071,0.3876791560655341,0.513020652028588,False,True,True,0.15890161903759503,,,
confirmation,48,0,fixed_uniform_conditioned_coarse4,1.0,0.09031630523373557,1.04224396687015,-0.25607433585949846,0.2028477150740406,0.7280741567389549,0.12312832635300432,0.346390649908976,False,True,True,0.03245223613474401,0.6325519175603052,1.0,0.242452091539266
confirmation,48,0,anchor_frozen_conditioned_coarse4,1.0,0.09031630523373557,1.04224396687015,-0.25607433585949846,0.2028477150740406,0.972009482400274,0.38767915604363906,0.5130210070712884,False,True,True,0.15890161883830356,0.8040716297546389,1.0,0.242452091539266
confirmation,48,0,anchor_frozen_conditioned_refined8,1.0,0.09031630523373557,1.04224396687015,-0.25607433585949846,0.2028477150740406,0.9720094824002738,0.38767915604363873,,False,True,True,0.03340287644367719,0.4534787040006608,1.0,0.242452091539266
confirmation,48,0,convex_box_conditioned_control,1.0,0.09031630523373557,1.04224396687015,-0.25607433585949846,0.2028477150740406,0.9561483134779099,0.34639064106914735,0.34639064990897594,False,True,True,0.26695484770973216,0.9999999960728153,1.0,-0.06181948107179486
confirmation,48,1,moving_conditioned_gaussian,2.0,0.09923958296246309,1.9952869038871328,0.4950191706095688,0.18068080441854717,0.008183755336369029,0.4337451956456342,0.39578006314255904,True,False,False,0.11335004233354379,1.0061131248362076,2.095820466525946,0.19506004948840933
confirmation,48,1,fixed_vertical_collision_repair,2.0,0.09923958296246309,1.9952869038871328,0.4950191706095688,0.18068080441854717,0.014244341106158227,0.39577958764710575,0.3957795876471057,False,True,True,0.13841127567831052,,,
confirmation,48,1,anchor_frozen_corridor_projection,2.0,0.09923958296246309,1.9952869038871328,0.4950191706095688,0.18068080441854717,0.008183755337623748,0.4337451956354965,0.6006795139310657,False,True,True,0.07761363106421573,,,
confirmation,48,1,fixed_uniform_conditioned_coarse4,2.0,0.09923958296246309,1.9952869038871328,0.4950191706095688,0.18068080441854717,0.25712217055198544,0.11784781327344396,0.39577983937370254,False,True,True,0.008153363815265796,0.6317791155327628,2.0,-0.03627102035144729
confirmation,48,1,anchor_frozen_conditioned_coarse4,2.0,0.09923958296246309,1.9952869038871328,0.4950191706095688,0.18068080441854717,0.008183755336369034,0.4337451956456342,0.6006972595519974,False,True,True,0.07761363053532488,0.7810761791816798,2.0,-0.03627102035144729
confirmation,48,1,anchor_frozen_conditioned_refined8,2.0,0.09923958296246309,1.9952869038871328,0.4950191706095688,0.18068080441854717,0.008183755336369034,0.4337451956456342,,False,True,True,0.050753018744742126,0.4353772797732764,2.0,-0.03627102035144729
confirmation,48,1,convex_box_conditioned_control,2.0,0.09923958296246309,1.9952869038871328,0.4950191706095688,0.18068080441854717,0.014244341103970923,0.39577958765801624,0.3957798393737026,False,True,True,0.1384112747240003,0.999999999965461,2.0,-0.03627102035144729
confirmation,48,2,moving_conditioned_gaussian,3.0,0.1081628606911906,2.9987990210968203,-0.16376624572245524,0.22041257937693312,0.9309230467057422,0.32680592055060126,0.27192912045003104,True,False,False,0.47482829762150686,1.045355722356482,3.0,-0.05714657384150923
confirmation,48,2,fixed_vertical_collision_repair,3.0,0.1081628606911906,2.9987990210968203,-0.16376624572245524,0.22041257937693312,0.8913478073108847,0.27192910641364587,0.27192910641364587,False,True,True,0.4208914910434986,,,
confirmation,48,2,anchor_frozen_corridor_projection,3.0,0.1081628606911906,2.9987990210968203,-0.16376624572245524,0.22041257937693312,0.9309230472427559,0.32680592144121334,0.5123779543853504,False,True,True,0.20275714278099743,,,
confirmation,48,2,fixed_uniform_conditioned_coarse4,3.0,0.1081628606911906,2.9987990210968203,-0.16376624572245524,0.22041257937693312,0.6956739031858203,0.11285086773932192,0.2719291165941412,False,True,True,0.08063922200529605,0.6329676954362424,3.0,0.27347229522389044
confirmation,48,2,anchor_frozen_conditioned_coarse4,3.0,0.1081628606911906,2.9987990210968203,-0.16376624572245524,0.22041257937693312,0.9309230467057422,0.32680592055060126,0.5123791809247229,False,True,True,0.20275713825234062,0.7608540437548865,3.0,0.27347229522389044
confirmation,48,2,anchor_frozen_conditioned_refined8,3.0,0.1081628606911906,2.9987990210968203,-0.16376624572245524,0.22041257937693312,0.9309230467057421,0.3268059205506012,,False,True,True,0.020935546190531246,0.4488932537833563,3.0,0.27347229522389044
confirmation,48,2,convex_box_conditioned_control,3.0,0.1081628606911906,2.9987990210968203,-0.16376624572245524,0.22041257937693312,0.8913478063716407,0.2719291053028836,0.2719291165941412,False,True,True,0.4208914815071713,0.9999998873194131,3.0,-0.05714657384150923
confirmation,48,3,moving_conditioned_gaussian,3.8434446343004307,0.1170861384199181,4.019913585424853,0.042799283367648044,0.22178848701057968,0.6548964406622881,0.08839912556305501,0.07428685448879122,True,False,False,0.8854008279674952,1.2936975507616668,3.8434446343004307,-0.04925522683801664
confirmation,48,3,fixed_vertical_collision_repair,3.8434446343004307,0.1170861384199181,4.019913585424853,0.042799283367648044,0.22178848701057968,0.631166559582726,0.0742868550522701,0.07428685505227006,False,True,True,0.629572644195932,,,
confirmation,48,3,anchor_frozen_corridor_projection,3.8434446343004307,0.1170861384199181,4.019913585424853,0.042799283367648044,0.22178848701057968,0.6548964443921255,0.08839912780804861,0.11690399675053458,False,True,True,0.3548272764118985,,,
confirmation,48,3,fixed_uniform_conditioned_coarse4,3.8434446343004307,0.1170861384199181,4.019913585424853,0.042799283367648044,0.22178848701057968,0.5655832772948544,0.03662624777722145,0.07428685457516074,False,True,True,0.15512382349164922,0.6135360634131388,3.8434446343004307,0.28342750367785285
confirmation,48,3,anchor_frozen_conditioned_coarse4,3.8434446343004307,0.1170861384199181,4.019913585424853,0.042799283367648044,0.22178848701057968,0.6548964406622881,0.08839912556305501,0.11690399669918815,False,True,True,0.354827249646128,0.813024078166599,3.8434446343004307,0.28342750367785285
confirmation,48,3,anchor_frozen_conditioned_refined8,3.8434446343004307,0.1170861384199181,4.019913585424853,0.042799283367648044,0.22178848701057968,0.6548964406622881,0.08839912556305501,0.5978834956206751,False,True,True,0.0125155491021408,0.412992636984431,3.8434446343004307,0.28342750367785285
confirmation,48,3,convex_box_conditioned_control,3.8434446343004307,0.1170861384199181,4.019913585424853,0.042799283367648044,0.22178848701057968,0.6311665545897087,0.07428685211628874,0.07428685457516074,False,True,True,0.6295726197051053,0.9999998328624078,3.8434446343004307,-0.04925522683801664
confirmation,48,4,moving_conditioned_gaussian,4.9039338174471006,0.1260094161486456,5.093907061312962,0.06706043939552109,0.1909135842351687,0.6322908746593693,0.06451484198281315,0.05894897674972564,True,False,False,0.755209821519963,1.2262667128726865,4.958728416722278,0.258295280863577
confirmation,48,4,fixed_vertical_collision_repair,4.9039338174471006,0.1260094161486456,5.093907061312962,0.06706043939552109,0.1909135842351687,0.6212529285515637,0.05894897675312454,0.05894897675312455,False,True,True,0.6315359040959064,,,
confirmation,48,4,anchor_frozen_corridor_projection,4.9039338174471006,0.1260094161486456,5.093907061312962,0.06706043939552109,0.1909135842351687,0.632290874684988,0.06451484199579334,0.06847138599289357,False,True,True,0.5503592559715855,,,
confirmation,48,4,fixed_uniform_conditioned_coarse4,4.9039338174471006,0.1260094161486456,5.093907061312962,0.06706043939552109,0.1909135842351687,0.5606264642621153,0.02912534056725762,0.05894897675096421,False,True,True,0.155713342979792,0.5667017406418831,4.9039338174471006,0.2691946043250221
confirmation,48,4,anchor_frozen_conditioned_coarse4,4.9039338174471006,0.1260094161486456,5.093907061312962,0.06706043939552109,0.1909135842351687,0.6322908746593693,0.06451484198281315,0.06847138599130756,False,True,True,0.5503592558245332,0.9470888824651946,4.9039338174471006,0.2691946043250221
confirmation,48,4,anchor_frozen_conditioned_refined8,4.9039338174471006,0.1260094161486456,5.093907061312962,0.06706043939552109,0.1909135842351687,0.6322908746593691,0.06451484198281303,0.21631106606153566,False,True,True,0.054273273594357185,0.48170478834656827,4.9039338174471006,0.2691946043250221
confirmation,48,4,convex_box_conditioned_control,4.9039338174471006,0.1260094161486456,5.093907061312962,0.06706043939552109,0.1909135842351687,0.6212529285242305,0.05894897673940564,0.05894897675096422,False,True,True,0.6315359039777749,0.9999999989874667,4.9039338174471006,-0.017175772027730907
confirmation,48,5,moving_conditioned_gaussian,6.0,0.1349326938773731,6.048978579260217,-0.2574726924595525,0.18059205249899535,0.9939635780570403,0.45328748997439217,0.392405386751676,True,False,False,0.09698855188048018,1.0618296798983198,5.9042266012871725,0.039159295164545666
confirmation,48,5,fixed_vertical_collision_repair,6.0,0.1349326938773731,6.048978579260217,-0.2574726924595525,0.18059205249899535,0.985105434848226,0.39240538633692573,0.3924053863369256,False,True,True,0.14228386242804356,,,
confirmation,48,5,anchor_frozen_corridor_projection,6.0,0.1349326938773731,6.048978579260217,-0.2574726924595525,0.18059205249899535,0.993963578057092,0.45328748997493884,,False,True,True,0.05560140816981877,,,
confirmation,48,5,fixed_uniform_conditioned_coarse4,6.0,0.1349326938773731,6.048978579260217,-0.2574726924595525,0.18059205249899535,0.7425527174240492,0.11760793107464027,0.3924053865011546,False,True,True,0.008646346287925884,0.6311402724637638,6.0,0.2703767332516196
confirmation,48,5,anchor_frozen_conditioned_coarse4,6.0,0.1349326938773731,6.048978579260217,-0.2574726924595525,0.18059205249899535,0.9939635780570403,0.45328748997439217,,False,True,True,0.05560140816947209,0.6922058110116596,6.0,0.2703767332516196
confirmation,48,5,anchor_frozen_conditioned_refined8,6.0,0.1349326938773731,6.048978579260217,-0.2574726924595525,0.18059205249899535,0.99396357805704,0.4532874899743898,,False,True,True,0.010805692527526509,0.5028990676045871,6.0,0.2703767332516196
confirmation,48,5,convex_box_conditioned_control,6.0,0.1349326938773731,6.048978579260217,-0.2574726924595525,0.18059205249899535,0.9851054348480982,0.3924053863363126,0.3924053865011546,False,True,True,0.14228386242716173,0.9999999998733153,6.0,-0.0005113454968733999
confirmation,48,6,moving_conditioned_gaussian,7.0,0.14385597160610064,6.906278654835138,-0.2504423605091438,0.16673681910445146,0.9956104640108087,0.4369404460890918,0.3942983321223516,True,False,False,0.06656616098190143,0.9766195222383415,7.088425551596674,0.0554304200094264
confirmation,48,6,fixed_vertical_collision_repair,7.0,0.14385597160610064,6.906278654835138,-0.2504423605091438,0.16673681910445146,0.9909799638590482,0.3942983321152444,0.39429833211524445,False,True,True,0.10370974069962464,,,
confirmation,48,6,anchor_frozen_corridor_projection,7.0,0.14385597160610064,6.906278654835138,-0.2504423605091438,0.16673681910445146,0.9956104640108097,0.4369404460891049,,False,True,True,0.04894139569343494,,,
confirmation,48,6,fixed_uniform_conditioned_coarse4,7.0,0.14385597160610064,6.906278654835138,-0.2504423605091438,0.16673681910445146,0.7454899819295231,0.11010705321260518,0.39429833211970067,False,True,True,0.004406056002425867,0.67987683879607,7.0,0.2689085859344392
confirmation,48,6,anchor_frozen_conditioned_coarse4,7.0,0.14385597160610064,6.906278654835138,-0.2504423605091438,0.16673681910445146,0.9956104640108087,0.4369404460890918,,False,True,True,0.04894139569342837,0.8311524690954675,7.0,0.2689085859344392
confirmation,48,6,anchor_frozen_conditioned_refined8,7.0,0.14385597160610064,6.906278654835138,-0.2504423605091438,0.16673681910445146,0.9956104640108085,0.43694044608909044,,False,True,True,0.009193498028800557,0.6239756256395629,7.0,0.2689085859344392
confirmation,48,6,convex_box_conditioned_control,7.0,0.14385597160610064,6.906278654835138,-0.2504423605091438,0.16673681910445146,0.9909799638590461,0.39429833211522985,0.3942983321197007,False,True,True,0.10370974069961111,0.9999999999965201,7.0,0.018803357277762056
confirmation,49,0,moving_conditioned_gaussian,1.0,-0.001347755881109934,1.073122557810768,0.408012874704773,0.21203953569840062,0.015172291694866644,0.459185008926015,0.4093621271102846,True,False,False,0.15727443612515546,0.8987074225534641,0.9391419870113771,0.14557648445510155
confirmation,49,0,fixed_vertical_collision_repair,1.0,-0.001347755881109934,1.073122557810768,0.408012874704773,0.21203953569840062,0.02676711440751489,0.40936063058588296,0.40936063058588296,False,True,True,0.20217982859121852,,,
confirmation,49,0,anchor_frozen_corridor_projection,1.0,-0.001347755881109934,1.073122557810768,0.408012874704773,0.21203953569840062,0.015172291741520575,0.45918500866734707,0.7313931329308151,False,True,True,0.1013206353531716,,,
confirmation,49,0,fixed_uniform_conditioned_coarse4,1.0,-0.001347755881109934,1.073122557810768,0.408012874704773,0.21203953569840062,0.2633835571600306,0.13421015805576972,0.40936181210712275,False,True,True,0.018185301428141454,0.6850127354019067,1.0,-0.1603774076549104
confirmation,49,0,anchor_frozen_conditioned_coarse4,1.0,-0.001347755881109934,1.073122557810768,0.408012874704773,0.21203953569840062,0.01517229169486664,0.459185008926015,0.7315813702255325,False,True,True,0.10132062280183886,0.8479669117507895,1.0,-0.1603774076549104
confirmation,49,0,anchor_frozen_conditioned_refined8,1.0,-0.001347755881109934,1.073122557810768,0.408012874704773,0.21203953569840062,0.015172291694866646,0.459185008926015,,False,True,True,0.041283855890444865,0.5113932785401736,1.0,-0.1603774076549104
confirmation,49,0,convex_box_conditioned_control,1.0,-0.001347755881109934,1.073122557810768,0.408012874704773,0.21203953569840062,0.026767114320061212,0.40936063088554264,0.40936181210712275,False,True,True,0.2021798032484038,0.9999999904791651,1.0,0.05166212804349022
confirmation,49,1,moving_conditioned_gaussian,2.0,-0.042709051655623796,1.9173091336470676,0.42795314824898656,0.17765841379438724,0.0023974598847588953,0.5010851707023904,0.4706622367268376,True,False,False,0.0441561330016462,0.9510079723714071,2.0942176018466427,0.05150855019101886
confirmation,49,1,fixed_vertical_collision_repair,2.0,-0.042709051655623796,1.9173091336470676,0.42795314824898656,0.17765841379438724,0.004033488129780605,0.47066219990461117,0.4706621999046152,False,True,True,0.06087237932816082,,,
confirmation,49,1,anchor_frozen_corridor_projection,2.0,-0.042709051655623796,1.9173091336470676,0.42795314824898656,0.17765841379438724,0.002397459884760019,0.5010851707023639,0.6488294639761482,False,True,True,0.03586523809082066,,,
confirmation,49,1,fixed_uniform_conditioned_coarse4,2.0,-0.042709051655623796,1.9173091336470676,0.42795314824898656,0.17765841379438724,0.25201674406488933,0.11870368276687565,0.47066222331708485,False,True,True,0.0014121918128562772,0.675327419918495,2.0,-0.17595286200141422
confirmation,49,1,anchor_frozen_conditioned_coarse4,2.0,-0.042709051655623796,1.9173091336470676,0.42795314824898656,0.17765841379438724,0.0023974598847588974,0.5010851707023904,0.6488311069521596,False,True,True,0.03586523808961943,0.8638176597582143,2.0,-0.17595286200141422
confirmation,49,1,anchor_frozen_conditioned_refined8,2.0,-0.042709051655623796,1.9173091336470676,0.42795314824898656,0.17765841379438724,0.002397459884758898,0.5010851707023904,,False,True,True,0.014847657425011172,0.5066616236079444,2.0,-0.17595286200141422
confirmation,49,1,convex_box_conditioned_control,2.0,-0.042709051655623796,1.9173091336470676,0.42795314824898656,0.17765841379438724,0.0040334881297787156,0.4706621999046392,0.4706622233170848,False,True,True,0.060872379326113085,0.9999999999971327,2.0,0.04612015524156982
confirmation,49,2,moving_conditioned_gaussian,3.0,-0.08407034743013767,2.8991186664675817,0.1691060139644266,0.19016169562472954,0.05227495648370766,0.3086675678093536,0.2531763614902066,True,False,False,0.41494843088012384,1.1308296463103016,3.0545787977895276,0.04769452641135888
confirmation,49,2,fixed_vertical_collision_repair,3.0,-0.08407034743013767,2.8991186664675817,0.1691060139644266,0.19016169562472954,0.09153296925547882,0.25317636139456406,0.25317636139456423,False,True,True,0.38878397315457647,,,
confirmation,49,2,anchor_frozen_corridor_projection,3.0,-0.08407034743013767,2.8991186664675817,0.1691060139644266,0.19016169562472954,0.052274956483050306,0.30866756781052346,0.5614780979457439,False,True,True,0.17382842246732375,,,
confirmation,49,2,fixed_uniform_conditioned_coarse4,3.0,-0.08407034743013767,2.8991186664675817,0.1691060139644266,0.19016169562472954,0.2957664846283678,0.10204378658558176,0.25317636145772515,False,True,True,0.0691904260380624,0.6302013743176248,3.0,-0.22669161914868483
confirmation,49,2,anchor_frozen_conditioned_coarse4,3.0,-0.08407034743013767,2.8991186664675817,0.1691060139644266,0.19016169562472954,0.052274956483707676,0.3086675678093534,0.5614783055968585,False,True,True,0.1738284224588828,0.7333022119835615,3.0,-0.22669161914868483
confirmation,49,2,anchor_frozen_conditioned_refined8,3.0,-0.08407034743013767,2.8991186664675817,0.1691060139644266,0.19016169562472954,0.05227495648370769,0.3086675678093534,,False,True,True,0.023964575601498925,0.44133353848798756,3.0,-0.22669161914868483
confirmation,49,2,convex_box_conditioned_control,3.0,-0.08407034743013767,2.8991186664675817,0.1691060139644266,0.19016169562472954,0.09153296925673562,0.2531763613931108,0.2531763614577252,False,True,True,0.3887839731352831,0.9999999997769901,3.0,0.058550924288409495
confirmation,49,3,moving_conditioned_gaussian,3.820573769765286,-0.12543164320465153,4.038369266578818,-0.06840974675073408,0.17039732883600053,0.35550842400813604,0.06313063859983271,0.0570218964539078,True,False,False,0.7697984633518752,1.2502049746336867,3.869479945763889,-0.24350159658428364
confirmation,49,3,fixed_vertical_collision_repair,3.820573769765286,-0.12543164320465153,4.038369266578818,-0.06840974675073408,0.17039732883600053,0.36894803623243155,0.05702189645391743,0.057021896453917434,False,True,True,0.6295971530922523,,,
confirmation,49,3,anchor_frozen_corridor_projection,3.820573769765286,-0.12543164320465153,4.038369266578818,-0.06840974675073408,0.17039732883600053,0.3555084240080222,0.06313063859988484,0.06756881796532818,False,True,True,0.5382976276604644,,,
confirmation,49,3,fixed_uniform_conditioned_coarse4,3.820573769765286,-0.12543164320465153,4.038369266578818,-0.06840974675073408,0.17039732883600053,0.43447401811627706,0.028114681576299413,0.05702189645391165,False,True,True,0.15513167248564053,0.5661693801187455,3.820573769765286,-0.2532296398316519
confirmation,49,3,anchor_frozen_conditioned_coarse4,3.820573769765286,-0.12543164320465153,4.038369266578818,-0.06840974675073408,0.17039732883600053,0.355508424008136,0.06313063859983277,0.06756881796532443,False,True,True,0.5382976276593533,0.9392143129238182,3.820573769765286,-0.2532296398316519
confirmation,49,3,anchor_frozen_conditioned_refined8,3.820573769765286,-0.12543164320465153,4.038369266578818,-0.06840974675073408,0.17039732883600053,0.35550842400813587,0.06313063859983283,0.18953691005393855,False,True,True,0.06787558106550491,0.5010296768243789,3.820573769765286,-0.2532296398316519
confirmation,49,3,convex_box_conditioned_control,3.820573769765286,-0.12543164320465153,4.038369266578818,-0.06840974675073408,0.17039732883600053,0.3689480362325541,0.05702189645386206,0.057021896453911675,False,True,True,0.6295971530917283,0.9999999999946468,3.820573769765286,0.002366353422348866
confirmation,49,4,moving_conditioned_gaussian,5.0,-0.1667929389791654,5.05143956930367,0.39550375269302374,0.22612091109468793,0.0033331943536213655,0.613480889042273,0.5623019127442916,True,False,False,0.05378474123477865,0.8680808565163081,5.0,-0.3363836223001814
confirmation,49,4,fixed_vertical_collision_repair,5.0,-0.1667929389791654,5.05143956930367,0.39550375269302374,0.22612091109468793,0.006446557716044106,0.5622966916721894,0.5622966916721891,False,True,True,0.08332508802624994,,,
confirmation,49,4,anchor_frozen_corridor_projection,5.0,-0.1667929389791654,5.05143956930367,0.39550375269302374,0.22612091109468793,0.0033331940821856865,0.6134808951440848,1.002137441990433,False,True,True,0.04211749425082708,,,
confirmation,49,4,fixed_uniform_conditioned_coarse4,5.0,-0.1667929389791654,5.05143956930367,0.39550375269302374,0.22612091109468793,0.25322327912244647,0.1502304130200142,0.5623001356561947,False,True,True,0.002760826374471947,0.6896203246475123,5.0,-0.3363836223001814
confirmation,49,4,anchor_frozen_conditioned_coarse4,5.0,-0.1667929389791654,5.05143956930367,0.39550375269302374,0.22612091109468793,0.0033331943536213716,0.613480889042273,1.0032686088601848,False,True,True,0.04211749059543748,0.8611289320015342,5.0,-0.3363836223001814
confirmation,49,4,anchor_frozen_conditioned_refined8,5.0,-0.1667929389791654,5.05143956930367,0.39550375269302374,0.22612091109468793,0.0033331943536213707,0.613480889042273,,False,True,True,0.009995644810710129,0.6189907042682895,5.0,-0.3363836223001814
confirmation,49,4,convex_box_conditioned_control,5.0,-0.1667929389791654,5.05143956930367,0.39550375269302374,0.22612091109468793,0.006446558244892898,0.5622966850722599,0.5623001356561949,False,True,True,0.08332508077989867,0.99999908300282,5.0,0.0027977443418505665
confirmation,49,5,moving_conditioned_gaussian,6.0,-0.20815423475367925,5.882696748327327,0.19425928628413783,0.18274037369684593,0.008260496752335603,0.4380648585577043,0.40241352108517114,True,False,False,0.10875602187370509,1.0118832355404075,6.096912718078203,-0.11124151667547659
confirmation,49,5,fixed_vertical_collision_repair,6.0,-0.20815423475367925,5.882696748327327,0.19425928628413783,0.18274037369684593,0.013828940313957256,0.40241352103781736,0.4024135210378327,False,True,True,0.13589350633281402,,,
confirmation,49,5,anchor_frozen_corridor_projection,6.0,-0.20815423475367925,5.882696748327327,0.19425928628413783,0.18274037369684593,0.008260496750628833,0.43806485857153904,0.5838449925189512,False,True,True,0.07919551811981439,,,
confirmation,49,5,fixed_uniform_conditioned_coarse4,6.0,-0.20815423475367925,5.882696748327327,0.19425928628413783,0.18274037369684593,0.25691447015841173,0.11930886824823991,0.4024135210669266,False,True,True,0.007840932395062486,0.648647581519797,6.0,-0.3452095150263137
confirmation,49,5,anchor_frozen_conditioned_coarse4,6.0,-0.20815423475367925,5.882696748327327,0.19425928628413783,0.18274037369684593,0.008260496752335613,0.4380648585577043,0.5838449983713462,False,True,True,0.07919551810965714,0.8182761220592499,6.0,-0.3452095150263137
confirmation,49,5,anchor_frozen_conditioned_refined8,6.0,-0.20815423475367925,5.882696748327327,0.19425928628413783,0.18274037369684593,0.00826049675233561,0.4380648585577043,,False,True,True,0.008131150886119987,0.619899479984289,6.0,-0.3452095150263137
confirmation,49,5,convex_box_conditioned_control,6.0,-0.20815423475367925,5.882696748327327,0.19425928628413783,0.18274037369684593,0.013828940316823444,0.4024135210229838,0.4024135210669266,False,True,True,0.1358935063154768,0.9999999971947529,6.0,-0.07109895448104481
confirmation,49,6,moving_conditioned_gaussian,7.0,-0.2495155305281931,7.075721323423142,0.24592334770043056,0.1808094945027454,0.001151666421835575,0.5511159823153683,0.4954388783892497,True,False,False,0.022745154354761682,0.91767474228422,7.0,-0.38512265140525215
confirmation,49,6,fixed_vertical_collision_repair,7.0,-0.2495155305281931,7.075721323423142,0.24592334770043056,0.1808094945027454,0.0030708808968831275,0.4954388782286238,0.49543887822862365,False,True,True,0.05050451231566228,,,
confirmation,49,6,anchor_frozen_corridor_projection,7.0,-0.2495155305281931,7.075721323423142,0.24592334770043056,0.1808094945027454,0.0011516664211986085,0.5511159823454227,,False,True,True,0.01777964343393723,,,
confirmation,49,6,fixed_uniform_conditioned_coarse4,7.0,-0.2495155305281931,7.075721323423142,0.24592334770043056,0.1808094945027454,0.25153544044932796,0.12108192827438062,0.49543887834415967,False,True,True,0.000948434698513597,0.7289531220420525,7.0,-0.38512265140525215
confirmation,49,6,anchor_frozen_conditioned_coarse4,7.0,-0.2495155305281931,7.075721323423142,0.24592334770043056,0.1808094945027454,0.0011516664218355743,0.5511159823153683,,False,True,True,0.017779643429520247,0.9166131705231694,7.0,-0.38512265140525215
confirmation,49,6,anchor_frozen_conditioned_refined8,7.0,-0.2495155305281931,7.075721323423142,0.24592334770043056,0.1808094945027454,0.0011516664218355745,0.5511159823153683,,False,True,True,0.002022111780553158,0.8260700190308227,7.0,-0.38512265140525215
confirmation,49,6,convex_box_conditioned_control,7.0,-0.2495155305281931,7.075721323423142,0.24592334770043056,0.1808094945027454,0.00307088089865588,0.49543887819431837,0.49543887834415967,False,True,True,0.05050451230306037,0.9999999924278717,7.0,-0.11390840965113408
confirmation,50,0,moving_conditioned_gaussian,1.0,-0.0032619224835150618,0.9655015287979247,0.27220424542592625,0.1698249573158458,0.03067079297589309,0.31774677748325697,0.2754661679492829,True,False,False,0.27607445332607755,1.132125812458125,1.090063284199563,0.08680136171604784
confirmation,50,0,fixed_vertical_collision_repair,1.0,-0.0032619224835150618,0.9655015287979247,0.27220424542592625,0.1698249573158458,0.05239531539226173,0.27546616790944145,0.27546616790944134,False,True,True,0.293723242278001,,,
confirmation,50,0,anchor_frozen_corridor_projection,1.0,-0.0032619224835150618,0.9655015287979247,0.27220424542592625,0.1698249573158458,0.030670792975893434,0.31774677748325614,0.46675232742518413,False,True,True,0.1566445508377984,,,
confirmation,50,0,fixed_uniform_conditioned_coarse4,1.0,-0.0032619224835150618,0.9655015287979247,0.27220424542592625,0.1698249573158458,0.2761976576961305,0.10090568219048353,0.27546616793288126,False,True,True,0.03948316900557658,0.6243804958909283,1.0,-0.1306306404703994
confirmation,50,0,anchor_frozen_conditioned_coarse4,1.0,-0.0032619224835150618,0.9655015287979247,0.27220424542592625,0.1698249573158458,0.030670792975893053,0.31774677748325725,0.4667523367547317,False,True,True,0.15664455083744802,0.7606889925275355,1.0,-0.1306306404703994
confirmation,50,0,anchor_frozen_conditioned_refined8,1.0,-0.0032619224835150618,0.9655015287979247,0.27220424542592625,0.1698249573158458,0.03067079297589306,0.31774677748325725,,False,True,True,0.055228069530198196,0.3990912517976049,1.0,-0.1306306404703994
confirmation,50,0,convex_box_conditioned_control,1.0,-0.0032619224835150618,0.9655015287979247,0.27220424542592625,0.1698249573158458,0.05239531539226106,0.27546616790944245,0.27546616793288126,False,True,True,0.293723242277326,0.999999999999905,1.0,-0.04571816181247651
confirmation,50,1,moving_conditioned_gaussian,2.0,-0.02687717654428662,1.9417780495398271,0.3412360395621774,0.15591026603047342,0.003476938308838427,0.4208088288590875,0.36811321613698655,True,False,False,0.0693974874445346,1.1853410840571819,2.0826839047750596,0.055806728230773164
confirmation,50,1,fixed_vertical_collision_repair,2.0,-0.02687717654428662,1.9417780495398271,0.3412360395621774,0.15591026603047342,0.009111434610424804,0.36811321610646386,0.368113216106464,False,True,True,0.10438445684246135,,,
confirmation,50,1,anchor_frozen_corridor_projection,2.0,-0.02687717654428662,1.9417780495398271,0.3412360395621774,0.15591026603047342,0.0034769383088384224,0.4208088288590875,,False,True,True,0.03892211117639336,,,
confirmation,50,1,fixed_uniform_conditioned_coarse4,2.0,-0.02687717654428662,1.9417780495398271,0.3412360395621774,0.15591026603047342,0.2545557173052124,0.10293537347852183,0.36811321611602915,False,True,True,0.004467486773573744,0.6219908617422966,2.0,-0.14380987606714168
confirmation,50,1,anchor_frozen_conditioned_coarse4,2.0,-0.02687717654428662,1.9417780495398271,0.3412360395621774,0.15591026603047342,0.003476938308838423,0.4208088288590875,,False,True,True,0.03892211117639265,0.6619087601851258,2.0,-0.14380987606714168
confirmation,50,1,anchor_frozen_conditioned_refined8,2.0,-0.02687717654428662,1.9417780495398271,0.3412360395621774,0.15591026603047342,0.0034769383088384224,0.4208088288590875,,False,True,True,0.01584040214169096,0.42834654474512024,2.0,-0.14380987606714168
confirmation,50,1,convex_box_conditioned_control,2.0,-0.02687717654428662,1.9417780495398271,0.3412360395621774,0.15591026603047342,0.009111434610424806,0.36811321610646386,0.36811321611602915,False,True,True,0.10438445684246,0.9999999999999754,2.0,0.09005552297856845
confirmation,50,2,moving_conditioned_gaussian,3.0,-0.050492430605058175,2.9946821603245706,0.3220140148355388,0.22991007352439014,0.02832959813987506,0.43819266926777706,0.37250852564260906,True,False,False,0.27236011402604143,0.9670908944394265,3.065987082053718,0.10881447783045364
confirmation,50,2,fixed_vertical_collision_repair,3.0,-0.050492430605058175,2.9946821603245706,0.3220140148355388,0.22991007352439014,0.05259179129781139,0.37250644544059686,0.37250644544059697,False,True,True,0.2943054884646415,,,
confirmation,50,2,anchor_frozen_corridor_projection,3.0,-0.050492430605058175,2.9946821603245706,0.3220140148355388,0.22991007352439014,0.028329598199737925,0.4381926690556438,0.7439006649312063,False,True,True,0.1430856771844172,,,
confirmation,50,2,fixed_uniform_conditioned_coarse4,3.0,-0.050492430605058175,2.9946821603245706,0.3220140148355388,0.22991007352439014,0.2762958955921552,0.13653919572469203,0.3725075658322634,False,True,True,0.0396430990513529,0.621329199428517,3.0,-0.22292498574835076
confirmation,50,2,anchor_frozen_conditioned_coarse4,3.0,-0.050492430605058175,2.9946821603245706,0.3220140148355388,0.22991007352439014,0.02832959813987506,0.43819266926777706,0.7441438514677039,False,True,True,0.1430856213523274,0.7292424373159441,3.0,-0.22292498574835076
confirmation,50,2,anchor_frozen_conditioned_refined8,3.0,-0.050492430605058175,2.9946821603245706,0.3220140148355388,0.22991007352439014,0.028329598139875067,0.43819266926777706,,False,True,True,0.03929356390088292,0.41012946110775406,3.0,-0.22292498574835076
confirmation,50,2,convex_box_conditioned_control,3.0,-0.050492430605058175,2.9946821603245706,0.3220140148355388,0.22991007352439014,0.052591791184310406,0.37250644568364283,0.3725075658322634,False,True,True,0.29430537007612084,0.9999998043635634,3.0,0.06446260615713689
confirmation,50,3,moving_conditioned_gaussian,4.0,-0.07410768466582973,3.976224336306751,0.2125361620893379,0.21809272358112855,0.06205111898666705,0.3353787865995092,0.28664387913753114,True,False,False,0.4218794795474745,1.0053413126686572,4.062595354025408,0.077010867963855
confirmation,50,3,fixed_vertical_collision_repair,4.0,-0.07410768466582973,3.976224336306751,0.2125361620893379,0.21809272358112855,0.09436910143594757,0.2866438467551677,0.28664384675516763,False,True,True,0.3944170060713943,,,
confirmation,50,3,anchor_frozen_corridor_projection,4.0,-0.07410768466582973,3.976224336306751,0.2125361620893379,0.21809272358112855,0.062051118866462196,0.33537878681387545,0.49443091232446107,False,True,True,0.20293080539260752,,,
confirmation,50,3,fixed_uniform_conditioned_coarse4,4.0,-0.07410768466582973,3.976224336306751,0.2125361620893379,0.21809272358112855,0.2971845508188797,0.11613772669933681,0.2866438718088154,False,True,True,0.07115472307730053,0.6432593857808241,4.0,-0.23767722735167615
confirmation,50,3,anchor_frozen_conditioned_coarse4,4.0,-0.07410768466582973,3.976224336306751,0.2125361620893379,0.21809272358112855,0.06205111898666707,0.3353787865995092,0.49443239268252065,False,True,True,0.2029308004532371,0.7909168218296494,4.0,-0.23767722735167615
confirmation,50,3,anchor_frozen_conditioned_refined8,4.0,-0.07410768466582973,3.976224336306751,0.2125361620893379,0.21809272358112855,0.062051118986667084,0.3353787865995092,,False,True,True,0.033620725439220706,0.44423252277028835,4.0,-0.23767722735167615
confirmation,50,3,convex_box_conditioned_control,4.0,-0.07410768466582973,3.976224336306751,0.2125361620893379,0.21809272358112855,0.09436910163775931,0.28664384649347807,0.28664387180881534,False,True,True,0.3944169962124148,0.9999999567106015,4.0,0.08946185802001669
confirmation,50,4,moving_conditioned_gaussian,4.885926156101743,-0.09772293872660129,5.048075668924495,-0.1377554878846462,0.1918739693396081,0.590927997591395,0.04411811495409079,0.04003254920531188,True,False,False,0.771436233032788,1.2215642294588347,4.885926156101743,-0.19365992339640534
confirmation,50,4,fixed_vertical_collision_repair,4.885926156101743,-0.09772293872660129,5.048075668924495,-0.1377554878846462,0.1918739693396081,0.5826352860547885,0.040032549158044876,0.04003254915804494,False,True,True,0.6362376004430219,,,
confirmation,50,4,anchor_frozen_corridor_projection,4.885926156101743,-0.09772293872660129,5.048075668924495,-0.1377554878846462,0.1918739693396081,0.5909279975731069,0.04411811494505938,0.0471485752272201,False,True,True,0.5507668464801094,,,
confirmation,50,4,fixed_uniform_conditioned_coarse4,4.885926156101743,-0.09772293872660129,5.048075668924495,-0.1377554878846462,0.1918739693396081,0.541317643037192,0.01990765751357211,0.04003254918991997,False,True,True,0.1573602329897048,0.5700330692951878,4.885926156101743,0.046182538278104784
confirmation,50,4,anchor_frozen_conditioned_coarse4,4.885926156101743,-0.09772293872660129,5.048075668924495,-0.1377554878846462,0.1918739693396081,0.5909279975913951,0.04411811495409085,0.047148575266540454,False,True,True,0.5507668457742216,0.9435761498611467,4.885926156101743,0.046182538278104784
confirmation,50,4,anchor_frozen_conditioned_refined8,4.885926156101743,-0.09772293872660129,5.048075668924495,-0.1377554878846462,0.1918739693396081,0.5909279975913949,0.044118114954090744,0.10568441308337614,False,True,True,0.11709671810538635,0.4376440354541586,4.885926156101743,-0.24162841573130736
confirmation,50,4,convex_box_conditioned_control,4.885926156101743,-0.09772293872660129,5.048075668924495,-0.1377554878846462,0.1918739693396081,0.5826352860743841,0.04003254916767687,0.040032549189920025,False,True,True,0.6362375949872873,0.999999999501554,4.885926156101743,0.046182538278104784
confirmation,50,5,moving_conditioned_gaussian,5.764968996303898,-0.12133819278737284,5.9678588909823,-0.008566271270361803,0.22167983761553126,0.2717503427313908,0.13467666864449004,0.11277192139338503,True,False,False,0.8555689660804949,1.3753420493010553,5.764968996303898,0.044921685424275604
confirmation,50,5,fixed_vertical_collision_repair,5.764968996303898,-0.12133819278737284,5.9678588909823,-0.008566271270361803,0.22167983761553126,0.3054759038681272,0.11277192151701104,0.11277192151701104,False,True,True,0.6091615774947611,,,
confirmation,50,5,anchor_frozen_corridor_projection,5.764968996303898,-0.12133819278737284,5.9678588909823,-0.008566271270361803,0.22167983761553126,0.27175033901346696,0.13467667112913018,0.16001836362773078,False,True,True,0.420387149365042,,,
confirmation,50,5,fixed_uniform_conditioned_coarse4,5.764968996303898,-0.12133819278737284,5.9678588909823,-0.008566271270361803,0.22167983761553126,0.40273795420563285,0.05459232695242254,0.11277192144054546,False,True,True,0.15006907441451253,0.5825693340354915,5.764968996303898,-0.2875980709990213
confirmation,50,5,anchor_frozen_conditioned_coarse4,5.764968996303898,-0.12133819278737284,5.9678588909823,-0.008566271270361803,0.22167983761553126,0.27175034273139087,0.13467666864449,0.16001836395667696,False,True,True,0.4203871187052309,0.8574057776817682,5.764968996303898,-0.2875980709990213
confirmation,50,5,anchor_frozen_conditioned_refined8,5.764968996303898,-0.12133819278737284,5.9678588909823,-0.008566271270361803,0.22167983761553126,0.27175034273139076,0.13467666864449004,,False,True,True,0.0008479088939320909,0.42362433438611696,5.764968996303898,-0.2875980709990213
confirmation,50,5,convex_box_conditioned_control,5.764968996303898,-0.12133819278737284,5.9678588909823,-0.008566271270361803,0.22167983761553126,0.30547590841126576,0.11277191864379744,0.11277192144054544,False,True,True,0.6091615549893186,0.9999998186986078,5.764968996303898,0.044921685424275604
confirmation,50,6,moving_conditioned_gaussian,7.0,-0.1449534468481444,7.016516441781388,0.26801702531587945,0.18473339834727925,0.004855468562390894,0.4777124102901253,0.41297047341380155,True,False,False,0.07907179877473006,0.9577679926243713,6.871996445721771,-0.09193263863414121
confirmation,50,6,fixed_vertical_collision_repair,7.0,-0.1449534468481444,7.016516441781388,0.26801702531587945,0.18473339834727925,0.012692455378480086,0.41297047216402394,0.4129704721640238,False,True,True,0.12881871094773664,,,
confirmation,50,6,anchor_frozen_corridor_projection,7.0,-0.1449534468481444,7.016516441781388,0.26801702531587945,0.18473339834727925,0.004855468562224798,0.4777124102923035,,False,True,True,0.047513970833386904,,,
confirmation,50,6,fixed_uniform_conditioned_coarse4,7.0,-0.1449534468481444,7.016516441781388,0.26801702531587945,0.18473339834727925,0.2563462276894583,0.12093591107127971,0.41297047270963505,False,True,True,0.006997077782747754,0.646331117782455,7.0,-0.2835034956086039
confirmation,50,6,anchor_frozen_conditioned_coarse4,7.0,-0.1449534468481444,7.016516441781388,0.26801702531587945,0.18473339834727925,0.00485546856239089,0.4777124102901253,,False,True,True,0.04751397083228261,0.716865209888243,7.0,-0.2835034956086039
confirmation,50,6,anchor_frozen_conditioned_refined8,7.0,-0.1449534468481444,7.016516441781388,0.26801702531587945,0.18473339834727925,0.004855468562390893,0.4777124102901253,,False,True,True,0.009147182988492595,0.5432938712883462,7.0,-0.2835034956086039
confirmation,50,6,convex_box_conditioned_control,7.0,-0.1449534468481444,7.016516441781388,0.26801702531587945,0.18473339834727925,0.012692455378916662,0.4129704721615645,0.41297047270963505,False,True,True,0.12881871094475805,0.9999999995092974,7.0,-0.006403398087684947
confirmation,51,0,moving_conditioned_gaussian,1.0,-0.11379383242916448,0.9765378465965705,-0.4913516619178713,0.20575993035530435,0.9794399706222868,0.4202270827951267,0.37756348639780873,True,False,False,0.19859502509933447,0.9373505990623645,1.0590556872936774,-0.2563668736288246
confirmation,51,0,fixed_vertical_collision_repair,1.0,-0.11379383242916448,0.9765378465965705,-0.4913516619178713,0.20575993035530435,0.9667429630677279,0.37755782948870664,0.3775578294887068,False,True,True,0.22896963607572213,,,
confirmation,51,0,anchor_frozen_corridor_projection,1.0,-0.11379383242916448,0.9765378465965705,-0.4913516619178713,0.20575993035530435,0.9794399700700761,0.42022708050272983,0.5670683689621923,False,True,True,0.13284501001972399,,,
confirmation,51,0,fixed_uniform_conditioned_coarse4,1.0,-0.11379383242916448,0.9765378465965705,-0.4913516619178713,0.20575993035530435,0.733371481987796,0.1281970429052363,0.377561704961004,False,True,True,0.023600368615684875,0.6471348409687989,1.0,0.040526115337313776
confirmation,51,0,anchor_frozen_conditioned_coarse4,1.0,-0.11379383242916448,0.9765378465965705,-0.4913516619178713,0.20575993035530435,0.9794399706222869,0.4202270827951271,0.5671491122343649,False,True,True,0.13284490067016563,0.8163611301388448,1.0,0.040526115337313776
confirmation,51,0,anchor_frozen_conditioned_refined8,1.0,-0.11379383242916448,0.9765378465965705,-0.4913516619178713,0.20575993035530435,0.979439970622287,0.42022708279512766,,False,True,True,0.08209493988077578,0.4501899919524936,1.0,0.040526115337313776
confirmation,51,0,convex_box_conditioned_control,1.0,-0.11379383242916448,0.9765378465965705,-0.4913516619178713,0.20575993035530435,0.966742963975592,0.3775578320099231,0.377561704961004,False,True,True,0.22896944412530182,0.9999999875355411,1.0,0.040526115337313776
confirmation,51,1,moving_conditioned_gaussian,2.062179772581967,-0.1415375928915617,1.8919667686017418,-0.2830668146916405,0.20400456179674323,0.7794859392051536,0.15717699422133138,0.14152925287872842,True,False,False,0.6926862585247144,1.2087204520667643,2.062179772581967,-0.29454101423911916
confirmation,51,1,fixed_vertical_collision_repair,2.062179772581967,-0.1415375928915617,1.8919667686017418,-0.2830668146916405,0.20400456179674323,0.7560821231205732,0.14152922180007885,0.14152922180007882,False,True,True,0.5745339652486997,,,
confirmation,51,1,anchor_frozen_corridor_projection,2.062179772581967,-0.1415375928915617,1.8919667686017418,-0.2830668146916405,0.20400456179674323,0.7794859381642484,0.15717699350512054,0.17409708995570378,False,True,True,0.45515092467027857,,,
confirmation,51,1,fixed_uniform_conditioned_coarse4,2.062179772581967,-0.1415375928915617,1.8919667686017418,-0.2830668146916405,0.20400456179674323,0.6280410621552541,0.0666420669866104,0.14152924347654072,False,True,True,0.1392095550153774,0.5838259943612899,2.062179772581967,0.011465828455995725
confirmation,51,1,anchor_frozen_conditioned_coarse4,2.062179772581967,-0.1415375928915617,1.8919667686017418,-0.2830668146916405,0.20400456179674323,0.7794859392051534,0.15717699422133125,0.17409713485978767,False,True,True,0.45515076185118347,0.9045971543064412,2.062179772581967,0.011465828455995725
confirmation,51,1,anchor_frozen_conditioned_refined8,2.062179772581967,-0.1415375928915617,1.8919667686017418,-0.2830668146916405,0.20400456179674323,0.7794859392051535,0.15717699422133133,0.26530544000535844,False,True,True,0.2089475780326406,0.47224381983098984,2.062179772581967,-0.29454101423911916
confirmation,51,1,convex_box_conditioned_control,2.062179772581967,-0.1415375928915617,1.8919667686017418,-0.2830668146916405,0.20400456179674323,0.7560821243105083,0.14152922257412212,0.14152924347654072,False,True,True,0.5745337529080264,0.9999999799253866,2.062179772581967,0.011465828455995725
confirmation,51,2,moving_conditioned_gaussian,3.078548848554584,-0.16928135335395894,2.9230558247989444,-0.3575468939465558,0.22624244421247913,0.8240809684409703,0.2106384953471679,0.18826769490538908,True,False,False,0.6495816871295876,1.175454262341005,3.078548848554584,-0.3389631865133183
confirmation,51,2,fixed_vertical_collision_repair,3.078548848554584,-0.16928135335395894,2.9230558247989444,-0.3575468939465558,0.22624244421247913,0.7973352278685487,0.18826554059259684,0.18826554059259687,False,True,True,0.541277204847837,,,
confirmation,51,2,anchor_frozen_corridor_projection,3.078548848554584,-0.16928135335395894,2.9230558247989444,-0.3575468939465558,0.22624244421247913,0.8240809088037725,0.2106384431787006,0.24135229834770067,False,True,True,0.4020055013625071,,,
confirmation,51,2,fixed_uniform_conditioned_coarse4,3.078548848554584,-0.16928135335395894,2.9230558247989444,-0.3575468939465558,0.22624244421247913,0.6486676498266521,0.08636259651908103,0.18826717241048024,False,True,True,0.1268589446421748,0.5995288389466625,3.078548848554584,0.00040047980540042216
confirmation,51,2,anchor_frozen_conditioned_coarse4,3.078548848554584,-0.16928135335395894,2.9230558247989444,-0.3575468939465558,0.22624244421247913,0.8240809684409703,0.2106384953471679,0.24135621013389197,False,True,True,0.4020000501914931,0.8810586691337559,3.078548848554584,0.00040047980540042216
confirmation,51,2,anchor_frozen_conditioned_refined8,3.078548848554584,-0.16928135335395894,2.9230558247989444,-0.3575468939465558,0.22624244421247913,0.8240809684409702,0.21063849534716775,0.34688246506823234,False,True,True,0.21084063048984858,0.4792848972507827,3.078548848554584,-0.3389631865133183
confirmation,51,2,convex_box_conditioned_control,3.078548848554584,-0.16928135335395894,2.9230558247989444,-0.3575468939465558,0.22624244421247913,0.7973352996533044,0.18826559814476085,0.18826717241048024,False,True,True,0.541269602951222,0.9999990156340037,3.078548848554584,0.00040047980540042216
confirmation,51,3,moving_conditioned_gaussian,4.0721541610962575,-0.19702511381635618,3.9184126690929393,-0.03680610079101709,0.15878120987164665,0.14545877647902095,0.16769056581354017,0.16021901302533909,True,False,False,0.5280250096431328,1.218685460058926,4.026581957304685,-0.3070461462772012
confirmation,51,3,fixed_vertical_collision_repair,4.0721541610962575,-0.19702511381635618,3.9184126690929393,-0.03680610079101709,0.15878120987164665,0.1564740694960436,0.16021901302533906,0.16021901302533909,False,True,True,0.4916118620699076,,,
confirmation,51,3,anchor_frozen_corridor_projection,4.0721541610962575,-0.19702511381635618,3.9184126690929393,-0.03680610079101709,0.15878120987164665,0.14545877647899325,0.16769056581355948,0.17572659278645947,False,True,True,0.4405898432673059,,,
confirmation,51,3,fixed_uniform_conditioned_coarse4,4.0721541610962575,-0.19702511381635618,3.9184126690929393,-0.03680610079101709,0.15878120987164665,0.3282370347480368,0.07062373460791858,0.16021901302533909,False,True,True,0.10752609532787084,0.5654547877240995,4.0721541610962575,-0.31611102122009116
confirmation,51,3,anchor_frozen_conditioned_coarse4,4.0721541610962575,-0.19702511381635618,3.9184126690929393,-0.03680610079101709,0.15878120987164665,0.14545877647902103,0.1676905658135401,0.17572659278645947,False,True,True,0.4405898432671836,0.941922293597411,4.0721541610962575,-0.31611102122009116
confirmation,51,3,anchor_frozen_conditioned_refined8,4.0721541610962575,-0.19702511381635618,3.9184126690929393,-0.03680610079101709,0.15878120987164665,0.14545877647902103,0.1676905658135401,0.5802794964277022,False,True,True,0.03986197011736792,0.6656120582739415,4.0721541610962575,-0.31611102122009116
confirmation,51,3,convex_box_conditioned_control,4.0721541610962575,-0.19702511381635618,3.9184126690929393,-0.03680610079101709,0.15878120987164665,0.15647406949607354,0.16021901302531918,0.16021901302533906,False,True,True,0.4916118620697735,0.999999999996966,4.0721541610962575,-0.0779392064126212
confirmation,51,4,moving_conditioned_gaussian,5.159659333965798,-0.2247688742787534,4.962124800460694,-0.18379838163777115,0.15446279624808215,0.38863901182968846,0.04369258261305698,0.040970492640975104,True,False,False,0.7218354701926143,1.1731693156715624,5.115326569185103,-0.3317976362698016
confirmation,51,4,fixed_vertical_collision_repair,5.159659333965798,-0.2247688742787534,4.962124800460694,-0.18379838163777115,0.15446279624808215,0.3954103449145179,0.04097049264098224,0.04097049264098224,False,True,True,0.6341314648429021,,,
confirmation,51,4,anchor_frozen_corridor_projection,5.159659333965798,-0.2247688742787534,4.962124800460694,-0.18379838163777115,0.15446279624808215,0.38863901182962723,0.043692582613081676,0.04527877077682571,False,True,True,0.5826277560182659,,,
confirmation,51,4,fixed_uniform_conditioned_coarse4,5.159659333965798,-0.2247688742787534,4.962124800460694,-0.18379838163777115,0.15446279624808215,0.4477051724572908,0.020305890549800535,0.040970492640978046,False,True,True,0.15630491420085788,0.5579418152075492,5.159659333965798,-0.34061597146481504
confirmation,51,4,anchor_frozen_conditioned_coarse4,5.159659333965798,-0.2247688742787534,4.962124800460694,-0.18379838163777115,0.15446279624808215,0.3886390118296886,0.04369258261305698,0.045278770776822214,False,True,True,0.5826277560178997,0.9673735494865952,5.159659333965798,-0.34061597146481504
confirmation,51,4,anchor_frozen_conditioned_refined8,5.159659333965798,-0.2247688742787534,4.962124800460694,-0.18379838163777115,0.15446279624808215,0.3886390118296885,0.04369258261305698,0.05951757456029308,False,True,True,0.338726371282916,0.7475807276705658,5.159659333965798,-0.34061597146481504
confirmation,51,4,convex_box_conditioned_control,5.159659333965798,-0.2247688742787534,4.962124800460694,-0.18379838163777115,0.15446279624808215,0.3954103449145816,0.04097049264095669,0.040970492640978046,False,True,True,0.6341314648426303,0.9999999999973953,5.159659333965798,-0.10892177709269177
confirmation,51,5,moving_conditioned_gaussian,6.0,-0.2525126347411506,5.897545698807797,0.3587480262978491,0.16662895021428467,4.0606131549269386e-05,0.6566504087604489,0.6112606616505765,True,False,False,0.0017588828047935478,0.9370573597595491,6.0,-0.3774843474018641
confirmation,51,5,fixed_vertical_collision_repair,6.0,-0.2525126347411506,5.897545698807797,0.3587480262978491,0.16662895021428467,0.00012203936760969726,0.6112606610390046,0.6112606610389997,False,True,True,0.00466796536447065,,,
confirmation,51,5,anchor_frozen_corridor_projection,6.0,-0.2525126347411506,5.897545698807797,0.3587480262978491,0.16662895021428467,4.06061315483549e-05,0.6566504087613232,,False,True,True,0.001551387381237652,,,
confirmation,51,5,fixed_uniform_conditioned_coarse4,6.0,-0.2525126347411506,5.897545698807797,0.3587480262978491,0.16662895021428467,0.25006101968380623,0.1123575248674106,0.6112606613209521,False,True,True,6.3430186836365175e-06,0.7328634976232237,6.0,-0.3774843474018641
confirmation,51,5,anchor_frozen_conditioned_coarse4,6.0,-0.2525126347411506,5.897545698807797,0.3587480262978491,0.16662895021428467,4.060613154926939e-05,0.6566504087604489,,False,True,True,0.001551387381229055,0.9367813819758006,6.0,-0.3774843474018641
confirmation,51,5,anchor_frozen_conditioned_refined8,6.0,-0.2525126347411506,5.897545698807797,0.3587480262978491,0.16662895021428467,4.0606131549269366e-05,0.6566504087604489,,False,True,True,0.0002557546523623479,0.8668548947061501,6.0,-0.3774843474018641
confirmation,51,5,convex_box_conditioned_control,6.0,-0.2525126347411506,5.897545698807797,0.3587480262978491,0.16662895021428467,0.00012203936761244683,0.6112606610380356,0.6112606613209521,False,True,True,0.004667965364445608,0.9999999996750051,6.0,-0.1275409220804371
confirmation,51,6,moving_conditioned_gaussian,7.0,-0.28025639520354784,6.978829667142038,0.2150266267996173,0.18415024589987886,0.0014249147652566885,0.5494100997735466,0.49528302216155295,True,False,False,0.029141359580256702,0.8716911026842039,7.0976604157247305,-0.18259597947881692
confirmation,51,6,fixed_vertical_collision_repair,7.0,-0.28025639520354784,6.978829667142038,0.2150266267996173,0.18415024589987886,0.0035773208019154474,0.49528302200316565,0.4952830220031651,False,True,True,0.05608969521005902,,,
confirmation,51,6,anchor_frozen_corridor_projection,7.0,-0.28025639520354784,6.978829667142038,0.2150266267996173,0.18415024589987886,0.001424914760796262,0.5494100999499472,,False,True,True,0.022023586231601226,,,
confirmation,51,6,fixed_uniform_conditioned_coarse4,7.0,-0.28025639520354784,6.978829667142038,0.2150266267996173,0.18415024589987886,0.2517886604065756,0.12317288900817079,0.4952830220853799,False,True,True,0.0011860322289831012,0.6867221247016908,7.0,-0.418369079628457
confirmation,51,6,anchor_frozen_conditioned_coarse4,7.0,-0.28025639520354784,6.978829667142038,0.2150266267996173,0.18415024589987886,0.0014249147652566898,0.5494100997735466,,False,True,True,0.02202358620078981,0.8247363320411845,7.0,-0.418369079628457
confirmation,51,6,anchor_frozen_conditioned_refined8,7.0,-0.28025639520354784,6.978829667142038,0.2150266267996173,0.18415024589987886,0.0014249147652566898,0.5494100997735466,,False,True,True,0.0018931424791890058,0.7420288307639735,7.0,-0.418369079628457
confirmation,51,6,convex_box_conditioned_control,7.0,-0.28025639520354784,6.978829667142038,0.2150266267996173,0.18415024589987886,0.003577320813151253,0.4952830218101243,0.49528302208537994,False,True,True,0.05608969513180677,0.9999999610498436,7.0,-0.1421437107786387
confirmation,52,0,moving_conditioned_gaussian,1.0,0.2593475802168615,0.9072556932546157,-0.47618123275757074,0.1545538152748543,0.9999996192367755,0.7642651448578537,0.7355288155875404,True,False,False,3.658465649913028e-05,0.997779481630056,1.0,0.3752629416730022
confirmation,52,0,fixed_vertical_collision_repair,1.0,0.2593475802168615,0.9072556932546157,-0.47618123275757074,0.1545538152748543,0.9999990274524747,0.7355288129759383,0.7355288129744322,False,True,True,9.301216734509312e-05,,,
confirmation,52,0,anchor_frozen_corridor_projection,1.0,0.2593475802168615,0.9072556932546157,-0.47618123275757074,0.1545538152748543,0.9999996192367755,0.7642651448578537,,False,True,True,3.640442798296439e-05,,,
confirmation,52,0,fixed_uniform_conditioned_coarse4,1.0,0.2593475802168615,0.9072556932546157,-0.47618123275757074,0.1545538152748543,0.7499995137262374,0.10424472775260059,0.7355288144942822,False,True,True,2.0641065339630946e-09,0.7542594302348583,1.0,0.3752629416730022
confirmation,52,0,anchor_frozen_conditioned_coarse4,1.0,0.2593475802168615,0.9072556932546157,-0.47618123275757074,0.1545538152748543,0.9999996192367755,0.7642651448578537,,False,True,True,3.640442798296439e-05,0.9977793396219068,1.0,0.3752629416730022
confirmation,52,0,anchor_frozen_conditioned_refined8,1.0,0.2593475802168615,0.9072556932546157,-0.47618123275757074,0.1545538152748543,0.9999996192367755,0.7642651448578537,,False,True,True,6.989957795077334e-06,0.9331185743726021,1.0,0.3752629416730022
confirmation,52,0,convex_box_conditioned_control,1.0,0.2593475802168615,0.9072556932546157,-0.47618123275757074,0.1545538152748543,0.9999990274524747,0.7355288129759383,0.7355288144942822,False,True,True,9.301216734509312e-05,0.9999999999866742,1.0,0.14343221876072076
confirmation,52,1,moving_conditioned_gaussian,2.1662652145588863,0.24671544059486003,1.9500291301403532,0.47201479433943205,0.19460522632665542,0.09028077531577554,0.2605818512784204,0.2253004623767412,True,False,False,0.5125655323990719,1.1496771204769898,2.2221193615340384,0.3815592797370527
confirmation,52,1,fixed_vertical_collision_repair,2.1662652145588863,0.24671544059486003,1.9500291301403532,0.47201479433943205,0.19460522632665542,0.1234881202114082,0.22529935374457197,0.22529935374457202,False,True,True,0.4454685453514297,,,
confirmation,52,1,anchor_frozen_corridor_projection,2.1662652145588863,0.24671544059486003,1.9500291301403532,0.47201479433943205,0.19460522632665542,0.09028077967851135,0.2605818460623015,0.33496333217194296,False,True,True,0.2732016088109925,,,
confirmation,52,1,fixed_uniform_conditioned_coarse4,2.1662652145588863,0.24671544059486003,1.9500291301403532,0.47201479433943205,0.19460522632665542,0.3117440569646629,0.09553419918120248,0.22530013831476772,False,True,True,0.089771918741871,0.6158672449774116,2.1662652145588863,0.10076152084986847
confirmation,52,1,anchor_frozen_conditioned_coarse4,2.1662652145588863,0.24671544059486003,1.9500291301403532,0.47201479433943205,0.19460522632665542,0.09028077531577551,0.2605818512784204,0.3349697857397197,False,True,True,0.2732010435762581,0.810254870316384,2.1662652145588863,0.10076152084986847
confirmation,52,1,anchor_frozen_conditioned_refined8,2.1662652145588863,0.24671544059486003,1.9500291301403532,0.47201479433943205,0.19460522632665542,0.09028077531577555,0.2605818512784204,0.38525532177193467,False,True,True,0.2178729691977676,0.5797148816881407,2.1662652145588863,0.39266936033985156
confirmation,52,1,convex_box_conditioned_control,2.1662652145588863,0.24671544059486003,1.9500291301403532,0.47201479433943205,0.19460522632665542,0.12348811392932575,0.2252993597341533,0.22530013831476772,False,True,True,0.4454675886015917,0.999999913696818,2.1662652145588863,0.10076152084986847
confirmation,52,2,moving_conditioned_gaussian,3.0,0.23408330097285857,2.992280124230881,-0.3191159028148963,0.1512730774450656,0.999955440183419,0.5927562267016855,0.5531992037897628,True,False,False,0.0018739704718996116,0.9297242108986864,2.9621817306387337,0.23408330097285857
confirmation,52,2,fixed_vertical_collision_repair,3.0,0.23408330097285857,2.992280124230881,-0.3191159028148963,0.1512730774450656,0.9998723866238857,0.5531992037877628,0.5531992037877549,False,True,True,0.004832577066991397,,,
confirmation,52,2,anchor_frozen_corridor_projection,3.0,0.23408330097285857,2.992280124230881,-0.3191159028148963,0.1512730774450656,0.999955440183419,0.5927562267016855,,False,True,True,0.0016858825982434533,,,
confirmation,52,2,fixed_uniform_conditioned_coarse4,3.0,0.23408330097285857,2.992280124230881,-0.3191159028148963,0.1512730774450656,0.7499361933119428,0.10200176799541673,0.5531992037886503,False,True,True,6.8164053149599866e-06,0.7269894341853924,3.0,0.3475381090566578
confirmation,52,2,anchor_frozen_conditioned_coarse4,3.0,0.23408330097285857,2.992280124230881,-0.3191159028148963,0.1512730774450656,0.999955440183419,0.5927562267016855,,False,True,True,0.0016858825982434533,0.923593942411973,3.0,0.3475381090566578
confirmation,52,2,anchor_frozen_conditioned_refined8,3.0,0.23408330097285857,2.992280124230881,-0.3191159028148963,0.1512730774450656,0.9999554401834189,0.5927562267015944,,False,True,True,0.00026693785067176824,0.8534532166881069,3.0,0.3475381090566578
confirmation,52,2,convex_box_conditioned_control,3.0,0.23408330097285857,2.992280124230881,-0.3191159028148963,0.1512730774450656,0.9998723866238857,0.5531992037877628,0.5531992037886502,False,True,True,0.004832577066991397,0.9999999999987254,3.0,0.12062849288905936
confirmation,52,3,moving_conditioned_gaussian,4.0,0.22145116135085713,3.9378335366544346,-0.21526362014191358,0.160452742823583,0.9985629962838213,0.4782939029668885,0.43671478149304216,True,False,False,0.02914523960950995,0.9526299324732128,4.037059751257502,0.20610050976182667
confirmation,52,3,fixed_vertical_collision_repair,4.0,0.22145116135085713,3.9378335366544346,-0.21526362014191358,0.160452742823583,0.996753292471959,0.4367147814927706,0.43671478149277076,False,True,True,0.052479541404639014,,,
confirmation,52,3,anchor_frozen_corridor_projection,4.0,0.22145116135085713,3.9378335366544346,-0.21526362014191358,0.160452742823583,0.9985629962838227,0.47829390296693786,,False,True,True,0.0229363023214981,,,
confirmation,52,3,fixed_uniform_conditioned_coarse4,4.0,0.22145116135085713,3.9378335366544346,-0.21526362014191358,0.160452742823583,0.7483766462359779,0.10740546690831336,0.4367147814929242,False,True,True,0.0010292136063563212,0.691931308537074,4.0,0.34179071846854436
confirmation,52,3,anchor_frozen_conditioned_coarse4,4.0,0.22145116135085713,3.9378335366544346,-0.21526362014191358,0.160452742823583,0.9985629962838214,0.4782939029668923,,False,True,True,0.022936302321489306,0.84916235876558,4.0,0.34179071846854436
confirmation,52,3,anchor_frozen_conditioned_refined8,4.0,0.22145116135085713,3.9378335366544346,-0.21526362014191358,0.160452742823583,0.9985629962838213,0.4782939029668885,,False,True,True,0.002596898706324051,0.7380060039867259,4.0,0.34179071846854436
confirmation,52,3,convex_box_conditioned_control,4.0,0.22145116135085713,3.9378335366544346,-0.21526362014191358,0.160452742823583,0.9967532924719558,0.4367147814927181,0.4367147814929242,False,True,True,0.052479541404615554,0.9999999999843643,4.0,0.1011116042331699
confirmation,52,4,moving_conditioned_gaussian,5.142598067660575,0.20881902172885566,4.937770236032413,0.001445451389949448,0.16215952232336686,0.9219533681013156,0.22999636997826983,0.20737357033890616,True,False,False,0.4436727766814504,1.1758122224608913,5.1736259489572705,0.1339110898906728
confirmation,52,4,fixed_vertical_collision_repair,5.142598067660575,0.20881902172885566,4.937770236032413,0.001445451389949448,0.16215952232336686,0.8995205681577012,0.20737357033890616,0.20737357033890622,False,True,True,0.40611409323571096,,,
confirmation,52,4,anchor_frozen_corridor_projection,5.142598067660575,0.20881902172885566,4.937770236032413,0.001445451389949448,0.16215952232336686,0.921953368101391,0.22999636997835368,0.27050053516359346,False,True,True,0.2894563753936854,,,
confirmation,52,4,fixed_uniform_conditioned_coarse4,5.142598067660575,0.20881902172885566,4.937770236032413,0.001445451389949448,0.16215952232336686,0.6997602840788015,0.08492475631160512,0.20737357033890622,False,True,True,0.07529560148459956,0.6008357811465517,5.142598067660575,0.33043866347138084
confirmation,52,4,anchor_frozen_conditioned_coarse4,5.142598067660575,0.20881902172885566,4.937770236032413,0.001445451389949448,0.16215952232336686,0.9219533681013157,0.22999636997827,0.2705005351635936,False,True,True,0.28945637539335073,0.8446845858370245,5.142598067660575,0.33043866347138084
confirmation,52,4,anchor_frozen_conditioned_refined8,5.142598067660575,0.20881902172885566,4.937770236032413,0.001445451389949448,0.16215952232336686,0.9219533681013157,0.22999636997827,,False,True,True,8.118951113813645e-05,0.6285485935949156,5.142598067660575,0.33043866347138084
confirmation,52,4,convex_box_conditioned_control,5.142598067660575,0.20881902172885566,4.937770236032413,0.001445451389949448,0.16215952232336686,0.899520568157603,0.2073735703388157,0.2073735703389062,False,True,True,0.40611409323524744,0.9999999999845343,5.142598067660575,0.08719937998633051
confirmation,52,5,moving_conditioned_gaussian,6.0,0.1961868821068542,6.020002277420015,-0.1582929112588758,0.17406624784076338,0.9889869717536245,0.39859747641377874,0.3544797933671655,True,False,False,0.135286310550076,1.0042584383263982,5.919591878159441,0.16288074751554635
confirmation,52,5,fixed_vertical_collision_repair,6.0,0.1961868821068542,6.020002277420015,-0.1582929112588758,0.17406624784076338,0.9791481498233016,0.3544797933657299,0.35447979336573,False,True,True,0.17452770161978565,,,
confirmation,52,5,anchor_frozen_corridor_projection,6.0,0.1961868821068542,6.020002277420015,-0.1582929112588758,0.17406624784076338,0.9889869717538096,0.3985974764148901,0.6485147120374988,False,True,True,0.08811670428653941,,,
confirmation,52,5,fixed_uniform_conditioned_coarse4,6.0,0.1961868821068542,6.020002277420015,-0.1582929112588758,0.17406624784076338,0.7395740749114741,0.111756250213738,0.3544797933665567,False,True,True,0.013335959921118,0.6452358341938055,6.0,0.32673656798742673
confirmation,52,5,anchor_frozen_conditioned_coarse4,6.0,0.1961868821068542,6.020002277420015,-0.1582929112588758,0.17406624784076338,0.9889869717536244,0.39859747641377813,0.6485147224284109,False,True,True,0.08811670428550161,0.7773085648363254,6.0,0.32673656798742673
confirmation,52,5,anchor_frozen_conditioned_refined8,6.0,0.1961868821068542,6.020002277420015,-0.1582929112588758,0.17406624784076338,0.9889869717536246,0.3985974764137794,,False,True,True,0.007450596360561949,0.6006260299074625,6.0,0.32673656798742673
confirmation,52,5,convex_box_conditioned_control,6.0,0.1961868821068542,6.020002277420015,-0.1582929112588758,0.17406624784076338,0.9791481498229482,0.3544797933645036,0.3544797933665567,False,True,True,0.1745277016177457,0.9999999997538984,6.0,0.06563719622628167
confirmation,52,6,moving_conditioned_gaussian,7.0,0.18355474248485276,7.0225910401110845,-0.22807022718324543,0.19782175944183203,0.9899490629916009,0.45982499452633707,0.4116249718162879,True,False,False,0.11670502454385395,0.8822740643153227,7.0,0.3319210620662268
confirmation,52,6,fixed_vertical_collision_repair,7.0,0.18355474248485276,7.0225910401110845,-0.22807022718324543,0.19782175944183203,0.9812733023286323,0.41162496966809853,0.4116249696680982,False,True,True,0.16362213589407848,,,
confirmation,52,6,anchor_frozen_corridor_projection,7.0,0.18355474248485276,7.0225910401110845,-0.22807022718324543,0.19782175944183203,0.9899490630087867,0.45982499465333193,,False,True,True,0.07608280561942295,,,
confirmation,52,6,fixed_uniform_conditioned_coarse4,7.0,0.18355474248485276,7.0225910401110845,-0.22807022718324543,0.19782175944183203,0.74063665114693,0.1276562423077131,0.411624971423721,False,True,True,0.011633047181996535,0.7031878653567426,7.0,0.3319210620662268
confirmation,52,6,anchor_frozen_conditioned_coarse4,7.0,0.18355474248485276,7.0225910401110845,-0.22807022718324543,0.19782175944183203,0.9899490629916008,0.45982499452633624,,False,True,True,0.07608280552444083,0.8725334891702414,7.0,0.3319210620662268
confirmation,52,6,anchor_frozen_conditioned_refined8,7.0,0.18355474248485276,7.0225910401110845,-0.22807022718324543,0.19782175944183203,0.9899490629916008,0.45982499452633624,,False,True,True,0.009958795826288922,0.671274498387141,7.0,0.3319210620662268
confirmation,52,6,convex_box_conditioned_control,7.0,0.18355474248485276,7.0225910401110845,-0.22807022718324543,0.19782175944183203,0.9812733022938599,0.41162496951786176,0.411624971423721,False,True,True,0.1636221356889459,0.9999999765473461,7.0,0.03518842290347873
confirmation,53,0,moving_conditioned_gaussian,1.0,-0.18083176523918806,0.8964831996951683,0.44858723491583075,0.21381059618930143,0.0006483781328555185,0.687763830152454,0.6294244786949162,True,False,False,0.015052594438519676,0.903695250386191,1.0,-0.34118971238116413
confirmation,53,0,fixed_vertical_collision_repair,1.0,-0.18083176523918806,0.8964831996951683,0.44858723491583075,0.21381059618930143,0.0016209647046606834,0.6294190001550196,0.6294190001550188,False,True,True,0.03226001264001037,,,
confirmation,53,0,anchor_frozen_corridor_projection,1.0,-0.18083176523918806,0.8964831996951683,0.44858723491583075,0.21381059618930143,0.0006483781183756199,0.6877638315225131,,False,True,True,0.012734418212082958,,,
confirmation,53,0,fixed_uniform_conditioned_coarse4,1.0,-0.18083176523918806,0.8964831996951683,0.44858723491583075,0.21381059618930143,0.2508104823705476,0.1436682041700048,0.6294223331413552,False,True,True,0.000365771965662324,0.7188709392961944,1.0,-0.34118971238116413
confirmation,53,0,anchor_frozen_conditioned_coarse4,1.0,-0.18083176523918806,0.8964831996951683,0.44858723491583075,0.21381059618930143,0.0006483781328555181,0.687763830152454,,False,True,True,0.012734418014813478,0.9024164478702016,1.0,-0.34118971238116413
confirmation,53,0,anchor_frozen_conditioned_refined8,1.0,-0.18083176523918806,0.8964831996951683,0.44858723491583075,0.21381059618930143,0.0006483781328555183,0.687763830152454,,False,True,True,0.003270753291005256,0.7293048159967824,1.0,-0.34118971238116413
confirmation,53,0,convex_box_conditioned_control,1.0,-0.18083176523918806,0.8964831996951683,0.44858723491583075,0.21381059618930143,0.0016209647410952164,0.6294189986675732,0.6294223331413553,False,True,True,0.03226001213988596,0.9999997378284999,1.0,-0.020473818097211993
confirmation,53,1,moving_conditioned_gaussian,2.1372159645941915,-0.16741109042085517,1.961309989952615,-0.22330359415514744,0.15829634962205605,0.6599576585331954,0.06527311584758753,0.05589250373443491,True,False,False,0.8516131069026253,1.299667022014752,2.1372159645941915,-0.2861333526373972
confirmation,53,1,fixed_vertical_collision_repair,2.1372159645941915,-0.16741109042085517,1.961309989952615,-0.22330359415514744,0.15829634962205605,0.6379886761528636,0.055892503734292276,0.055892503734292276,False,True,True,0.628036267411652,,,
confirmation,53,1,anchor_frozen_corridor_projection,2.1372159645941915,-0.16741109042085517,1.961309989952615,-0.22330359415514744,0.15829634962205605,0.6599576585331742,0.06527311584757838,0.0773126741849045,False,True,True,0.43875201919719875,,,
confirmation,53,1,fixed_uniform_conditioned_coarse4,2.1372159645941915,-0.16741109042085517,1.961309989952615,-0.22330359415514744,0.15829634962205605,0.5689943380764445,0.02751418568598818,0.05589250373440119,False,True,True,0.1546133516498019,0.593975280152896,2.1372159645941915,-0.04868882820431314
confirmation,53,1,anchor_frozen_conditioned_coarse4,2.1372159645941915,-0.16741109042085517,1.961309989952615,-0.22330359415514744,0.15829634962205605,0.6599576585331954,0.06527311584758753,0.07731267418516388,False,True,True,0.438752019196196,0.8707605697001567,2.1372159645941915,-0.04868882820431314
confirmation,53,1,anchor_frozen_conditioned_refined8,2.1372159645941915,-0.16741109042085517,1.961309989952615,-0.22330359415514744,0.15829634962205605,0.6599576585331954,0.06527311584758753,0.10421691493787916,False,True,True,0.24348810290094536,0.5624329903714106,2.1372159645941915,-0.2861333526373972
confirmation,53,1,convex_box_conditioned_control,2.1372159645941915,-0.16741109042085517,1.961309989952615,-0.22330359415514744,0.15829634962205605,0.637988676152889,0.05589250373430301,0.05589250373440119,False,True,True,0.628036267397401,0.9999999999993014,2.1372159645941915,-0.04868882820431314
confirmation,53,2,moving_conditioned_gaussian,3.210504255981134,-0.15399041560252225,3.007073719958615,-0.2741929464035219,0.18865203646813783,0.780235310023832,0.14582579305101082,0.12020253262993846,True,False,False,0.835072085629822,1.308949818154432,3.210504255981134,-0.2954794429536256
confirmation,53,2,fixed_vertical_collision_repair,3.210504255981134,-0.15399041560252225,3.007073719958615,-0.2741929464035219,0.18865203646813783,0.7379914101281502,0.12020253080099967,0.12020253080099963,False,True,True,0.5864134590250428,,,
confirmation,53,2,anchor_frozen_corridor_projection,3.210504255981134,-0.15399041560252225,3.007073719958615,-0.2741929464035219,0.18865203646813783,0.780235309963066,0.1458257930122708,0.19472919031538144,False,True,True,0.3265172944161735,,,
confirmation,53,2,fixed_uniform_conditioned_coarse4,3.210504255981134,-0.15399041560252225,3.007073719958615,-0.2741929464035219,0.18865203646813783,0.6189957051065309,0.05713217694720484,0.1202025321959243,False,True,True,0.1432924795864518,0.6092382667668961,3.210504255981134,-0.012501388251418888
confirmation,53,2,anchor_frozen_conditioned_coarse4,3.210504255981134,-0.15399041560252225,3.007073719958615,-0.2741929464035219,0.18865203646813783,0.780235310023832,0.14582579305101082,0.19472920015405581,False,True,True,0.3265172899515194,0.8003713587123676,3.210504255981134,-0.012501388251418888
confirmation,53,2,anchor_frozen_conditioned_refined8,3.210504255981134,-0.15399041560252225,3.007073719958615,-0.2741929464035219,0.18865203646813783,0.780235310023832,0.14582579305101082,0.29059030531949553,False,True,True,0.16652413518628273,0.4615141290221835,3.210504255981134,-0.2954794429536256
confirmation,53,2,convex_box_conditioned_control,3.210504255981134,-0.15399041560252225,3.007073719958615,-0.2741929464035219,0.18865203646813783,0.7379914102130617,0.12020253085018949,0.1202025321959243,False,True,True,0.5864134384055162,0.9999999984143637,3.210504255981134,-0.012501388251418888
confirmation,53,3,moving_conditioned_gaussian,4.0,-0.14056974078418932,4.0914684346986885,0.3031487121155726,0.2189963258683661,0.013791431855358367,0.4824858406291672,0.44371872738013807,True,False,False,0.14218121466247732,0.9120169279307794,4.0,-0.3048169851854639
confirmation,53,3,fixed_vertical_collision_repair,4.0,-0.14056974078418932,4.0914684346986885,0.3031487121155726,0.2189963258683661,0.021374930657488248,0.44371845289976175,0.4437184528997619,False,True,True,0.17712471495647125,,,
confirmation,53,3,anchor_frozen_corridor_projection,4.0,-0.14056974078418932,4.0914684346986885,0.3031487121155726,0.2189963258683661,0.013791431644273464,0.48248584194138594,0.6547065876136311,False,True,True,0.10056699917730932,,,
confirmation,53,3,fixed_uniform_conditioned_coarse4,4.0,-0.14056974078418932,4.0914684346986885,0.3031487121155726,0.2189963258683661,0.2606874655047811,0.14042645107251767,0.4437186932017012,False,True,True,0.01375903170390032,0.7061633765538501,4.0,-0.3048169851854639
confirmation,53,3,anchor_frozen_conditioned_coarse4,4.0,-0.14056974078418932,4.0914684346986885,0.3031487121155726,0.2189963258683661,0.013791431855358367,0.4824858406291672,0.6547164858549441,False,True,True,0.10056699694680986,0.9020114230533821,4.0,-0.3048169851854639
confirmation,53,3,anchor_frozen_conditioned_refined8,4.0,-0.14056974078418932,4.0914684346986885,0.3031487121155726,0.2189963258683661,0.013791431855358366,0.4824858406291672,,False,True,True,0.020015429505180978,0.6009572451254896,4.0,-0.3048169851854639
confirmation,53,3,convex_box_conditioned_control,4.0,-0.14056974078418932,4.0914684346986885,0.3031487121155726,0.2189963258683661,0.02137493100956218,0.44371845139451443,0.4437186932017012,False,True,True,0.17712471101171715,0.9999998028308872,4.0,0.02367750361708526
confirmation,53,4,moving_conditioned_gaussian,5.144539922133736,-0.12714906596585643,4.958991595765441,-0.23049841796117976,0.1651507705595795,0.750442624057566,0.11162264508495448,0.10334935199738077,True,False,False,0.677672391751291,1.2372225863808157,5.097139574332126,-0.012714503442009112
confirmation,53,4,fixed_vertical_collision_repair,5.144539922133736,-0.12714906596585643,4.958991595765441,-0.23049841796117976,0.1651507705595795,0.7342729615336555,0.10334935199532333,0.10334935199532333,False,True,True,0.5886703053066059,,,
confirmation,53,4,anchor_frozen_corridor_projection,5.144539922133736,-0.12714906596585643,4.958991595765441,-0.23049841796117976,0.1651507705595795,0.7504426240575212,0.11162264508493117,0.11849999218581467,False,True,True,0.5102799138648355,,,
confirmation,53,4,fixed_uniform_conditioned_coarse4,5.144539922133736,-0.12714906596585643,4.958991595765441,-0.23049841796117976,0.1651507705595795,0.6171364807668519,0.04920976352940976,0.1033493519965786,False,True,True,0.14403655307503677,0.5668894255251645,5.144539922133736,-0.003285988046171806
confirmation,53,4,anchor_frozen_conditioned_coarse4,5.144539922133736,-0.12714906596585643,4.958991595765441,-0.23049841796117976,0.1651507705595795,0.7504426240575659,0.11162264508495441,0.11849999218801013,False,True,True,0.5102799138429015,0.9386985164527419,5.144539922133736,-0.003285988046171806
confirmation,53,4,anchor_frozen_conditioned_refined8,5.144539922133736,-0.12714906596585643,4.958991595765441,-0.23049841796117976,0.1651507705595795,0.7504426240575659,0.11162264508495441,0.17367918308238275,False,True,True,0.24355773220588695,0.5089487466624899,5.144539922133736,-0.25101214388554105
confirmation,53,4,convex_box_conditioned_control,5.144539922133736,-0.12714906596585643,4.958991595765441,-0.23049841796117976,0.1651507705595795,0.7342729615337038,0.10334935199534766,0.1033493519965786,False,True,True,0.5886703052807114,0.9999999999988773,5.144539922133736,-0.003285988046171806
confirmation,53,5,moving_conditioned_gaussian,6.19352684964379,-0.11372839114752352,5.968936720502271,-0.11596861494183763,0.1825564577150872,0.5060020487097261,0.002746648184957401,0.002240223796383764,True,False,False,0.9522486190013753,1.3905321486543476,6.19352684964379,-0.1593675055762953
confirmation,53,5,fixed_vertical_collision_repair,6.19352684964379,-0.11372839114752352,5.968936720502271,-0.11596861494183763,0.1825564577150872,0.5048954584807474,0.002240223794314101,0.0022402237943141,False,True,True,0.6362836345121742,,,
confirmation,53,5,anchor_frozen_corridor_projection,6.19352684964379,-0.11372839114752352,5.968936720502271,-0.11596861494183763,0.1825564577150872,0.506002048707231,0.002746648183815504,0.0035292775985338865,False,True,True,0.38239961164382497,,,
confirmation,53,5,fixed_uniform_conditioned_coarse4,6.19352684964379,-0.11372839114752352,5.968936720502271,-0.11596861494183763,0.1825564577150872,0.5024477292419768,0.0011200908137576722,0.0022402237958956406,False,True,True,0.15701069299789452,0.5953829511892265,6.19352684964379,0.023188952138791866
confirmation,53,5,anchor_frozen_conditioned_coarse4,6.19352684964379,-0.11372839114752352,5.968936720502271,-0.11596861494183763,0.1825564577150872,0.5060020487097261,0.002746648184957401,0.003529277600185038,False,True,True,0.3823996115583933,0.8206643746623581,6.19352684964379,0.023188952138791866
confirmation,53,5,anchor_frozen_conditioned_refined8,6.19352684964379,-0.11372839114752352,5.968936720502271,-0.11596861494183763,0.1825564577150872,0.5060020487097261,0.002746648184957401,0.007967502106003846,False,True,True,0.07711079501340624,0.4250575951775818,6.19352684964379,-0.2506457344338389
confirmation,53,5,convex_box_conditioned_control,6.19352684964379,-0.11372839114752352,5.968936720502271,-0.11596861494183763,0.1825564577150872,0.5048954584839536,0.0022402237957813782,0.0022402237958956683,False,True,True,0.6362836343684669,0.9999999999044671,6.19352684964379,0.023188952138791866
confirmation,53,6,moving_conditioned_gaussian,7.0,-0.10030771632919061,7.115571529993846,0.49946274373975175,0.20528516846181744,0.0008284037640756536,0.6457688570129295,0.599776081875431,True,False,False,0.017999478683630738,0.9529085920376732,7.0,-0.25427159267555366
confirmation,53,6,fixed_vertical_collision_repair,7.0,-0.10030771632919061,7.115571529993846,0.49946274373975175,0.20528516846181744,0.0017409387756377093,0.599770460068941,0.5997704600689424,False,True,True,0.033940733529033186,,,
confirmation,53,6,anchor_frozen_corridor_projection,7.0,-0.10030771632919061,7.115571529993846,0.49946274373975175,0.20528516846181744,0.0008284037639854514,0.645768857019472,,False,True,True,0.015502615844190786,,,
confirmation,53,6,fixed_uniform_conditioned_coarse4,7.0,-0.10030771632919061,7.115571529993846,0.49946274373975175,0.20528516846181744,0.25087046938791646,0.1379009327913265,0.5997748664518623,False,True,True,0.0004073770486638835,0.7388490734029721,7.0,-0.25427159267555366
confirmation,53,6,anchor_frozen_conditioned_coarse4,7.0,-0.10030771632919061,7.115571529993846,0.49946274373975175,0.20528516846181744,0.0008284037640756534,0.6457688570129295,,False,True,True,0.015502615649533844,0.9524439251322155,7.0,-0.25427159267555366
confirmation,53,6,anchor_frozen_conditioned_refined8,7.0,-0.10030771632919061,7.115571529993846,0.49946274373975175,0.20528516846181744,0.0008284037640756538,0.6457688570129295,,False,True,True,0.005547906225940545,0.700006678887536,7.0,-0.25427159267555366
confirmation,53,6,convex_box_conditioned_control,7.0,-0.10030771632919061,7.115571529993846,0.49946274373975175,0.20528516846181744,0.0017409387758328739,0.5997704600617721,0.5997748664518623,False,True,True,0.03394073310297101,0.9999999920184711,7.0,0.053656160017172466
confirmation,54,0,moving_conditioned_gaussian,1.0933195183260902,0.11453929496375306,0.9400530726233959,0.03670938945679324,0.20362774849281906,0.6705818109491523,0.08990578193603029,0.07782990549118093,True,False,False,0.8296680021530404,1.2555171499791737,1.0933195183260902,-0.03818151640586123
confirmation,54,0,fixed_vertical_collision_repair,1.0933195183260902,0.11453929496375306,0.9400530726233959,0.03670938945679324,0.20362774849281906,0.6488496447121875,0.07782990550695983,0.07782990550695984,False,True,True,0.6252726804086861,,,
confirmation,54,0,anchor_frozen_corridor_projection,1.0933195183260902,0.11453929496375306,0.9400530726233959,0.03670938945679324,0.20362774849281906,0.6705818111358732,0.0899057820410935,0.10840094279553887,False,True,True,0.4210529428516847,,,
confirmation,54,0,fixed_uniform_conditioned_coarse4,1.0933195183260902,0.11453929496375306,0.9400530726233959,0.03670938945679324,0.20362774849281906,0.5744248222419697,0.03821092169635168,0.07782990549388225,False,True,True,0.1536217629068708,0.6049803097578489,1.0933195183260902,0.2672601063333674
confirmation,54,0,anchor_frozen_conditioned_coarse4,1.0933195183260902,0.11453929496375306,0.9400530726233959,0.03670938945679324,0.20362774849281906,0.6705818109491521,0.08990578193603023,0.10840094279269806,False,True,True,0.42105294132381577,0.8634770708583384,1.0933195183260902,0.2672601063333674
confirmation,54,0,anchor_frozen_conditioned_refined8,1.0933195183260902,0.11453929496375306,0.9400530726233959,0.03670938945679324,0.20362774849281906,0.6705818109491523,0.08990578193603029,0.5719222380944755,False,True,True,0.013764068642354625,0.4333832261395991,1.0933195183260902,0.2672601063333674
confirmation,54,0,convex_box_conditioned_control,1.0933195183260902,0.11453929496375306,0.9400530726233959,0.03670938945679324,0.20362774849281906,0.6488496444839394,0.07782990538162927,0.07782990549388222,False,True,True,0.6252726793496257,0.9999999912964888,1.0933195183260902,-0.03818151640586123
confirmation,54,1,moving_conditioned_gaussian,2.0,0.12142948114537783,1.9925222668990537,-0.18577123455620514,0.18709319716196002,0.9754148719267303,0.36803334463809484,0.30720071579427977,True,False,False,0.24639604670223292,0.9808940794717085,2.0992211513203203,0.022208329825057563
confirmation,54,1,fixed_vertical_collision_repair,2.0,0.12142948114537783,1.9925222668990537,-0.18577123455620514,0.18709319716196002,0.9497015008689232,0.30720071570158297,0.30720071570158297,False,True,True,0.28742145466639174,,,
confirmation,54,1,anchor_frozen_corridor_projection,2.0,0.12142948114537783,1.9925222668990537,-0.18577123455620514,0.18709319716196002,0.9754148719273293,0.36803334464003973,,False,True,True,0.12051917858846867,,,
confirmation,54,1,fixed_uniform_conditioned_coarse4,2.0,0.12142948114537783,1.9925222668990537,-0.18577123455620514,0.18709319716196002,0.7248507504338153,0.11175317856312623,0.3072007157588687,False,True,True,0.03777085703153222,0.6420357314075853,2.0,0.2617493790168478
confirmation,54,1,anchor_frozen_conditioned_coarse4,2.0,0.12142948114537783,1.9925222668990537,-0.18577123455620514,0.18709319716196002,0.9754148719267302,0.36803334463809445,,False,True,True,0.12051917858505738,0.733339576383988,2.0,0.2617493790168478
confirmation,54,1,anchor_frozen_conditioned_refined8,2.0,0.12142948114537783,1.9925222668990537,-0.18577123455620514,0.18709319716196002,0.9754148719267303,0.36803334463809484,,False,True,True,0.016473305830421073,0.5015745102263587,2.0,0.2617493790168478
confirmation,54,1,convex_box_conditioned_control,2.0,0.12142948114537783,1.9925222668990537,-0.18577123455620514,0.18709319716196002,0.9497015008676306,0.30720071569924917,0.3072007157588687,False,True,True,0.2874214546582865,0.999999999628423,2.0,-0.01889041672609218
confirmation,54,2,moving_conditioned_gaussian,3.0,0.1283196673270026,3.0035815952100444,0.34397879653374264,0.21886772601781956,0.10316085064214683,0.27659291304824113,0.21565991278015337,True,False,False,0.6807639916177127,1.1703697361715009,3.0,0.2924704618403673
confirmation,54,2,fixed_vertical_collision_repair,3.0,0.1283196673270026,3.0035815952100444,0.34397879653374264,0.21886772601781956,0.16222854091479078,0.21565912920674002,0.21565912920674005,False,True,True,0.4986516716345127,,,
confirmation,54,2,anchor_frozen_corridor_projection,3.0,0.1283196673270026,3.0035815952100444,0.34397879653374264,0.21886772601781956,0.10316085545659866,0.27659290717857227,0.6846319658004112,False,True,True,0.17061052901179571,,,
confirmation,54,2,fixed_uniform_conditioned_coarse4,3.0,0.1283196673270026,3.0035815952100444,0.34397879653374264,0.21886772601781956,0.331114265472941,0.09560983246425261,0.21565971855222113,False,True,True,0.1102750701148313,0.6330214723536965,3.0,-0.03583112718636208
confirmation,54,2,anchor_frozen_conditioned_coarse4,3.0,0.1283196673270026,3.0035815952100444,0.34397879653374264,0.21886772601781956,0.1031608506421468,0.27659291304824113,0.6852575977323357,False,True,True,0.17061007211706858,0.6963799280854434,3.0,-0.03583112718636208
confirmation,54,2,anchor_frozen_conditioned_refined8,3.0,0.1283196673270026,3.0035815952100444,0.34397879653374264,0.21886772601781956,0.1031608506421468,0.27659291304824113,,False,True,True,0.08273579363911047,0.40847134248610434,3.0,-0.03583112718636208
confirmation,54,2,convex_box_conditioned_control,3.0,0.1283196673270026,3.0035815952100444,0.34397879653374264,0.21886772601781956,0.16222853094588194,0.21565913809356146,0.21565971855222113,False,True,True,0.4986502700725557,0.9999998561175966,3.0,-0.03583112718636208
confirmation,54,3,moving_conditioned_gaussian,4.0,0.13520985350862735,3.989882458077015,0.48191316179388777,0.15490928326475037,0.004428971811253423,0.40547328944137506,0.3467033116368801,True,False,False,0.06668361074085263,0.9806101837621105,3.9612726791838124,0.13520985350862735
confirmation,54,3,fixed_vertical_collision_repair,4.0,0.13520985350862735,3.989882458077015,0.48191316179388777,0.15490928326475037,0.012607090270330088,0.3467033082852602,0.3467033082852604,False,True,True,0.12827568031620967,,,
confirmation,54,3,anchor_frozen_corridor_projection,4.0,0.13520985350862735,3.989882458077015,0.48191316179388777,0.15490928326475037,0.004428971811254163,0.4054732894413671,,False,True,True,0.04144733169364526,,,
confirmation,54,3,fixed_uniform_conditioned_coarse4,4.0,0.13520985350862735,3.989882458077015,0.48191316179388777,0.15490928326475037,0.25630354513516396,0.10143205836261653,0.3467033103204792,False,True,True,0.0069343815944915566,0.6853166454366186,4.0,0.019027891060064583
confirmation,54,3,anchor_frozen_conditioned_coarse4,4.0,0.13520985350862735,3.989882458077015,0.48191316179388777,0.15490928326475037,0.004428971811253425,0.40547328944137506,,False,True,True,0.04144733169303678,0.7945412129947006,4.0,0.019027891060064583
confirmation,54,3,anchor_frozen_conditioned_refined8,4.0,0.13520985350862735,3.989882458077015,0.48191316179388777,0.15490928326475037,0.004428971811253426,0.40547328944137506,,False,True,True,0.03167539390274702,0.61546813406079,4.0,0.019027891060064583
confirmation,54,3,convex_box_conditioned_control,4.0,0.13520985350862735,3.989882458077015,0.48191316179388777,0.15490928326475037,0.0126070902703279,0.34670330828527074,0.34670331032047913,False,True,True,0.12827568031430625,0.9999999999997241,4.0,0.019027891060064583
confirmation,54,4,moving_conditioned_gaussian,5.09419262285658,0.14210003969025212,4.915041889154731,-0.04932611587761471,0.154114466217244,0.917777299305658,0.214261481897201,0.19142615556786685,True,False,False,0.4584467130589906,1.1601196081627754,5.138425412538426,0.03531263893874172
confirmation,54,4,fixed_vertical_collision_repair,5.09419262285658,0.14210003969025212,4.915041889154731,-0.04932611587761471,0.154114466217244,0.8929008564046316,0.19142615556786685,0.19142615556786682,False,True,True,0.41815564911865893,,,
confirmation,54,4,anchor_frozen_corridor_projection,5.09419262285658,0.14210003969025212,4.915041889154731,-0.04932611587761471,0.154114466217244,0.9177772993056581,0.2142614818972011,0.25829041518954254,False,True,True,0.2853048621108809,,,
confirmation,54,4,fixed_uniform_conditioned_coarse4,5.09419262285658,0.14210003969025212,4.915041889154731,-0.04932611587761471,0.154114466217244,0.6964504282023156,0.07924852977013594,0.19142615556786682,False,True,True,0.07964094672093101,0.6156228351962558,5.09419262285658,0.25768588935318515
confirmation,54,4,anchor_frozen_conditioned_coarse4,5.09419262285658,0.14210003969025212,4.915041889154731,-0.04932611587761471,0.154114466217244,0.917777299305658,0.214261481897201,0.25829041518954265,False,True,True,0.2853048621108802,0.8431854561585715,5.09419262285658,0.25768588935318515
confirmation,54,4,anchor_frozen_conditioned_refined8,5.09419262285658,0.14210003969025212,4.915041889154731,-0.04932611587761471,0.154114466217244,0.9177772993056579,0.21426148189720098,,False,True,True,0.005705972879432447,0.5382610255064755,5.09419262285658,0.25768588935318515
confirmation,54,4,convex_box_conditioned_control,5.09419262285658,0.14210003969025212,4.915041889154731,-0.04932611587761471,0.154114466217244,0.8929008564046313,0.19142615556786668,0.19142615556786682,False,True,True,0.41815564911865766,0.9999999999999849,5.09419262285658,0.10357142313594112
confirmation,54,5,moving_conditioned_gaussian,6.103682011020247,0.14899022587187688,5.895555076920037,-0.0015789553994766115,0.18744721276158355,0.8180195005739005,0.1701727029141038,0.15056918127136631,True,False,False,0.6725017690065042,1.2281445787039476,6.085748775328529,0.19228488669605576
confirmation,54,5,fixed_vertical_collision_repair,6.103682011020247,0.14899022587187688,5.895555076920037,-0.0015789553994766115,0.18744721276158355,0.7890882773110441,0.15056918127135352,0.15056918127135346,False,True,True,0.5486727031220276,,,
confirmation,54,5,anchor_frozen_corridor_projection,6.103682011020247,0.14899022587187688,5.895555076920037,-0.0015789553994766115,0.18744721276158355,0.8180195005869034,0.17017270292332906,0.19476804617200824,False,True,True,0.4075637464833071,,,
confirmation,54,5,fixed_uniform_conditioned_coarse4,6.103682011020247,0.14899022587187688,5.895555076920037,-0.0015789553994766115,0.18744721276158355,0.6445441386477067,0.06947391565824118,0.15056918127136207,False,True,True,0.12968292637025441,0.5884855082447719,6.103682011020247,0.2895756354430645
confirmation,54,5,anchor_frozen_conditioned_coarse4,6.103682011020247,0.14899022587187688,5.895555076920037,-0.0015789553994766115,0.18744721276158355,0.8180195005739005,0.1701727029141038,0.1947680461723341,False,True,True,0.4075637464318787,0.8759339296439178,6.103682011020247,0.2895756354430645
confirmation,54,5,anchor_frozen_conditioned_refined8,6.103682011020247,0.14899022587187688,5.895555076920037,-0.0015789553994766115,0.18744721276158355,0.8180195005739006,0.17017270291410388,,False,True,True,9.802955032017704e-06,0.4992346130719164,6.103682011020247,0.2895756354430645
confirmation,54,5,convex_box_conditioned_control,6.103682011020247,0.14899022587187688,5.895555076920037,-0.0015789553994766115,0.18744721276158355,0.7890882772954133,0.150569181261213,0.15056918127136212,False,True,True,0.5486727030537509,0.9999999989654706,6.103682011020247,0.008404816300689233
confirmation,54,6,moving_conditioned_gaussian,7.0,0.15588041205350167,6.948861911849544,-0.25236273813567056,0.19504989950592586,0.9925426292517979,0.47483780205685755,0.40824315374227305,True,False,False,0.09924010408974095,0.8936138198367675,7.103440829957796,0.05243958209570555
confirmation,54,6,fixed_vertical_collision_repair,7.0,0.15588041205350167,6.948861911849544,-0.25236273813567056,0.19504989950592586,0.9818262717951629,0.4082431501891723,0.40824315018917223,False,True,True,0.16068442370757025,,,
confirmation,54,6,anchor_frozen_corridor_projection,7.0,0.15588041205350167,6.948861911849544,-0.25236273813567056,0.19504989950592586,0.9925426292551098,0.47483780208820753,,False,True,True,0.06030617806992375,,,
confirmation,54,6,fixed_uniform_conditioned_coarse4,7.0,0.15588041205350167,6.948861911849544,-0.25236273813567056,0.19504989950592586,0.740913135893389,0.1260340494508714,0.4082431524244183,False,True,True,0.011194705975370289,0.6751322172055069,7.0,0.30216783668294606
confirmation,54,6,anchor_frozen_conditioned_coarse4,7.0,0.15588041205350167,6.948861911849544,-0.25236273813567056,0.19504989950592586,0.9925426292517978,0.47483780205685644,,False,True,True,0.06030617804981929,0.7858618659238279,7.0,0.30216783668294606
confirmation,54,6,anchor_frozen_conditioned_refined8,7.0,0.15588041205350167,6.948861911849544,-0.25236273813567056,0.19504989950592586,0.9925426292517978,0.47483780205685644,,False,True,True,0.01009117632316538,0.6075690932418829,7.0,0.30216783668294606
confirmation,54,6,convex_box_conditioned_control,7.0,0.15588041205350167,6.948861911849544,-0.25236273813567056,0.19504989950592586,0.9818262717867781,0.4082431501525291,0.4082431524244183,False,True,True,0.16068442365415064,0.9999999938960445,7.0,0.009592987424057287
confirmation,55,0,moving_conditioned_gaussian,1.0,-0.09796592158671497,1.0071595759981322,-0.38476248424534687,0.20213461751943704,0.9494083609999445,0.33132774094498174,0.28679683817505797,True,False,False,0.3630525968245413,0.9577972051358158,1.0,-0.24956688472629274
confirmation,55,0,fixed_vertical_collision_repair,1.0,-0.09796592158671497,1.0071595759981322,-0.38476248424534687,0.20213461751943704,0.9220270808145246,0.2867965626586319,0.2867965626586319,False,True,True,0.3598536788386409,,,
confirmation,55,0,anchor_frozen_corridor_projection,1.0,-0.09796592158671497,1.0071595759981322,-0.38476248424534687,0.20213461751943704,0.9494083608455621,0.3313277406452326,0.5095358706323871,False,True,True,0.177524056588992,,,
confirmation,55,0,fixed_uniform_conditioned_coarse4,1.0,-0.09796592158671497,1.0071595759981322,-0.38476248424534687,0.20213461751943704,0.7110135405424014,0.1124572081126446,0.2867967900433367,False,True,True,0.0594321919759989,0.6614572288839299,1.0,0.053635041552862806
confirmation,55,0,anchor_frozen_conditioned_coarse4,1.0,-0.09796592158671497,1.0071595759981322,-0.38476248424534687,0.20213461751943704,0.9494083609999446,0.331327740944982,0.5095509317440206,False,True,True,0.17752402641213577,0.8083466436343049,1.0,0.053635041552862806
confirmation,55,0,anchor_frozen_conditioned_refined8,1.0,-0.09796592158671497,1.0071595759981322,-0.38476248424534687,0.20213461751943704,0.9494083609999446,0.331327740944982,,False,True,True,0.09335840780546555,0.4583588845529191,1.0,0.053635041552862806
confirmation,55,0,convex_box_conditioned_control,1.0,-0.09796592158671497,1.0071595759981322,-0.38476248424534687,0.20213461751943704,0.9220270810848029,0.28679656303333056,0.28679679004333664,False,True,True,0.3598536162506097,0.9999999958288599,1.0,0.053635041552862806
confirmation,55,1,moving_conditioned_gaussian,2.116833542694217,-0.10676643105801327,1.9342248123821055,-0.03352514502551096,0.16130289318054525,0.30422211215137057,0.08263474398051007,0.0732412860325023,True,False,False,0.7795873890347689,1.2630142418044081,2.070537584084654,-0.21853476221628337
confirmation,55,1,fixed_vertical_collision_repair,2.116833542694217,-0.10676643105801327,1.9342248123821055,-0.03352514502551096,0.16130289318054525,0.3248926106427972,0.07324128603250232,0.07324128603250232,False,True,True,0.6169250699465015,,,
confirmation,55,1,anchor_frozen_corridor_projection,2.116833542694217,-0.10676643105801327,1.9342248123821055,-0.03352514502551096,0.16130289318054525,0.30422211215136863,0.082634743980511,0.09170169397153292,False,True,True,0.48782680722904725,,,
confirmation,55,1,fixed_uniform_conditioned_coarse4,2.116833542694217,-0.10676643105801327,1.9342248123821055,-0.03352514502551096,0.16130289318054525,0.4124463053213996,0.03568933594164032,0.0732412860325023,False,True,True,0.15180603478285595,0.5800803214698457,2.116833542694217,-0.22774360094342222
confirmation,55,1,anchor_frozen_conditioned_coarse4,2.116833542694217,-0.10676643105801327,1.9342248123821055,-0.03352514502551096,0.16130289318054525,0.30422211215137046,0.08263474398051017,0.09170169397153298,False,True,True,0.48782680722903704,0.9100723973012504,2.116833542694217,-0.22774360094342222
confirmation,55,1,anchor_frozen_conditioned_refined8,2.116833542694217,-0.10676643105801327,1.9342248123821055,-0.03352514502551096,0.16130289318054525,0.30422211215137046,0.08263474398051017,0.41467728498133205,False,True,True,0.022130699546171268,0.4700620320330744,2.116833542694217,-0.22774360094342222
confirmation,55,1,convex_box_conditioned_control,2.116833542694217,-0.10676643105801327,1.9342248123821055,-0.03352514502551096,0.16130289318054525,0.32489261064279923,0.07324128603250142,0.07324128603250227,False,True,True,0.6169250699464927,0.999999999999894,2.116833542694217,0.014210738827395666
confirmation,55,2,moving_conditioned_gaussian,3.0,-0.11556694052931157,3.0492492702393306,-0.3528816227665261,0.16568823928597506,0.9608453208660575,0.2917075547901775,0.237314682498758,True,False,False,0.34818405325306284,1.0959029781357117,2.9121305418285206,-0.20343639870079078
confirmation,55,2,fixed_vertical_collision_repair,3.0,-0.11556694052931157,3.0492492702393306,-0.3528816227665261,0.16568823928597506,0.9239705052573951,0.2373146822372146,0.23731468223721455,False,True,True,0.3554090555042867,,,
confirmation,55,2,anchor_frozen_corridor_projection,3.0,-0.11556694052931157,3.0492492702393306,-0.3528816227665261,0.16568823928597506,0.960845320866038,0.2917075547901395,,False,True,True,0.1348780842957764,,,
confirmation,55,2,fixed_uniform_conditioned_coarse4,3.0,-0.11556694052931157,3.0492492702393306,-0.3528816227665261,0.16568823928597506,0.711985252628719,0.0926518286819906,0.2373146824205177,False,True,True,0.05798480835383731,0.6468674512515198,3.0,0.008699238935169717
confirmation,55,2,anchor_frozen_conditioned_coarse4,3.0,-0.11556694052931157,3.0492492702393306,-0.3528816227665261,0.16568823928597506,0.9608453208660575,0.2917075547901775,,False,True,True,0.1348780842864323,0.7284865363428046,3.0,0.008699238935169717
confirmation,55,2,anchor_frozen_conditioned_refined8,3.0,-0.11556694052931157,3.0492492702393306,-0.3528816227665261,0.16568823928597506,0.9608453208660575,0.2917075547901775,,False,True,True,0.0838064403712801,0.46977933028983165,3.0,0.008699238935169717
confirmation,55,2,convex_box_conditioned_control,3.0,-0.11556694052931157,3.0492492702393306,-0.3528816227665261,0.16568823928597506,0.9239705052574381,0.23731468223726435,0.2373146824205177,False,True,True,0.3554090554788863,0.999999999999194,3.0,0.008699238935169717
confirmation,55,3,moving_conditioned_gaussian,4.082132546129724,-0.12436745000060989,3.9334502721079425,-0.05686425799336858,0.15720044496128813,0.3290519725884651,0.06956629992920559,0.06750319200724123,True,False,False,0.6570781509213098,1.135360068666476,4.037014041744396,-0.23329315520166072
confirmation,55,3,fixed_vertical_collision_repair,4.082132546129724,-0.12436745000060989,3.9334502721079425,-0.05686425799336858,0.15720044496128813,0.3338130198619967,0.06750319200724134,0.06750319200724128,False,True,True,0.6200313962465156,,,
confirmation,55,3,anchor_frozen_corridor_projection,4.082132546129724,-0.12436745000060989,3.9334502721079425,-0.05686425799336858,0.15720044496128813,0.329051972588464,0.06956629992920607,0.07071694168356091,False,True,True,0.5946413657722969,,,
confirmation,55,3,fixed_uniform_conditioned_coarse4,4.082132546129724,-0.12436745000060989,3.9334502721079425,-0.05686425799336858,0.15720044496128813,0.41690650993099887,0.03298281911158963,0.06750319200724128,False,True,True,0.15235312028019077,0.5512432934270337,4.082132546129724,-0.24226778372157598
confirmation,55,3,anchor_frozen_conditioned_coarse4,4.082132546129724,-0.12436745000060989,3.9334502721079425,-0.05686425799336858,0.15720044496128813,0.329051972588465,0.06956629992920559,0.07071694168356088,False,True,True,0.5946413657722922,0.9830563244944918,4.082132546129724,-0.24226778372157598
confirmation,55,3,anchor_frozen_conditioned_refined8,4.082132546129724,-0.12436745000060989,3.9334502721079425,-0.05686425799336858,0.15720044496128813,0.32905197258846497,0.06956629992920564,0.2066312464572658,False,True,True,0.06742779782253658,0.5378259418651288,4.082132546129724,-0.24226778372157598
confirmation,55,3,convex_box_conditioned_control,4.082132546129724,-0.12436745000060989,3.9334502721079425,-0.05686425799336858,0.15720044496128813,0.33381301986199774,0.06750319200724086,0.06750319200724125,False,True,True,0.620031396246511,0.9999999999999685,4.082132546129724,-0.04576722751996583
confirmation,55,4,moving_conditioned_gaussian,5.167057084059254,-0.1331679594719082,5.016135713869034,-0.21969103772945922,0.18291693291556418,0.6933996863616909,0.09246635160854182,0.08652307837550846,True,False,False,0.697825217475847,1.1879604309119518,5.1145576242648865,-0.006423051619085851
confirmation,55,4,fixed_vertical_collision_repair,5.167057084059254,-0.1331679594719082,5.016135713869034,-0.21969103772945922,0.18291693291556418,0.6818999805058139,0.08652307825755098,0.08652307825755101,False,True,True,0.614367641033192,,,
confirmation,55,4,anchor_frozen_corridor_projection,5.167057084059254,-0.1331679594719082,5.016135713869034,-0.21969103772945922,0.18291693291556418,0.6933996863523672,0.09246635160368417,0.09664634751148338,False,True,True,0.5512355649135241,,,
confirmation,55,4,fixed_uniform_conditioned_coarse4,5.167057084059254,-0.1331679594719082,5.016135713869034,-0.21969103772945922,0.18291693291556418,0.5909499902578235,0.04206895260216196,0.08652307833132827,False,True,True,0.15128466134334037,0.5630228766587411,5.167057084059254,0.004019740214764922
confirmation,55,4,anchor_frozen_conditioned_coarse4,5.167057084059254,-0.1331679594719082,5.016135713869034,-0.21969103772945922,0.18291693291556418,0.6933996863616906,0.09246635160854164,0.09664634761161378,False,True,True,0.5512355622728529,0.9566166856238666,5.167057084059254,0.004019740214764922
confirmation,55,4,anchor_frozen_conditioned_refined8,5.167057084059254,-0.1331679594719082,5.016135713869034,-0.21969103772945922,0.18291693291556418,0.6933996863616906,0.09246635160854164,0.1523741334361425,False,True,True,0.22640663548396173,0.5044890718985259,5.167057084059254,-0.27035565915858134
confirmation,55,4,convex_box_conditioned_control,5.167057084059254,-0.1331679594719082,5.016135713869034,-0.21969103772945922,0.18291693291556418,0.6818999805156468,0.08652307826259309,0.08652307833132827,False,True,True,0.6143676380321086,0.9999999997892789,5.167057084059254,0.004019740214764922
confirmation,55,5,moving_conditioned_gaussian,6.0599456820560205,-0.14196846894320653,5.913726092773718,0.05540834348896684,0.22996706123331984,0.16835057172787493,0.22093021888762734,0.19737681549296954,True,False,False,0.6387035779912816,1.1517025511866144,6.0599456820560205,0.030506826981783364
confirmation,55,5,fixed_vertical_collision_repair,6.0599456820560205,-0.14196846894320653,5.913726092773718,0.05540834348896684,0.22996706123331984,0.19536811525981057,0.19737681243217337,0.19737681243217337,False,True,True,0.5343931851795158,,,
confirmation,55,5,anchor_frozen_corridor_projection,6.0599456820560205,-0.14196846894320653,5.913726092773718,0.05540834348896684,0.22996706123331984,0.1683505598675346,0.22093022973361606,0.25742438221316044,False,True,True,0.38471424854914305,,,
confirmation,55,5,fixed_uniform_conditioned_coarse4,6.0599456820560205,-0.14196846894320653,5.913726092773718,0.05540834348896684,0.22996706123331984,0.3476840649186627,0.09005063813351077,0.19737681489486933,False,True,True,0.12421021474734172,0.6101778079897209,6.0599456820560205,-0.3144437648681964
confirmation,55,5,anchor_frozen_conditioned_coarse4,6.0599456820560205,-0.14196846894320653,5.913726092773718,0.05540834348896684,0.22996706123331984,0.16835057172787496,0.22093021888762734,0.2574243915871074,False,True,True,0.38471419598702333,0.8752455863710149,6.0599456820560205,-0.3144437648681964
confirmation,55,5,anchor_frozen_conditioned_refined8,6.0599456820560205,-0.14196846894320653,5.913726092773718,0.05540834348896684,0.22996706123331984,0.16835057172787496,0.22093021888762734,,False,True,True,0.006426420153897111,0.46063298862483887,6.0599456820560205,-0.3144437648681964
confirmation,55,5,convex_box_conditioned_control,6.0599456820560205,-0.14196846894320653,5.913726092773718,0.05540834348896684,0.22996706123331984,0.19536812983732543,0.19737680028709023,0.19737681489486936,False,True,True,0.534393112667926,0.9999991630080493,6.0599456820560205,0.030506826981783364
confirmation,55,6,moving_conditioned_gaussian,7.0,-0.15076897841450482,6.924638330232557,0.20554752937955045,0.1503343072327087,0.00295612530148894,0.4138115298563404,0.35631650779406066,True,False,False,0.05435447879298627,1.0372921739882563,7.069445394743282,-0.12200375406748436
confirmation,55,6,fixed_vertical_collision_repair,7.0,-0.15076897841450482,6.924638330232557,0.20554752937955045,0.1503343072327087,0.008890171088863091,0.3563165077940551,0.35631650779405527,False,True,True,0.10274594364046465,,,
confirmation,55,6,anchor_frozen_corridor_projection,7.0,-0.15076897841450482,6.924638330232557,0.20554752937955045,0.1503343072327087,0.00295612530148894,0.4138115298563404,,False,True,True,0.03296293522326656,,,
confirmation,55,6,fixed_uniform_conditioned_coarse4,7.0,-0.15076897841450482,6.924638330232557,0.20554752937955045,0.1503343072327087,0.25444508554443157,0.09930585110839191,0.35631650779405777,False,True,True,0.004319085420260234,0.6673750808401389,7.0,-0.26351970883903636
confirmation,55,6,anchor_frozen_conditioned_coarse4,7.0,-0.15076897841450482,6.924638330232557,0.20554752937955045,0.1503343072327087,0.0029561253014889414,0.4138115298563404,,False,True,True,0.03296293522326655,0.7497720996314858,7.0,-0.26351970883903636
confirmation,55,6,anchor_frozen_conditioned_refined8,7.0,-0.15076897841450482,6.924638330232557,0.20554752937955045,0.1503343072327087,0.002956125301488942,0.4138115298563404,,False,True,True,0.005073216493719347,0.6242916833190857,7.0,-0.26351970883903636
confirmation,55,6,convex_box_conditioned_control,7.0,-0.15076897841450482,6.924638330232557,0.20554752937955045,0.1503343072327087,0.008890171088863094,0.3563165077940551,0.35631650779405777,False,True,True,0.10274594364046462,0.9999999999996062,7.0,-0.22593613203085916
confirmation,56,0,moving_conditioned_gaussian,1.1223698991973967,-0.10434402523801314,0.9275756088152396,-0.1875376383519053,0.2040951230370519,0.6862531654273022,0.09903869771875584,0.08319361504411729,True,False,False,0.8756053569695579,1.3050771563393986,1.1223698991973967,-0.2574153675158021
confirmation,56,0,fixed_vertical_collision_repair,1.1223698991973967,-0.10434402523801314,0.9275756088152396,-0.1875376383519053,0.2040951230370519,0.6582243065510799,0.08319361311389216,0.08319361311389212,False,True,True,0.6225673077925933,,,
confirmation,56,0,anchor_frozen_corridor_projection,1.1223698991973967,-0.10434402523801314,0.9275756088152396,-0.1875376383519053,0.2040951230370519,0.6862531651657554,0.09903869756823222,0.1270879415182334,False,True,True,0.3712738340547559,,,
confirmation,56,0,fixed_uniform_conditioned_coarse4,1.1223698991973967,-0.10434402523801314,0.9275756088152396,-0.1875376383519053,0.2040951230370519,0.5791121534464146,0.040742014287713804,0.08319361468542358,False,True,True,0.1527121353601457,0.6081641060674792,1.1223698991973967,0.048727317039775786
confirmation,56,0,anchor_frozen_conditioned_coarse4,1.1223698991973967,-0.10434402523801314,0.9275756088152396,-0.1875376383519053,0.2040951230370519,0.6862531654273023,0.0990386977187559,0.12708794612114066,False,True,True,0.37127382651313035,0.8263988636409247,1.1223698991973967,0.048727317039775786
confirmation,56,0,anchor_frozen_conditioned_refined8,1.1223698991973967,-0.10434402523801314,0.9275756088152396,-0.1875376383519053,0.2040951230370519,0.6862531654273022,0.09903869771875584,0.26335167972229223,False,True,True,0.10376592178002597,0.40136633604775196,1.1223698991973967,-0.2574153675158021
confirmation,56,0,convex_box_conditioned_control,1.1223698991973967,-0.10434402523801314,0.9275756088152396,-0.1875376383519053,0.2040951230370519,0.6582243068928293,0.08319361330387331,0.08319361468542363,False,True,True,0.6225672384964994,0.9999999928517399,1.1223698991973967,0.048727317039775786
confirmation,56,1,moving_conditioned_gaussian,2.0,-0.03703963707252568,1.943741691183252,-0.44982942384551494,0.20825704672141437,0.9870348796449872,0.4638415344478061,0.41279271260309197,True,False,False,0.14458699871680217,0.9056279143870138,2.059772391090176,-0.18134295429789676
confirmation,56,1,fixed_vertical_collision_repair,2.0,-0.03703963707252568,1.943741691183252,-0.44982942384551494,0.20825704672141437,0.9762669140199791,0.4127897867729894,0.4127897867729893,False,True,True,0.1884463516394664,,,
confirmation,56,1,anchor_frozen_corridor_projection,2.0,-0.03703963707252568,1.943741691183252,-0.44982942384551494,0.20825704672141437,0.9870348795698887,0.46384153397951555,0.7311036018312334,False,True,True,0.09606595898779868,,,
confirmation,56,1,fixed_uniform_conditioned_coarse4,2.0,-0.03703963707252568,1.943741691183252,-0.44982942384551494,0.20825704672141437,0.738133457080385,0.13278501597963566,0.4127918010867778,False,True,True,0.015681982063333308,0.6654476899845435,2.0,0.11915314796853509
confirmation,56,1,anchor_frozen_conditioned_coarse4,2.0,-0.03703963707252568,1.943741691183252,-0.44982942384551494,0.20825704672141437,0.987034879644987,0.4638415344478055,0.731381249831301,False,True,True,0.09606593996504999,0.8158654982259925,2.0,0.11915314796853509
confirmation,56,1,anchor_frozen_conditioned_refined8,2.0,-0.03703963707252568,1.943741691183252,-0.44982942384551494,0.20825704672141437,0.9870348796449872,0.4638415344478061,,False,True,True,0.046998794215962626,0.47620757215661286,2.0,0.11915314796853509
confirmation,56,1,convex_box_conditioned_control,2.0,-0.03703963707252568,1.943741691183252,-0.44982942384551494,0.20825704672141437,0.9762669141607699,0.41278978729705923,0.4127918010867778,False,True,True,0.18844631373890264,0.9999999951234525,2.0,0.015024624607827913
confirmation,56,2,moving_conditioned_gaussian,2.8883771830624765,0.030264751092961797,3.075626275289319,0.01140872634596668,0.2122817301642764,0.5391485905027297,0.020864957270816668,0.018856024717158817,True,False,False,0.7790194205029248,1.2360389110247203,2.8883771830624765,-0.022805681448107303
confirmation,56,2,fixed_vertical_collision_repair,2.8883771830624765,0.030264751092961797,3.075626275289319,0.01140872634596668,0.2122817301642764,0.5353896927668945,0.018856024746995142,0.01885602474699513,False,True,True,0.6366841313063345,,,
confirmation,56,2,anchor_frozen_corridor_projection,2.8883771830624765,0.030264751092961797,3.075626275289319,0.01140872634596668,0.2122817301642764,0.5391485905931673,0.020864957319172588,0.02227137067959803,False,True,True,0.556836882404435,,,
confirmation,56,2,fixed_uniform_conditioned_coarse4,2.8883771830624765,0.030264751092961797,3.075626275289319,0.01140872634596668,0.2122817301642764,0.5176948463351568,0.009418718602301547,0.018856024727791493,False,True,True,0.15836130553684136,0.5669850528814439,2.8883771830624765,0.18947604871616908
confirmation,56,2,anchor_frozen_conditioned_coarse4,2.8883771830624765,0.030264751092961797,3.075626275289319,0.01140872634596668,0.2122817301642764,0.5391485905027298,0.020864957270816727,0.022271370665558256,False,True,True,0.5568368806449957,0.9452047770858203,2.8883771830624765,0.18947604871616908
confirmation,56,2,anchor_frozen_conditioned_refined8,2.8883771830624765,0.030264751092961797,3.075626275289319,0.01140872634596668,0.2122817301642764,0.5391485905027298,0.020864957270816727,0.416688794479371,False,True,True,0.0013368577407413204,0.3677505599438185,2.8883771830624765,0.18947604871616908
confirmation,56,2,convex_box_conditioned_control,2.8883771830624765,0.030264751092961797,3.075626275289319,0.01140872634596668,0.2122817301642764,0.5353896926703137,0.01885602469540023,0.018856024727791514,False,True,True,0.6366841284249587,0.9999999904848226,2.8883771830624765,-0.022805681448107303
confirmation,56,3,moving_conditioned_gaussian,4.081690037931357,0.09756913925844928,3.9119970511985347,-0.012844996267402875,0.2250494256997534,0.7079756692121443,0.12321017280835944,0.11041413581220974,True,False,False,0.7555467343283151,1.2325343863373817,4.081690037931357,-0.07121793001636577
confirmation,56,3,fixed_vertical_collision_repair,4.081690037931357,0.09756913925844928,3.9119970511985347,-0.012844996267402875,0.2250494256997534,0.6881529880413412,0.11041413552585215,0.11041413552585215,False,True,True,0.6118635374302632,,,
confirmation,56,3,anchor_frozen_corridor_projection,4.081690037931357,0.09756913925844928,3.9119970511985347,-0.012844996267402875,0.2250494256997534,0.7079756728282084,0.12321017517804418,0.13543799807007867,False,True,True,0.4928683130611975,,,
confirmation,56,3,fixed_uniform_conditioned_coarse4,4.081690037931357,0.09756913925844928,3.9119970511985347,-0.012844996267402875,0.2250494256997534,0.5940764920001216,0.05357165150847523,0.11041413572679819,False,True,True,0.1507230822536065,0.580102816244947,4.081690037931357,0.2663562085332643
confirmation,56,3,anchor_frozen_conditioned_coarse4,4.081690037931357,0.09756913925844928,3.9119970511985347,-0.012844996267402875,0.2250494256997534,0.7079756692121443,0.12321017280835944,0.1354379986776632,False,True,True,0.49286828962263685,0.9165770199679932,4.081690037931357,0.2663562085332643
confirmation,56,3,anchor_frozen_conditioned_refined8,4.081690037931357,0.09756913925844928,3.9119970511985347,-0.012844996267402875,0.2250494256997534,0.7079756692121442,0.12321017280835936,,False,True,True,0.0007287988056853454,0.4151770671725847,4.081690037931357,0.2663562085332643
confirmation,56,3,convex_box_conditioned_control,4.081690037931357,0.09756913925844928,3.9119970511985347,-0.012844996267402875,0.2250494256997534,0.688152984000243,0.11041413295464732,0.11041413572679816,False,True,True,0.6118635090441535,0.9999998234864608,4.081690037931357,-0.07121793001636577
confirmation,56,4,moving_conditioned_gaussian,4.940698739990471,0.16487352742393674,5.0989316719774,0.3374818787739152,0.19818112672499152,0.17342516832502716,0.18643218802013012,0.17260841114025854,True,False,False,0.6013803727333611,1.1830695395220001,4.959658898441746,0.11909965574612544
confirmation,56,4,fixed_vertical_collision_repair,4.940698739990471,0.16487352742393674,5.0989316719774,0.3374818787739152,0.19818112672499152,0.19188728447943498,0.17260835134997846,0.17260835134997848,False,True,True,0.530992056207296,,,
confirmation,56,4,anchor_frozen_corridor_projection,4.940698739990471,0.16487352742393674,5.0989316719774,0.3374818787739152,0.19818112672499152,0.17342516912937217,0.1864321873981759,0.20147834577820284,False,True,True,0.444425987112573,,,
confirmation,56,4,fixed_uniform_conditioned_coarse4,4.940698739990471,0.16487352742393674,5.0989316719774,0.3374818787739152,0.19818112672499152,0.34594364178896425,0.07853822502440691,0.1726083915602133,False,True,True,0.12289401337010382,0.5783994518578136,4.940698739990471,0.016237682380193103
confirmation,56,4,anchor_frozen_conditioned_coarse4,4.940698739990471,0.16487352742393674,5.0989316719774,0.3374818787739152,0.19818112672499152,0.17342516832502705,0.1864321880201302,0.20147842266121985,False,True,True,0.44442584867552604,0.9177837901619991,4.940698739990471,0.016237682380193103
confirmation,56,4,anchor_frozen_conditioned_refined8,4.940698739990471,0.16487352742393674,5.0989316719774,0.3374818787739152,0.19818112672499152,0.17342516832502708,0.1864321880201302,0.2708831366176409,False,True,True,0.254317857621883,0.5184908278354879,4.940698739990471,0.3135093724676804
confirmation,56,4,convex_box_conditioned_control,4.940698739990471,0.16487352742393674,5.0989316719774,0.3374818787739152,0.19818112672499152,0.19188728357792847,0.17260835200437918,0.1726083915602133,False,True,True,0.5309918868333756,0.9999999856642405,4.940698739990471,0.016237682380193103
confirmation,56,5,moving_conditioned_gaussian,6.0,0.23217791558942422,5.881897483824344,-0.24880240536887935,0.22971422221848975,0.9879883318910774,0.518408909910051,0.48098064593961476,True,False,False,0.13430809423095924,0.9443958126871641,6.065930870266237,0.07300671441361514
confirmation,56,5,fixed_vertical_collision_repair,6.0,0.23217791558942422,5.881897483824344,-0.24880240536887935,0.22971422221848975,0.9818620081815783,0.48098032095830334,0.48098032095830356,False,True,True,0.16049305914662176,,,
confirmation,56,5,anchor_frozen_corridor_projection,6.0,0.23217791558942422,5.881897483824344,-0.24880240536887935,0.22971422221848975,0.9879883386756944,0.5184089597666467,0.6434002754874157,False,True,True,0.10301634203691498,,,
confirmation,56,5,fixed_uniform_conditioned_coarse4,6.0,0.23217791558942422,5.881897483824344,-0.24880240536887935,0.22971422221848975,0.7409309989320283,0.14844552974787498,0.4809805565715531,False,True,True,0.01116644952853685,0.660503973136531,6.0,0.4044635822532915
confirmation,56,5,anchor_frozen_conditioned_coarse4,6.0,0.23217791558942422,5.881897483824344,-0.24880240536887935,0.22971422221848975,0.9879883318910775,0.5184089099100518,0.6434041536087629,False,True,True,0.10301630346587302,0.8601602716472604,6.0,0.4044635822532915
confirmation,56,5,anchor_frozen_conditioned_refined8,6.0,0.23217791558942422,5.881897483824344,-0.24880240536887935,0.22971422221848975,0.9879883318910777,0.5184089099100534,,False,True,True,0.011918175042307634,0.6114872790256349,6.0,0.4044635822532915
confirmation,56,5,convex_box_conditioned_control,6.0,0.23217791558942422,5.881897483824344,-0.24880240536887935,0.22971422221848975,0.9818619978640567,0.48098026776648933,0.4809805565715531,False,True,True,0.16049299935346206,0.9999943137454266,6.0,0.05989224892555692
confirmation,56,6,moving_conditioned_gaussian,7.0,0.2994823037549117,6.963960274793214,-0.39878403928712025,0.15379198518732407,0.9999989274747106,0.7288594874501795,0.6982663431609673,True,False,False,8.70705772153741e-05,0.9907170148266808,7.0,0.4148262926454047
confirmation,56,6,fixed_vertical_collision_repair,7.0,0.2994823037549117,6.963960274793214,-0.39878403928712025,0.15379198518732407,0.9999971916856898,0.6982663430425747,0.698266343042032,False,True,True,0.00022465628536405687,,,
confirmation,56,6,anchor_frozen_corridor_projection,7.0,0.2994823037549117,6.963960274793214,-0.39878403928712025,0.15379198518732407,0.9999989274747106,0.7288594874501795,,False,True,True,8.579028589193131e-05,,,
confirmation,56,6,fixed_uniform_conditioned_coarse4,7.0,0.2994823037549117,6.963960274793214,-0.39878403928712025,0.15379198518732407,0.7499985958428449,0.10373043811258367,0.6982663431018521,False,True,True,1.2429339966112118e-08,0.7513330458837479,7.0,0.4148262926454047
confirmation,56,6,anchor_frozen_conditioned_coarse4,7.0,0.2994823037549117,6.963960274793214,-0.39878403928712025,0.15379198518732407,0.9999989274747106,0.7288594874501795,,False,True,True,8.579028589193131e-05,0.9907135873677961,7.0,0.4148262926454047
confirmation,56,6,anchor_frozen_conditioned_refined8,7.0,0.2994823037549117,6.963960274793214,-0.39878403928712025,0.15379198518732407,0.9999989274747106,0.7288594874501795,,False,True,True,1.212753026261041e-05,0.9507706564937738,7.0,0.4148262926454047
confirmation,56,6,convex_box_conditioned_control,7.0,0.2994823037549117,6.963960274793214,-0.39878403928712025,0.15379198518732407,0.9999971916856898,0.6982663430425747,0.6982663431018522,False,True,True,0.00022465628536405687,0.99999999993587,7.0,0.18413831486441865
confirmation,57,0,moving_conditioned_gaussian,1.0,-0.2639965744609734,1.0102810529795794,0.08196267466754237,0.20294321896733622,0.02160481490350441,0.41028583769203336,0.3459592492297886,True,False,False,0.23016946400960359,0.9939808923967861,0.8923731052542776,-0.15636967971525106
confirmation,57,0,fixed_vertical_collision_repair,1.0,-0.2639965744609734,1.0102810529795794,0.08196267466754237,0.20294321896733622,0.04412430133126268,0.3459592491285159,0.3459592491285158,False,True,True,0.26785633744618964,,,
confirmation,57,0,anchor_frozen_corridor_projection,1.0,-0.2639965744609734,1.0102810529795794,0.08196267466754237,0.20294321896733622,0.02160481398006622,0.41028584131773943,,False,True,True,0.1188009367355674,,,
confirmation,57,0,fixed_uniform_conditioned_coarse4,1.0,-0.2639965744609734,1.0102810529795794,0.08196267466754237,0.20294321896733622,0.2720621516290891,0.1231029404561322,0.34595924918108995,False,True,True,0.032678571871388874,0.6264206121064322,1.0,-0.41620398868647557
confirmation,57,0,anchor_frozen_conditioned_coarse4,1.0,-0.2639965744609734,1.0102810529795794,0.08196267466754237,0.20294321896733622,0.02160481490350438,0.41028583769203336,,False,True,True,0.11880093227480554,0.713283240573894,1.0,-0.41620398868647557
confirmation,57,0,anchor_frozen_conditioned_refined8,1.0,-0.2639965744609734,1.0102810529795794,0.08196267466754237,0.20294321896733622,0.021604814903504386,0.41028583769203336,,False,True,True,0.0025082978392184855,0.5801232358813537,1.0,-0.41620398868647557
confirmation,57,0,convex_box_conditioned_control,1.0,-0.2639965744609734,1.0102810529795794,0.08196267466754237,0.20294321896733622,0.04412430325817817,0.3459592449370631,0.34595924918108995,False,True,True,0.2678563275271605,0.9999995097691037,1.0,-0.11178916023547125
confirmation,57,1,moving_conditioned_gaussian,2.1081602172744427,-0.23941314361126279,1.908827265422848,-0.32121457996669256,0.17307725154166123,0.7115327843027659,0.09655428370785875,0.08180143673050957,True,False,False,0.8473443298591192,1.2893463678177663,2.1081602172744427,-0.3692210822675087
confirmation,57,1,fixed_vertical_collision_repair,2.1081602172744427,-0.23941314361126279,1.908827265422848,-0.32121457996669256,0.17307725154166123,0.6817612782448802,0.08180143635542979,0.08180143635542977,False,True,True,0.6144215475647611,,,
confirmation,57,1,anchor_frozen_corridor_projection,2.1081602172744427,-0.23941314361126279,1.908827265422848,-0.32121457996669256,0.17307725154166123,0.7115327842657838,0.09655428368911308,0.12107064846126944,False,True,True,0.382119419794278,,,
confirmation,57,1,fixed_uniform_conditioned_coarse4,2.1081602172744427,-0.23941314361126279,1.908827265422848,-0.32121457996669256,0.17307725154166123,0.5908806391461738,0.039775037323530174,0.08180143665695963,False,True,True,0.15129622368059054,0.6065745635966334,2.1081602172744427,-0.10960520495501686
confirmation,57,1,anchor_frozen_conditioned_coarse4,2.1081602172744427,-0.23941314361126279,1.908827265422848,-0.32121457996669256,0.17307725154166123,0.7115327843027661,0.09655428370785886,0.1210706494501663,False,True,True,0.3821194185729745,0.8380007307497631,2.1081602172744427,-0.10960520495501686
confirmation,57,1,anchor_frozen_conditioned_refined8,2.1081602172744427,-0.23941314361126279,1.908827265422848,-0.32121457996669256,0.17307725154166123,0.711532784302766,0.0965542837078588,0.1412441168459634,False,True,True,0.2822074634792891,0.630201042266999,2.1081602172744427,-0.3692210822675087
confirmation,57,1,convex_box_conditioned_control,2.1081602172744427,-0.23941314361126279,1.908827265422848,-0.32121457996669256,0.17307725154166123,0.6817612782923476,0.08180143637845644,0.08180143665695963,False,True,True,0.6144215354075027,0.9999999990271059,2.1081602172744427,-0.10960520495501686
confirmation,57,2,moving_conditioned_gaussian,2.9251985420472817,-0.21482971276155216,3.1114747393050366,-0.37371135159662516,0.19792255695656247,0.8117565173885897,0.17504027317468865,0.15888179190490875,True,False,False,0.6455870284070276,1.2151093204920536,2.944133962906935,-0.16911556291293528
confirmation,57,2,fixed_vertical_collision_repair,2.9251985420472817,-0.21482971276155216,3.1114747393050366,-0.37371135159662516,0.19792255695656247,0.7889393633112847,0.15888163883507303,0.158881638835073,False,True,True,0.5488026019915149,,,
confirmation,57,2,anchor_frozen_corridor_projection,2.9251985420472817,-0.21482971276155216,3.1114747393050366,-0.37371135159662516,0.19792255695656247,0.8117565140381386,0.17504027071699135,0.19282328632277923,False,True,True,0.4405604587825416,,,
confirmation,57,2,fixed_uniform_conditioned_coarse4,2.9251985420472817,-0.21482971276155216,3.1114747393050366,-0.37371135159662516,0.19792255695656247,0.6444696835740911,0.07331684902570859,0.1588817394344219,False,True,True,0.12973206343706142,0.5803357088797142,2.9251985420472817,-0.06638779504413031
confirmation,57,2,anchor_frozen_conditioned_coarse4,2.9251985420472817,-0.21482971276155216,3.1114747393050366,-0.37371135159662516,0.19792255695656247,0.8117565173885894,0.17504027317468848,0.19282349557680467,False,True,True,0.44055999289034614,0.9033849335281917,2.9251985420472817,-0.06638779504413031
confirmation,57,2,anchor_frozen_conditioned_refined8,2.9251985420472817,-0.21482971276155216,3.1114747393050366,-0.37371135159662516,0.19792255695656247,0.8117565173885894,0.17504027317468848,0.23633501752161046,False,True,True,0.2975308612343788,0.5885386400584592,2.9251985420472817,-0.36327163047897404
confirmation,57,2,convex_box_conditioned_control,2.9251985420472817,-0.21482971276155216,3.1114747393050366,-0.37371135159662516,0.19792255695656247,0.7889393671481821,0.15888164146228748,0.1588817394344219,False,True,True,0.5488020040494411,0.9999999406097388,2.9251985420472817,-0.06638779504413031
confirmation,57,3,moving_conditioned_gaussian,4.0,-0.19024628191184156,3.9411226757703055,0.4254496706230245,0.21726440184765336,0.0010567081543562445,0.6678302131931738,0.6156999451545292,True,False,False,0.021755809525321728,0.9245951146372574,4.0,-0.3531945832975816
confirmation,57,3,fixed_vertical_collision_repair,4.0,-0.19024628191184156,3.9411226757703055,0.4254496706230245,0.21726440184765336,0.0022995050556783073,0.6156959525348654,0.6156959525348661,False,True,True,0.0413019051904548,,,
confirmation,57,3,anchor_frozen_corridor_projection,4.0,-0.19024628191184156,3.9411226757703055,0.4254496706230245,0.21726440184765336,0.0010567081057386092,0.6678302161754651,,False,True,True,0.01851215045620462,,,
confirmation,57,3,fixed_uniform_conditioned_coarse4,4.0,-0.19024628191184156,3.9411226757703055,0.4254496706230245,0.21726440184765336,0.2511497525815333,0.14575748017784795,0.6156987936267664,False,True,True,0.0006181168176115483,0.7256146578608808,4.0,-0.3531945832975816
confirmation,57,3,anchor_frozen_conditioned_coarse4,4.0,-0.19024628191184156,3.9411226757703055,0.4254496706230245,0.21726440184765336,0.0010567081543562445,0.6678302131931738,,False,True,True,0.018512149950183705,0.9235988842839625,4.0,-0.3531945832975816
confirmation,57,3,anchor_frozen_conditioned_refined8,4.0,-0.19024628191184156,3.9411226757703055,0.4254496706230245,0.21726440184765336,0.0010567081543562454,0.6678302131931738,,False,True,True,0.004398302076856531,0.7310419595025667,4.0,-0.3531945832975816
confirmation,57,3,convex_box_conditioned_control,4.0,-0.19024628191184156,3.9411226757703055,0.4254496706230245,0.21726440184765336,0.0022995051630666174,0.6156959492923049,0.6156987936267664,False,True,True,0.041301904060352765,0.9999994736694888,4.0,-0.02729798052610155
confirmation,57,4,moving_conditioned_gaussian,5.0,-0.16566285106213094,5.0286134044761015,0.44547811767643597,0.15547391786605078,1.868543786369271e-05,0.6410439505865994,0.6111409698325253,True,False,False,0.0009473886017520207,0.9607724613659102,5.0,-0.28226828946166904
confirmation,57,4,fixed_vertical_collision_repair,5.0,-0.16566285106213094,5.0286134044761015,0.44547811767643597,0.15547391786605078,4.2327204820956246e-05,0.6111409687385264,0.6111409687385669,False,True,True,0.00203168577386889,,,
confirmation,57,4,anchor_frozen_corridor_projection,5.0,-0.16566285106213094,5.0286134044761015,0.44547811767643597,0.15547391786605078,1.8685437863692466e-05,0.6410439505865994,,False,True,True,0.0008965901764808133,,,
confirmation,57,4,fixed_uniform_conditioned_coarse4,5.0,-0.16566285106213094,5.0286134044761015,0.44547811767643597,0.15547391786605078,0.2500211636024105,0.10485520984835153,0.6111409693193798,False,True,True,1.1341631929613167e-06,0.7382667883054856,5.0,-0.28226828946166904
confirmation,57,4,anchor_frozen_conditioned_coarse4,5.0,-0.16566285106213094,5.0286134044761015,0.44547811767643597,0.15547391786605078,1.86854378636927e-05,0.6410439505865994,,False,True,True,0.0008965901764808118,0.9606276314310195,5.0,-0.28226828946166904
confirmation,57,4,anchor_frozen_conditioned_refined8,5.0,-0.16566285106213094,5.0286134044761015,0.44547811767643597,0.15547391786605078,1.8685437863692696e-05,0.6410439505865994,,False,True,True,0.0002471833317933483,0.8022080155749391,5.0,-0.28226828946166904
confirmation,57,4,convex_box_conditioned_control,5.0,-0.16566285106213094,5.0286134044761015,0.44547811767643597,0.15547391786605078,4.232720482095677e-05,0.6111409687385264,0.6111409693193797,False,True,True,0.0020316857738688866,1.0000000000001712,5.0,-0.20453133052864364
confirmation,57,5,moving_conditioned_gaussian,6.0,-0.14107942021242031,6.116428893452376,-0.4429683105299608,0.15726781886736926,0.9865206296681801,0.34789445396149316,0.301888891782726,True,False,False,0.16004448446209274,1.1313315324602697,5.916596144112349,-0.22448327610007116
confirmation,57,5,fixed_vertical_collision_repair,6.0,-0.14107942021242031,6.116428893452376,-0.4429683105299608,0.15726781886736926,0.9725448074676031,0.30188889031754046,0.30188889031754046,False,True,True,0.2051773341029059,,,
confirmation,57,5,anchor_frozen_corridor_projection,6.0,-0.14107942021242031,6.116428893452376,-0.4429683105299608,0.15726781886736926,0.9865206296681766,0.347894453961477,,False,True,True,0.09453980829671794,,,
confirmation,57,5,fixed_uniform_conditioned_coarse4,6.0,-0.14107942021242031,6.116428893452376,-0.4429683105299608,0.15726781886736926,0.7362724037338052,0.09937682018042149,0.30188889111077205,False,True,True,0.018756416413607705,0.638614642688834,6.0,-0.023128556061893374
confirmation,57,5,anchor_frozen_conditioned_coarse4,6.0,-0.14107942021242031,6.116428893452376,-0.4429683105299608,0.15726781886736926,0.9865206296681801,0.34789445396149316,,False,True,True,0.09453980829425296,0.7440471390531401,6.0,-0.023128556061893374
confirmation,57,5,anchor_frozen_conditioned_refined8,6.0,-0.14107942021242031,6.116428893452376,-0.4429683105299608,0.15726781886736926,0.9865206296681801,0.34789445396149316,,False,True,True,0.07091014336757143,0.49013310961701756,6.0,-0.023128556061893374
confirmation,57,5,convex_box_conditioned_control,6.0,-0.14107942021242031,6.116428893452376,-0.4429683105299608,0.15726781886736926,0.9725448074676104,0.3018888903175587,0.30188889111077205,False,True,True,0.20517733409744254,0.9999999999998183,6.0,-0.023128556061893374
confirmation,57,6,moving_conditioned_gaussian,7.0,-0.11649598936270972,7.051035903737296,0.36551617136332326,0.17254442642834242,0.0010750737281378128,0.5294817157026852,0.48201216271930114,True,False,False,0.022225772566351033,0.8973571099358397,6.9084944995124316,-0.02499048887514152
confirmation,57,6,fixed_vertical_collision_repair,7.0,-0.11649598936270972,7.051035903737296,0.36551617136332326,0.17254442642834242,0.0026066167637587893,0.48201216072603187,0.482012160726033,False,True,True,0.04508077234105377,,,
confirmation,57,6,anchor_frozen_corridor_projection,7.0,-0.11649598936270972,7.051035903737296,0.36551617136332326,0.17254442642834242,0.0010750737281373522,0.5294817157027117,,False,True,True,0.018235779347866285,,,
confirmation,57,6,fixed_uniform_conditioned_coarse4,7.0,-0.11649598936270972,7.051035903737296,0.36551617136332326,0.17254442642834242,0.25130330838188,0.11567275950536088,0.48201216197897084,False,True,True,0.000744647002961976,0.7136449111209551,7.0,-0.24590430918396652
confirmation,57,6,anchor_frozen_conditioned_coarse4,7.0,-0.11649598936270972,7.051035903737296,0.36551617136332326,0.17254442642834242,0.0010750737281378132,0.5294817157026852,,False,True,True,0.018235779347856765,0.8902347574460696,7.0,-0.24590430918396652
confirmation,57,6,anchor_frozen_conditioned_refined8,7.0,-0.11649598936270972,7.051035903737296,0.36551617136332326,0.17254442642834242,0.0010750737281378135,0.5294817157026852,,False,True,True,0.005284647788818435,0.6893024916718554,7.0,-0.24590430918396652
confirmation,57,6,convex_box_conditioned_control,7.0,-0.11649598936270972,7.051035903737296,0.36551617136332326,0.17254442642834242,0.0026066167637599177,0.4820121607260081,0.48201216197897084,False,True,True,0.04508077234103136,0.999999999992803,7.0,0.012912330458547089
confirmation,58,0,moving_conditioned_gaussian,1.0,-0.1423610785198168,0.9492321306157041,0.12576634718618562,0.18006984322499842,0.044557489563199694,0.30613400035748034,0.26812742570771025,True,False,False,0.33513861636534625,1.0748494858076472,1.0954964554236961,-0.04686462309612066
confirmation,58,0,fixed_vertical_collision_repair,1.0,-0.1423610785198168,0.9492321306157041,0.12576634718618562,0.18006984322499842,0.06824117706364778,0.26812742570600245,0.26812742570600245,False,True,True,0.33673998275601574,,,
confirmation,58,0,anchor_frozen_corridor_projection,1.0,-0.1423610785198168,0.9492321306157041,0.12576634718618562,0.18006984322499842,0.04455748956277096,0.3061340003583016,0.4138033311943531,False,True,True,0.19470639526749145,,,
confirmation,58,0,fixed_uniform_conditioned_coarse4,1.0,-0.1423610785198168,0.9492321306157041,0.12576634718618562,0.18006984322499842,0.284120588532164,0.10275572491673726,0.26812742570719394,False,True,True,0.052065829864218184,0.6323583134651911,1.0,-0.2774134609385656
confirmation,58,0,anchor_frozen_conditioned_coarse4,1.0,-0.1423610785198168,0.9492321306157041,0.12576634718618562,0.18006984322499842,0.0445574895631997,0.30613400035748034,0.4138033313321029,False,True,True,0.19470639526549005,0.8001644308915197,1.0,-0.2774134609385656
confirmation,58,0,anchor_frozen_conditioned_refined8,1.0,-0.1423610785198168,0.9492321306157041,0.12576634718618562,0.18006984322499842,0.04455748956319971,0.30613400035748034,,False,True,True,0.0146608273736082,0.5138156548768931,1.0,-0.2774134609385656
confirmation,58,0,convex_box_conditioned_control,1.0,-0.1423610785198168,0.9492321306157041,0.12576634718618562,0.18006984322499842,0.06824117706432793,0.2681274257050722,0.26812742570719394,False,True,True,0.33673998275258965,0.9999999998531321,1.0,-0.007308696101067991
confirmation,58,1,moving_conditioned_gaussian,2.0,-0.11369993741302467,2.053606575821452,0.2690693551867823,0.18246826294785545,0.008433995441009593,0.43602115667587543,0.38276929321365916,True,False,False,0.11053255732738147,0.969058749843332,1.903231590438681,-0.01693152785170568
confirmation,58,1,fixed_vertical_collision_repair,2.0,-0.11369993741302467,2.053606575821452,0.2690693551867823,0.18246826294785545,0.01796446687031824,0.3827692925998069,0.38276929259980697,False,True,True,0.15956119616635137,,,
confirmation,58,1,anchor_frozen_corridor_projection,2.0,-0.11369993741302467,2.053606575821452,0.2690693551867823,0.18246826294785545,0.008433995440958266,0.436021156676284,,False,True,True,0.07105100138543513,,,
confirmation,58,1,fixed_uniform_conditioned_coarse4,2.0,-0.11369993741302467,2.053606575821452,0.2690693551867823,0.18246826294785545,0.2589822334352146,0.11796323213464635,0.382769292959219,False,True,True,0.011029396562322047,0.6589593767619559,2.0,-0.25055113462391626
confirmation,58,1,anchor_frozen_conditioned_coarse4,2.0,-0.11369993741302467,2.053606575821452,0.2690693551867823,0.18246826294785545,0.008433995441009593,0.43602115667587543,,False,True,True,0.07105100138492053,0.7775901425123695,2.0,-0.25055113462391626
confirmation,58,1,anchor_frozen_conditioned_refined8,2.0,-0.11369993741302467,2.053606575821452,0.2690693551867823,0.18246826294785545,0.00843399544100959,0.4360211566758763,,False,True,True,0.015555137277596007,0.5425581123855232,2.0,-0.25055113462391626
confirmation,58,1,convex_box_conditioned_control,2.0,-0.11369993741302467,2.053606575821452,0.2690693551867823,0.18246826294785545,0.017964466870429147,0.382769292599349,0.382769292959219,False,True,True,0.1595611961651947,0.9999999999069532,2.0,0.02315125979786692
confirmation,58,2,moving_conditioned_gaussian,2.8660965350777596,-0.08503879630623254,3.062468045359518,0.2070615529970391,0.19854319289373565,0.05277072369595727,0.32135454977842676,0.29210035099344167,True,False,False,0.35701148589756143,1.1377277975831623,2.8091121421807856,0.052533697869239504
confirmation,58,2,fixed_vertical_collision_repair,2.8660965350777596,-0.08503879630623254,3.062468045359518,0.2070615529970391,0.19854319289373565,0.07061606488303367,0.2921003493032717,0.29210034930327167,False,True,True,0.34258479883084353,,,
confirmation,58,2,anchor_frozen_corridor_projection,2.8660965350777596,-0.08503879630623254,3.062468045359518,0.2070615529970391,0.19854319289373565,0.05277072369121805,0.3213545497871671,0.38161939802734746,False,True,True,0.24009127941542557,,,
confirmation,58,2,fixed_uniform_conditioned_coarse4,2.8660965350777596,-0.08503879630623254,3.062468045359518,0.2070615529970391,0.19854319289373565,0.2853080324447136,0.11260266423477415,0.2921003503709425,False,True,True,0.05389047421229362,0.6044203758320111,2.8660965350777596,-0.23394619097653427
confirmation,58,2,anchor_frozen_conditioned_coarse4,2.8660965350777596,-0.08503879630623254,3.062468045359518,0.2070615529970391,0.19854319289373565,0.05277072369595727,0.32135454977842676,0.3816194081053812,False,True,True,0.24009127931384588,0.8342096659713663,2.8660965350777596,-0.23394619097653427
confirmation,58,2,anchor_frozen_conditioned_refined8,2.8660965350777596,-0.08503879630623254,3.062468045359518,0.2070615529970391,0.19854319289373565,0.052770723695957256,0.32135454977842676,,False,True,True,0.04079192896846609,0.4179037003610814,2.8660965350777596,-0.23394619097653427
confirmation,58,2,convex_box_conditioned_control,2.8660965350777596,-0.08503879630623254,3.062468045359518,0.2070615529970391,0.19854319289373565,0.07061606488942722,0.29210034929388096,0.2921003503709425,False,True,True,0.34258479868365954,0.9999999985410868,2.8660965350777596,0.06386859836406919
confirmation,58,3,moving_conditioned_gaussian,3.8447051300189736,-0.056377655199440414,4.008976219834982,-0.16277657838098705,0.2222887623791609,0.7053406963345596,0.1199967465961913,0.10639894177303857,True,False,False,0.7738366406773656,1.2541593522657233,3.8447051300189736,-0.22309422698381107
confirmation,58,3,fixed_vertical_collision_repair,3.8447051300189736,-0.056377655199440414,4.008976219834982,-0.16277657838098705,0.2222887623791609,0.6839068306666706,0.10639892318154665,0.10639892318154665,False,True,True,0.6135797540842425,,,
confirmation,58,3,anchor_frozen_corridor_projection,3.8447051300189736,-0.056377655199440414,4.008976219834982,-0.16277657838098705,0.2222887623791609,0.7053406945853956,0.1199967454686907,0.13338193268429052,False,True,True,0.4832770459035094,,,
confirmation,58,3,fixed_uniform_conditioned_coarse4,3.8447051300189736,-0.056377655199440414,4.008976219834982,-0.16277657838098705,0.2222887623791609,0.5919534163223781,0.05169831508666456,0.10639893606293752,False,True,True,0.15111294063734232,0.5809541540963618,3.8447051300189736,0.11033891658493025
confirmation,58,3,anchor_frozen_conditioned_coarse4,3.8447051300189736,-0.056377655199440414,4.008976219834982,-0.16277657838098705,0.2222887623791609,0.7053406963345594,0.11999674659619117,0.13338195542487938,False,True,True,0.4832769324674022,0.9082925958561595,3.8447051300189736,0.11033891658493025
confirmation,58,3,anchor_frozen_conditioned_refined8,3.8447051300189736,-0.056377655199440414,4.008976219834982,-0.16277657838098705,0.2222887623791609,0.7053406963345596,0.1199967465961913,0.3803370666550061,False,True,True,0.08696066763850108,0.3732567697026712,3.8447051300189736,-0.22309422698381107
confirmation,58,3,convex_box_conditioned_control,3.8447051300189736,-0.056377655199440414,4.008976219834982,-0.16277657838098705,0.2222887623791609,0.6839068326447563,0.10639892441750154,0.10639893606293749,False,True,True,0.6135794228779738,0.9999999335991121,3.8447051300189736,0.054766725990140035
confirmation,58,4,moving_conditioned_gaussian,4.723113815416274,-0.027716514092648293,4.930717616709985,-0.23979735969957028,0.19662029672114964,0.9044061786239358,0.2569972416824272,0.21208084894685958,True,False,False,0.5834296302092733,1.1941055949353585,4.6666813178998545,-0.16395661495537292
confirmation,58,4,fixed_vertical_collision_repair,4.723113815416274,-0.027716514092648293,4.930717616709985,-0.23979735969957028,0.19662029672114964,0.8596239834385848,0.21208084560692195,0.21208084560692197,False,True,True,0.47040636645942296,,,
confirmation,58,4,anchor_frozen_corridor_projection,4.723113815416274,-0.027716514092648293,4.930717616709985,-0.23979735969957028,0.19662029672114964,0.904406178619215,0.25699724167696064,0.358647686471921,False,True,True,0.25614028604151184,,,
confirmation,58,4,fixed_uniform_conditioned_coarse4,4.723113815416274,-0.027716514092648293,4.930717616709985,-0.23979735969957028,0.19662029672114964,0.679811991722979,0.09185571936155265,0.21208084762533547,False,True,True,0.09929284208225732,0.6045256385035701,4.723113815416274,0.11974870844821393
confirmation,58,4,anchor_frozen_conditioned_coarse4,4.723113815416274,-0.027716514092648293,4.930717616709985,-0.23979735969957028,0.19662029672114964,0.9044061786239358,0.2569972416824272,0.35864775720464337,False,True,True,0.2561402847389832,0.7609826248200942,4.723113815416274,0.11974870844821393
confirmation,58,4,anchor_frozen_conditioned_refined8,4.723113815416274,-0.027716514092648293,4.930717616709985,-0.23979735969957028,0.19662029672114964,0.9044061786239359,0.2569972416824273,,False,True,True,0.07700120408545003,0.35322937380271513,4.723113815416274,0.11974870844821393
confirmation,58,4,convex_box_conditioned_control,4.723113815416274,-0.027716514092648293,4.930717616709985,-0.23979735969957028,0.19662029672114964,0.8596239834459579,0.21208084561342333,0.21208084762533547,False,True,True,0.47040636395040203,0.9999999996325334,4.723113815416274,0.021438560087639117
confirmation,58,5,moving_conditioned_gaussian,5.791593750710065,0.0009446270141438319,5.930780352383004,0.24654009707447866,0.15503283611078283,0.045268123940327934,0.2624048207241988,0.24559547006051027,True,False,False,0.3171839347134846,1.1394673032001308,5.747097377320939,0.10836837512659056
confirmation,58,5,fixed_vertical_collision_repair,5.791593750710065,0.0009446270141438319,5.930780352383004,0.24654009707447866,0.15503283611078283,0.05657964544386931,0.2455954700603348,0.24559547006033483,False,True,True,0.30583370018948075,,,
confirmation,58,5,anchor_frozen_corridor_projection,5.791593750710065,0.0009446270141438319,5.930780352383004,0.24654009707447866,0.15503283611078283,0.045268123940327955,0.2624048207241988,0.2954012437078912,False,True,True,0.23589116430468204,,,
confirmation,58,5,fixed_uniform_conditioned_coarse4,5.791593750710065,0.0009446270141438319,5.930780352383004,0.24654009707447866,0.15503283611078283,0.27828982272193464,0.09114837068921083,0.24559547006044155,False,True,True,0.04287001251155859,0.5915883159283523,5.791593750710065,-0.1153300000689433
confirmation,58,5,anchor_frozen_conditioned_coarse4,5.791593750710065,0.0009446270141438319,5.930780352383004,0.24654009707447866,0.15503283611078283,0.045268123940327934,0.2624048207241988,0.2954012437087124,False,True,True,0.2358911643046807,0.8625583477677954,5.791593750710065,-0.1153300000689433
confirmation,58,5,anchor_frozen_conditioned_refined8,5.791593750710065,0.0009446270141438319,5.930780352383004,0.24654009707447866,0.15503283611078283,0.04526812394032794,0.2624048207241988,,False,True,True,0.0831914820194256,0.35800560310402907,5.791593750710065,-0.1153300000689433
confirmation,58,5,convex_box_conditioned_control,5.791593750710065,0.0009446270141438319,5.930780352383004,0.24654009707447866,0.15503283611078283,0.05657964544386928,0.2455954700603348,0.24559547006044152,False,True,True,0.3058337001894784,1.000000000000409,5.791593750710065,0.03970283604183954
confirmation,58,6,moving_conditioned_gaussian,7.0,0.029605768120935957,7.078716414529121,0.4835408907427997,0.229657555849358,0.017002523029407704,0.4868767396037529,0.45396766667969357,True,False,False,0.17066691650463675,0.966405686571591,6.934085393694243,0.18873770462277817
confirmation,58,6,fixed_vertical_collision_repair,7.0,0.029605768120935957,7.078716414529121,0.4835408907427997,0.229657555849358,0.02404490941783381,0.45393512262186403,0.45393512262186375,False,True,True,0.1898989418075574,,,
confirmation,58,6,anchor_frozen_corridor_projection,7.0,0.029605768120935957,7.078716414529121,0.4835408907427997,0.229657555849358,0.01700252608944337,0.4868767229368619,0.5812015420997071,False,True,True,0.13029179169186342,,,
confirmation,58,6,fixed_uniform_conditioned_coarse4,7.0,0.029605768120935957,7.078716414529121,0.4835408907427997,0.229657555849358,0.2620224525351414,0.1463200485549279,0.45395836100019954,False,True,True,0.015937843827334146,0.6426866909116133,7.0,-0.14263739876608256
confirmation,58,6,anchor_frozen_conditioned_coarse4,7.0,0.029605768120935957,7.078716414529121,0.4835408907427997,0.229657555849358,0.017002523029407704,0.4868767396037529,0.5813270251022553,False,True,True,0.13029126696229096,0.8580585054584782,7.0,-0.14263739876608256
confirmation,58,6,anchor_frozen_conditioned_refined8,7.0,0.029605768120935957,7.078716414529121,0.4835408907427997,0.229657555849358,0.017002523029407704,0.4868767396037529,,False,True,True,0.06102784854131963,0.40989127589903057,7.0,-0.14263739876608256
confirmation,58,6,convex_box_conditioned_control,7.0,0.029605768120935957,7.078716414529121,0.4835408907427997,0.229657555849358,0.024044905070282792,0.453935140273129,0.4539583610001996,False,True,True,0.18989816787609462,0.999999839671917,7.0,-0.027808620841403547
confirmation,59,0,moving_conditioned_gaussian,1.0,0.061676692158443125,1.0342027243980396,0.32439634039129805,0.21812458981173358,0.07863260362780221,0.30850002120166914,0.262720081267238,True,False,False,0.48603395221329115,1.0362698917163755,1.0,0.22527013451724331
confirmation,59,0,fixed_vertical_collision_repair,1.0,0.061676692158443125,1.0342027243980396,0.32439634039129805,0.21812458981173358,0.11420830335676374,0.2627196482328549,0.26271964823285493,False,True,True,0.4304168333883764,,,
confirmation,59,0,anchor_frozen_corridor_projection,1.0,0.061676692158443125,1.0342027243980396,0.32439634039129805,0.21812458981173358,0.07863260455086124,0.3085000198295569,0.46137222367638336,False,True,True,0.21411430726197914,,,
confirmation,59,0,fixed_uniform_conditioned_coarse4,1.0,0.061676692158443125,1.0342027243980396,0.32439634039129805,0.21812458981173358,0.3071041509066535,0.10995126817694577,0.2627200005258374,False,True,True,0.08414480548473996,0.6462137336991871,1.0,-0.10191675020035706
confirmation,59,0,anchor_frozen_conditioned_coarse4,1.0,0.061676692158443125,1.0342027243980396,0.32439634039129805,0.21812458981173358,0.07863260362780217,0.30850002120166914,0.4613834713426446,False,True,True,0.21411417099260494,0.7912418199196961,1.0,-0.10191675020035706
confirmation,59,0,anchor_frozen_conditioned_refined8,1.0,0.061676692158443125,1.0342027243980396,0.32439634039129805,0.21812458981173358,0.07863260362780215,0.3085000212016694,,False,True,True,0.08385381891990575,0.4125656821571017,1.0,-0.10191675020035706
confirmation,59,0,convex_box_conditioned_control,1.0,0.061676692158443125,1.0342027243980396,0.32439634039129805,0.21812458981173358,0.114208301813307,0.2627196499758784,0.2627200005258373,False,True,True,0.4304165504056823,0.9999999632425162,1.0,-0.047385602747423664
confirmation,59,1,moving_conditioned_gaussian,2.2158478294140034,0.024099470455225425,2.0088545590415468,0.26088190210666495,0.16777428077264947,0.06309008649508037,0.25658392215900006,0.2367824316679713,True,False,False,0.39019087571349625,1.2028944701497943,2.231898938821169,0.06285027647713862
confirmation,59,1,fixed_vertical_collision_repair,2.2158478294140034,0.024099470455225425,2.0088545590415468,0.26088190210666495,0.16777428077264947,0.07907581299865002,0.23678243165143964,0.23678243165143953,False,True,True,0.36234041208627016,,,
confirmation,59,1,anchor_frozen_corridor_projection,2.2158478294140034,0.024099470455225425,2.0088545590415468,0.26088190210666495,0.16777428077264947,0.06309008649508138,0.2565839221589988,0.29168453382240406,False,True,True,0.27482850844627943,,,
confirmation,59,1,fixed_uniform_conditioned_coarse4,2.2158478294140034,0.024099470455225425,2.0088545590415468,0.26088190210666495,0.16777428077264947,0.28953790649932437,0.09307029497562386,0.23678243166037066,False,True,True,0.060248239332781624,0.5823467123937095,2.2158478294140034,-0.10173124012426168
confirmation,59,1,anchor_frozen_conditioned_coarse4,2.2158478294140034,0.024099470455225425,2.0088545590415468,0.26088190210666495,0.16777428077264947,0.06309008649508034,0.2565839221590002,0.29168453388077636,False,True,True,0.274828508445511,0.8524088254726734,2.2158478294140034,-0.10173124012426168
confirmation,59,1,anchor_frozen_conditioned_refined8,2.2158478294140034,0.024099470455225425,2.0088545590415468,0.26088190210666495,0.16777428077264947,0.06309008649508037,0.25658392215900006,,False,True,True,0.10326199163672062,0.34719722718917784,2.2158478294140034,0.14993018103471253
confirmation,59,1,convex_box_conditioned_control,2.2158478294140034,0.024099470455225425,2.0088545590415468,0.26088190210666495,0.16777428077264947,0.07907581299864871,0.23678243165144097,0.23678243166037066,False,True,True,0.36234041208523615,1.0000000000002633,2.2158478294140034,-0.017844099737936943
confirmation,59,2,moving_conditioned_gaussian,3.0,-0.013477751247992276,3.0039126600963777,0.3567392730395115,0.19060758360336016,0.015825865016964175,0.40957403627806116,0.370217055602568,True,False,False,0.16368035973473455,0.9110585430036596,2.8989150638163617,0.08760718493564605
confirmation,59,2,fixed_vertical_collision_repair,3.0,-0.013477751247992276,3.0039126600963777,0.3567392730395115,0.19060758360336016,0.026050423602393406,0.3702170242875038,0.37021702428750375,False,True,True,0.19901344803426071,,,
confirmation,59,2,anchor_frozen_corridor_projection,3.0,-0.013477751247992276,3.0039126600963777,0.3567392730395115,0.19060758360336016,0.015825865017191874,0.4095740362769666,0.5581908250189451,False,True,True,0.11388581741656603,,,
confirmation,59,2,fixed_uniform_conditioned_coarse4,3.0,-0.013477751247992276,3.0039126600963777,0.3567392730395115,0.19060758360336016,0.2630252118010058,0.12085408656335123,0.37021704671951566,False,True,True,0.017591617040462092,0.6612049918489867,3.0,-0.1564334389505124
confirmation,59,2,anchor_frozen_conditioned_coarse4,3.0,-0.013477751247992276,3.0039126600963777,0.3567392730395115,0.19060758360336016,0.015825865016964164,0.40957403627806116,0.5581923301464986,False,True,True,0.11388581729944645,0.8336516457553758,3.0,-0.1564334389505124
confirmation,59,2,anchor_frozen_conditioned_refined8,3.0,-0.013477751247992276,3.0039126600963777,0.3567392730395115,0.19060758360336016,0.015825865016964168,0.40957403627806116,,False,True,True,0.04394005464934223,0.46081681843787853,3.0,-0.1564334389505124
confirmation,59,2,convex_box_conditioned_control,3.0,-0.013477751247992276,3.0039126600963777,0.3567392730395115,0.19060758360336016,0.026050423602011555,0.3702170242887068,0.37021704671951566,False,True,True,0.19901344782655178,0.9999999999205785,3.0,0.034174144652847765
confirmation,59,3,moving_conditioned_gaussian,4.0,-0.051054972951209976,4.012696192732539,-0.33633926721012264,0.2262618157890735,0.9387069056860842,0.3493502460331397,0.2852855918754106,True,False,False,0.458193212404763,0.9900948534526718,4.0,-0.22075133479301512
confirmation,59,3,fixed_vertical_collision_repair,4.0,-0.051054972951209976,4.012696192732539,-0.33633926721012264,0.2262618157890735,0.896320211667953,0.2852842942589126,0.28528429425891266,False,True,True,0.4120142502621974,,,
confirmation,59,3,anchor_frozen_corridor_projection,4.0,-0.051054972951209976,4.012696192732539,-0.33633926721012264,0.2262618157890735,0.9387069038134183,0.34935024253503694,,False,True,True,0.139126247362772,,,
confirmation,59,3,fixed_uniform_conditioned_coarse4,4.0,-0.051054972951209976,4.012696192732539,-0.33633926721012264,0.2262618157890735,0.6981601079289426,0.11745615059237303,0.2852853524641578,False,True,True,0.07741451873979999,0.6591112988843607,4.0,0.11864138889059517
confirmation,59,3,anchor_frozen_conditioned_coarse4,4.0,-0.051054972951209976,4.012696192732539,-0.33633926721012264,0.2262618157890735,0.9387069056860841,0.3493502460331394,,False,True,True,0.13912602151481693,0.7386839737578446,4.0,0.11864138889059517
confirmation,59,3,anchor_frozen_conditioned_refined8,4.0,-0.051054972951209976,4.012696192732539,-0.33633926721012264,0.2262618157890735,0.9387069056860841,0.3493502460331394,,False,True,True,0.05220769242200586,0.45453616763173776,4.0,0.11864138889059517
confirmation,59,3,convex_box_conditioned_control,4.0,-0.051054972951209976,4.012696192732539,-0.33633926721012264,0.2262618157890735,0.8963202158578851,0.28528429952055706,0.2852853524641578,False,True,True,0.4120135651861709,0.9999998844257968,4.0,0.06207593494332678
confirmation,59,4,moving_conditioned_gaussian,5.0,-0.08863219465442768,4.9882930312531135,0.4288055577768981,0.19435859915793793,0.0016958233674811514,0.5694345943389448,0.5174381439269227,True,False,False,0.03140305760630989,0.8894647362396645,5.0,-0.23440114402288112
confirmation,59,4,fixed_vertical_collision_repair,5.0,-0.08863219465442768,4.9882930312531135,0.4288055577768981,0.19435859915793793,0.0038806203674637495,0.5174377524313263,0.5174377524313258,False,True,True,0.05929351325584401,,,
confirmation,59,4,anchor_frozen_corridor_projection,5.0,-0.08863219465442768,4.9882930312531135,0.4288055577768981,0.19435859915793793,0.0016958233674381508,0.5694345943404789,,False,True,True,0.02519076147503919,,,
confirmation,59,4,fixed_uniform_conditioned_coarse4,5.0,-0.08863219465442768,4.9882930312531135,0.4288055577768981,0.19435859915793793,0.25194031018378177,0.12990857960853489,0.5174380131657859,False,True,True,0.00133519867278423,0.7112202993214011,5.0,-0.23440114402288112
confirmation,59,4,anchor_frozen_conditioned_coarse4,5.0,-0.08863219465442768,4.9882930312531135,0.4288055577768981,0.19435859915793793,0.0016958233674811546,0.5694345943389448,,False,True,True,0.025190761456015176,0.8870095524622523,5.0,-0.23440114402288112
confirmation,59,4,anchor_frozen_conditioned_refined8,5.0,-0.08863219465442768,4.9882930312531135,0.4288055577768981,0.19435859915793793,0.0016958233674811553,0.5694345943389448,,False,True,True,0.00864758437970895,0.6480462773396668,5.0,-0.23440114402288112
confirmation,59,4,convex_box_conditioned_control,5.0,-0.08863219465442768,4.9882930312531135,0.4288055577768981,0.19435859915793793,0.0038806203675635694,0.5174377524296437,0.5174380131657859,False,True,True,0.05929351321088158,0.999999999341893,5.0,0.05713675471402577
confirmation,59,5,moving_conditioned_gaussian,6.13105661810945,-0.12620941635764538,5.994719252428847,-0.3808311214086748,0.21137301332929034,0.9033606597847259,0.2749838009849022,0.2546225513782838,True,False,False,0.4677916112237943,1.1101759683200585,6.13105661810945,-0.2847391763546131
confirmation,59,5,fixed_vertical_collision_repair,6.13105661810945,-0.12620941635764538,5.994719252428847,-0.3808311214086748,0.21137301332929034,0.8858227416594956,0.25462170505102927,0.25462170505102943,False,True,True,0.4303647170604446,,,
confirmation,59,5,anchor_frozen_corridor_projection,6.13105661810945,-0.12620941635764538,5.994719252428847,-0.3808311214086748,0.21137301332929034,0.9033606571683463,0.2749837977538018,0.3057521422941649,False,True,True,0.3408953508738547,,,
confirmation,59,5,fixed_uniform_conditioned_coarse4,6.13105661810945,-0.12620941635764538,5.994719252428847,-0.3808311214086748,0.21137301332929034,0.692911372391013,0.10655730275594105,0.2546223060809192,False,True,True,0.08412544780288078,0.5957179666260733,6.13105661810945,0.032320343639322374
confirmation,59,5,anchor_frozen_conditioned_coarse4,6.13105661810945,-0.12620941635764538,5.994719252428847,-0.3808311214086748,0.21137301332929034,0.9033606597847259,0.2749838009849022,0.3057536913963315,False,True,True,0.34089494577419516,0.8889635676917584,6.13105661810945,0.032320343639322374
confirmation,59,5,anchor_frozen_conditioned_refined8,6.13105661810945,-0.12620941635764538,5.994719252428847,-0.3808311214086748,0.21137301332929034,0.9033606597847259,0.2749838009849022,0.44731092785014404,False,True,True,0.18236876698985086,0.44362319820027374,6.13105661810945,-0.2847391763546131
confirmation,59,5,convex_box_conditioned_control,6.13105661810945,-0.12620941635764538,5.994719252428847,-0.3808311214086748,0.21137301332929034,0.8858227447820258,0.25462170846881205,0.25462230608091924,False,True,True,0.4303641943039802,0.9999999556828489,6.13105661810945,0.032320343639322374
confirmation,59,6,moving_conditioned_gaussian,7.0,-0.16378663806086308,6.987401549601925,-0.41671377263709797,0.17025449797076703,0.9673127482407866,0.31372600608334156,0.2529271413154902,True,False,False,0.3144105674689925,1.0491364106144923,7.117970984494882,-0.2126518198051494
confirmation,59,6,fixed_vertical_collision_repair,7.0,-0.16378663806086308,6.987401549601925,-0.41671377263709797,0.17025449797076703,0.9313052313854566,0.25292713457623484,0.2529271345762349,False,True,True,0.33786710706521195,,,
confirmation,59,6,anchor_frozen_corridor_projection,7.0,-0.16378663806086308,6.987401549601925,-0.41671377263709797,0.17025449797076703,0.9673127482401538,0.3137260060818664,,False,True,True,0.12068893864398829,,,
confirmation,59,6,fixed_uniform_conditioned_coarse4,7.0,-0.16378663806086308,6.987401549601925,-0.41671377263709797,0.17025449797076703,0.7156526156934806,0.09704077881876168,0.25292713907036835,False,True,True,0.0524156423259181,0.6459979731193818,7.0,-0.03609576458278779
confirmation,59,6,anchor_frozen_conditioned_coarse4,7.0,-0.16378663806086308,6.987401549601925,-0.41671377263709797,0.17025449797076703,0.9673127482407868,0.31372600608334206,,False,True,True,0.1206889384278677,0.714232033891641,7.0,-0.03609576458278779
confirmation,59,6,anchor_frozen_conditioned_refined8,7.0,-0.16378663806086308,6.987401549601925,-0.41671377263709797,0.17025449797076703,0.9673127482407867,0.31372600608334167,,False,True,True,0.08817566914375588,0.5015784886093223,7.0,-0.03609576458278779
confirmation,59,6,convex_box_conditioned_control,7.0,-0.16378663806086308,6.987401549601925,-0.41671377263709797,0.17025449797076703,0.9313052313869611,0.25292713457817034,0.2529271390703683,False,True,True,0.3378671064409392,0.9999999999748636,7.0,-0.03609576458278779
confirmation,60,0,moving_conditioned_gaussian,1.0,-0.17115420773042003,1.078618278892652,0.24306408851567252,0.21243051571316013,0.014961739387381896,0.46120827290821337,0.41421833553823045,True,False,False,0.16293264703067692,0.9641278753300168,0.9390297708308513,-0.02395905356926556
confirmation,60,0,fixed_vertical_collision_repair,1.0,-0.17115420773042003,1.078618278892652,0.24306408851567252,0.21243051571316013,0.025594010129433898,0.41421829624609274,0.4142182962460926,False,True,True,0.19697273238370275,,,
confirmation,60,0,anchor_frozen_corridor_projection,1.0,-0.17115420773042003,1.078618278892652,0.24306408851567252,0.21243051571316013,0.014961739175322961,0.46120827410035165,0.6476666344267935,False,True,True,0.10954104463231726,,,
confirmation,60,0,fixed_uniform_conditioned_coarse4,1.0,-0.17115420773042003,1.078618278892652,0.24306408851567252,0.21243051571316013,0.26279700524801514,0.13483944510106233,0.4142183212747069,False,True,True,0.01721422590263641,0.6461825278951083,1.0,-0.33047709451529017
confirmation,60,0,anchor_frozen_conditioned_coarse4,1.0,-0.17115420773042003,1.078618278892652,0.24306408851567252,0.21243051571316013,0.014961739387381896,0.46120827290821337,0.6476692318965308,False,True,True,0.10954104338412336,0.8029794401399305,1.0,-0.33047709451529017
confirmation,60,0,anchor_frozen_conditioned_refined8,1.0,-0.17115420773042003,1.078618278892652,0.24306408851567252,0.21243051571316013,0.014961739387381903,0.46120827290821337,,False,True,True,0.01586505417832641,0.5431488504303501,1.0,-0.33047709451529017
confirmation,60,0,convex_box_conditioned_control,1.0,-0.17115420773042003,1.078618278892652,0.24306408851567252,0.21243051571316013,0.02559401049603031,0.41421829493958234,0.4142183212747069,False,True,True,0.19697273015210034,0.9999998315122318,1.0,-0.011831320945549922
confirmation,60,1,moving_conditioned_gaussian,2.164231122408562,-0.1905487431659098,1.9882600514856965,-0.4015958558497117,0.17630840029730857,0.8999493759473313,0.22589745809298803,0.2110471267318254,True,False,False,0.47256975625384295,1.203442649781415,2.147363546463419,-0.14982681255478725
confirmation,60,1,fixed_vertical_collision_repair,2.164231122408562,-0.1905487431659098,1.9882600514856965,-0.4015958558497117,0.17630840029730857,0.8843533077476565,0.2110471126838019,0.21104711268380189,False,True,True,0.4328182373099288,,,
confirmation,60,1,anchor_frozen_corridor_projection,2.164231122408562,-0.1905487431659098,1.9882600514856965,-0.4015958558497117,0.17630840029730857,0.8999493759289457,0.2258974580745245,0.24649210485660167,False,True,True,0.3559951833674378,,,
confirmation,60,1,fixed_uniform_conditioned_coarse4,2.164231122408562,-0.1905487431659098,1.9882600514856965,-0.4015958558497117,0.17630840029730857,0.6921766538844936,0.0885120375599728,0.21104712094845307,False,True,True,0.08503572267672828,0.575858199370572,2.164231122408562,-0.05831744294292837
confirmation,60,1,anchor_frozen_conditioned_coarse4,2.164231122408562,-0.1905487431659098,1.9882600514856965,-0.4015958558497117,0.17630840029730857,0.8999493759473312,0.22589745809298795,0.24649212609085192,False,True,True,0.3559951781905603,0.8959915475038213,2.164231122408562,-0.05831744294292837
confirmation,60,1,anchor_frozen_conditioned_refined8,2.164231122408562,-0.1905487431659098,1.9882600514856965,-0.4015958558497117,0.17630840029730857,0.8999493759473313,0.22589745809298803,0.2894699370748002,False,True,True,0.26182193307520346,0.5825459999124181,2.164231122408562,-0.3227800433888912
confirmation,60,1,convex_box_conditioned_control,2.164231122408562,-0.1905487431659098,1.9882600514856965,-0.4015958558497117,0.17630840029730857,0.8843533077689872,0.2110471127031001,0.21104712094845307,False,True,True,0.4328182308921061,0.999999999652961,2.164231122408562,-0.05831744294292837
confirmation,60,2,moving_conditioned_gaussian,3.0,-0.20994327860139958,2.89968618771556,0.3753917689687182,0.20015355296387585,0.0010271634119169166,0.6169260537403921,0.5853352602610584,True,False,False,0.023121951012182878,0.9074382773139829,3.057446586486213,-0.07125495039434557
confirmation,60,2,fixed_vertical_collision_repair,3.0,-0.20994327860139958,2.89968618771556,0.3753917689687182,0.20015355296387585,0.0017254386243520893,0.5853350475701198,0.5853350475701178,False,True,True,0.033725827640829945,,,
confirmation,60,2,anchor_frozen_corridor_projection,3.0,-0.20994327860139958,2.89968618771556,0.3753917689687182,0.20015355296387585,0.0010271634056208062,0.6169260541055646,0.7847817303328514,False,True,True,0.019985078926802964,,,
confirmation,60,2,fixed_uniform_conditioned_coarse4,3.0,-0.20994327860139958,2.89968618771556,0.3753917689687182,0.20015355296387585,0.25086271931746784,0.13445862704613665,0.5853351880404836,False,True,True,0.0004019236912009437,0.6968093713830543,3.0,-0.3600584433243065
confirmation,60,2,anchor_frozen_conditioned_coarse4,3.0,-0.20994327860139958,2.89968618771556,0.3753917689687182,0.20015355296387585,0.0010271634119169168,0.6169260537403921,0.7847888036126569,False,True,True,0.019985078878343263,0.9001397864124194,3.0,-0.3600584433243065
confirmation,60,2,anchor_frozen_conditioned_refined8,3.0,-0.20994327860139958,2.89968618771556,0.3753917689687182,0.20015355296387585,0.001027163411916917,0.6169260537403921,,False,True,True,0.004063286074698042,0.6831606953502332,3.0,-0.3600584433243065
confirmation,60,2,convex_box_conditioned_control,3.0,-0.20994327860139958,2.89968618771556,0.3753917689687182,0.20015355296387585,0.001725438634935724,0.5853350471880041,0.5853351880404836,False,True,True,0.033725827559144564,0.9999999256939684,3.0,-0.059828113878492684
confirmation,60,3,moving_conditioned_gaussian,4.0,-0.22933781403688935,3.990840666224007,0.0784816484616011,0.1736228156531015,0.020785993674240395,0.3538050180459562,0.3078194624985355,True,False,False,0.21258279118748075,1.0500424848855594,4.080203282879441,-0.1961165265213793
confirmation,60,3,fixed_vertical_collision_repair,4.0,-0.22933781403688935,3.990840666224007,0.0784816484616011,0.1736228156531015,0.03812093423389718,0.30781946249849057,0.30781946249849046,False,True,True,0.2471714285348462,,,
confirmation,60,3,anchor_frozen_corridor_projection,4.0,-0.22933781403688935,3.990840666224007,0.0784816484616011,0.1736228156531015,0.02078599367313162,0.35380501804980447,0.5668082675591848,False,True,True,0.12464641763337103,,,
confirmation,60,3,fixed_uniform_conditioned_coarse4,4.0,-0.22933781403688935,3.990840666224007,0.0784816484616011,0.1736228156531015,0.2690604671179828,0.10689209881468904,0.3078194624985167,False,True,True,0.02767335752168453,0.6339532659593804,4.0,-0.3595549257767155
confirmation,60,3,anchor_frozen_conditioned_coarse4,4.0,-0.22933781403688935,3.990840666224007,0.0784816484616011,0.1736228156531015,0.0207859936742404,0.3538050180459562,0.5668082678056516,False,True,True,0.12464641762775128,0.7587559685860149,4.0,-0.3595549257767155
confirmation,60,3,anchor_frozen_conditioned_refined8,4.0,-0.22933781403688935,3.990840666224007,0.0784816484616011,0.1736228156531015,0.020785993674240406,0.3538050180459562,,False,True,True,0.0031022681287009696,0.6133717448500771,4.0,-0.3595549257767155
confirmation,60,3,convex_box_conditioned_control,4.0,-0.22933781403688935,3.990840666224007,0.0784816484616011,0.1736228156531015,0.038120934235965645,0.30781946249415654,0.30781946249851677,False,True,True,0.247171428523822,0.9999999992365152,4.0,-0.09912070229706321
confirmation,60,4,moving_conditioned_gaussian,4.797108951430642,-0.24873234947237913,5.013805262663322,-0.17339162477634895,0.2191633072857017,0.3452087501740964,0.08729023564945333,0.07534070637356663,True,False,False,0.8401526807150008,1.337424505364331,4.797108951430642,-0.08435986900810286
confirmation,60,4,fixed_vertical_collision_repair,4.797108951430642,-0.24873234947237913,5.013805262663322,-0.17339162477634895,0.2191633072857017,0.36551142546102744,0.07534072469603019,0.07534072469603018,False,True,True,0.6288435485430717,,,
confirmation,60,4,anchor_frozen_corridor_projection,4.797108951430642,-0.24873234947237913,5.013805262663322,-0.17339162477634895,0.2191633072857017,0.3452086688945767,0.08729028398713445,0.09781896567713311,False,True,True,0.4902947397138841,,,
confirmation,60,4,fixed_uniform_conditioned_coarse4,4.797108951430642,-0.24873234947237913,5.013805262663322,-0.17339162477634895,0.2191633072857017,0.4327557587636637,0.037118045769610954,0.075340713800824,False,True,True,0.15488587192691158,0.5728654049270115,4.797108951430642,-0.4131048299366554
confirmation,60,4,anchor_frozen_conditioned_coarse4,4.797108951430642,-0.24873234947237913,5.013805262663322,-0.17339162477634895,0.2191633072857017,0.34520875017409636,0.08729023564945333,0.09781895900252069,False,True,True,0.4902941011096737,0.9031686855760022,4.797108951430642,-0.4131048299366554
confirmation,60,4,anchor_frozen_conditioned_refined8,4.797108951430642,-0.24873234947237913,5.013805262663322,-0.17339162477634895,0.2191633072857017,0.34520875017409647,0.08729023564945326,0.1644023321231196,False,True,True,0.17537123224700032,0.6077907054618648,4.797108951430642,-0.4131048299366554
confirmation,60,4,convex_box_conditioned_control,4.797108951430642,-0.24873234947237913,5.013805262663322,-0.17339162477634895,0.2191633072857017,0.36551151752732736,0.07534067103985335,0.07534071380082405,False,True,True,0.628843165845574,0.9999973819075405,4.797108951430642,-0.08435986900810286
confirmation,60,5,moving_conditioned_gaussian,6.0,-0.2681268849078689,5.925527632728669,0.03818026509858141,0.19055258191945007,0.031719431063622704,0.353685240492747,0.30630715000745007,True,False,False,0.27686081931897655,1.0497579565907524,6.101055767135886,-0.1670711177719827
confirmation,60,5,fixed_vertical_collision_repair,6.0,-0.2681268849078689,5.925527632728669,0.03818026509858141,0.19055258191945007,0.0539758877783911,0.3063071500064503,0.3063071500064503,False,True,True,0.29836840047690594,,,
confirmation,60,5,anchor_frozen_corridor_projection,6.0,-0.2681268849078689,5.925527632728669,0.03818026509858141,0.19055258191945007,0.03171943085395586,0.3536852410534497,0.5278801576232088,False,True,True,0.15639069351351947,,,
confirmation,60,5,fixed_uniform_conditioned_coarse4,6.0,-0.2681268849078689,5.925527632728669,0.03818026509858141,0.19055258191945007,0.2769879440735665,0.11277147490917087,0.3063071500071054,False,True,True,0.04076739944394258,0.6363891572710719,6.0,-0.41104132134745647
confirmation,60,5,anchor_frozen_conditioned_coarse4,6.0,-0.2681268849078689,5.925527632728669,0.03818026509858141,0.19055258191945007,0.03171943106362268,0.3536852404927473,0.5278801582303242,False,True,True,0.15639069252741253,0.7759732304397583,6.0,-0.41104132134745647
confirmation,60,5,anchor_frozen_conditioned_refined8,6.0,-0.2681268849078689,5.925527632728669,0.03818026509858141,0.19055258191945007,0.031719431063622676,0.3536852404927473,,False,True,True,0.0009023727215517982,0.637597023592873,6.0,-0.41104132134745647
confirmation,60,5,convex_box_conditioned_control,6.0,-0.2681268849078689,5.925527632728669,0.03818026509858141,0.19055258191945007,0.0539758881471331,0.3063071493653507,0.3063071500071054,False,True,True,0.29836839861685027,0.9999999175931547,6.0,-0.12521244846828133
confirmation,60,6,moving_conditioned_gaussian,7.0,-0.28752142034335865,7.1142627680946475,0.100228530917592,0.19507882794408518,0.010700675602238632,0.4488428430254878,0.38774995128678014,True,False,False,0.12744480626182528,0.9240964706093954,6.89654382842111,-0.18406524876446884
confirmation,60,6,fixed_vertical_collision_repair,7.0,-0.28752142034335865,7.1142627680946475,0.100228530917592,0.19507882794408518,0.023424775321935022,0.3877499512609507,0.3877499512609507,False,True,True,0.18700029977212806,,,
confirmation,60,6,anchor_frozen_corridor_projection,7.0,-0.28752142034335865,7.1142627680946475,0.100228530917592,0.19507882794408518,0.010700675343578662,0.44884284481018905,,False,True,True,0.07520812036838787,,,
confirmation,60,6,fixed_uniform_conditioned_coarse4,7.0,-0.28752142034335865,7.1142627680946475,0.100228530917592,0.19507882794408518,0.26171238796196195,0.12447494820667518,0.38774995127914075,False,True,True,0.015429271259734688,0.679932848672978,7.0,-0.4338305413014225
confirmation,60,6,anchor_frozen_conditioned_coarse4,7.0,-0.28752142034335865,7.1142627680946475,0.100228530917592,0.19507882794408518,0.01070067560223864,0.4488428430254878,,False,True,True,0.07520811901147073,0.8054112316336175,7.0,-0.4338305413014225
confirmation,60,6,anchor_frozen_conditioned_refined8,7.0,-0.28752142034335865,7.1142627680946475,0.100228530917592,0.19507882794408518,0.010700675602238644,0.4488428430254878,,False,True,True,0.0019977307037732433,0.7097326758382381,7.0,-0.4338305413014225
confirmation,60,6,convex_box_conditioned_control,7.0,-0.28752142034335865,7.1142627680946475,0.100228530917592,0.19507882794408518,0.023424775923923936,0.38774994913873134,0.3877499512791408,False,True,True,0.18700029640596588,0.999999705253632,7.0,-0.14121229938529475
confirmation,61,0,moving_conditioned_gaussian,0.9000381194501992,-0.17839270582272204,1.0963392318507656,-0.08696455121591085,0.20262165291480458,0.30928154011682024,0.10088286237026975,0.09142815451595714,True,False,False,0.7467835010958587,1.2362767594618336,0.9581930816568932,-0.3187912043014174
confirmation,61,0,fixed_vertical_collision_repair,0.9000381194501992,-0.17839270582272204,1.0963392318507656,-0.08696455121591085,0.20262165291480458,0.32591334220733104,0.09142815460681117,0.09142815460678713,False,True,True,0.6172949233576378,,,
confirmation,61,0,anchor_frozen_corridor_projection,0.9000381194501992,-0.17839270582272204,1.0963392318507656,-0.08696455121591085,0.20262165291480458,0.3092815390139447,0.10088286300433133,0.10852872401082364,False,True,True,0.520221623718,,,
confirmation,61,0,fixed_uniform_conditioned_coarse4,0.9000381194501992,-0.17839270582272204,1.0963392318507656,-0.08696455121591085,0.20262165291480458,0.41295667170424977,0.044565787509157885,0.09142815454902659,False,True,True,0.15187649774100576,0.5704791603818125,0.9000381194501992,-0.3303589455088255
confirmation,61,0,anchor_frozen_conditioned_coarse4,0.9000381194501992,-0.17839270582272204,1.0963392318507656,-0.08696455121591085,0.20262165291480458,0.30928154011682035,0.10088286237026975,0.10852872397504497,False,True,True,0.5202216175389469,0.9328306627109969,0.9000381194501992,-0.3303589455088255
confirmation,61,0,anchor_frozen_conditioned_refined8,0.9000381194501992,-0.17839270582272204,1.0963392318507656,-0.08696455121591085,0.20262165291480458,0.3092815401168203,0.10088286237026975,0.2758458237576655,False,True,True,0.08041971634025596,0.5438217248049133,0.9000381194501992,-0.3303589455088255
confirmation,61,0,convex_box_conditioned_control,0.9000381194501992,-0.17839270582272204,1.0963392318507656,-0.08696455121591085,0.20262165291480458,0.3259133434084996,0.09142815393136312,0.09142815454902661,False,True,True,0.6172949182879875,0.9999999545302638,0.9000381194501992,-0.026426466136618615
confirmation,61,1,moving_conditioned_gaussian,2.0,-0.12971296082343586,2.0736499092264804,0.4372815615713752,0.16809369274719427,0.00010069347888980835,0.6248496891443741,0.5669945347276129,True,False,False,0.003504520111743813,0.9236871393716662,2.0,-0.25578323038383155
confirmation,61,1,fixed_vertical_collision_repair,2.0,-0.12971296082343586,2.0736499092264804,0.4372815615713752,0.16809369274719427,0.00037165333604387453,0.5669945223948164,0.5669945223948111,False,True,True,0.010945175999629079,,,
confirmation,61,1,anchor_frozen_corridor_projection,2.0,-0.12971296082343586,2.0736499092264804,0.4372815615713752,0.16809369274719427,0.0001006934788897887,0.6248496891444209,,False,True,True,0.00294906968835771,,,
confirmation,61,1,fixed_uniform_conditioned_coarse4,2.0,-0.12971296082343586,2.0736499092264804,0.4372815615713752,0.16809369274719427,0.25018582666802197,0.11327919581215845,0.5669945283369862,False,True,True,3.749508838855734e-05,0.7314709656720927,2.0,-0.25578323038383155
confirmation,61,1,anchor_frozen_conditioned_coarse4,2.0,-0.12971296082343586,2.0736499092264804,0.4372815615713752,0.16809369274719427,0.00010069347888980809,0.6248496891443741,,False,True,True,0.0029490696883568528,0.9233643834478372,2.0,-0.25578323038383155
confirmation,61,1,anchor_frozen_conditioned_refined8,2.0,-0.12971296082343586,2.0736499092264804,0.4372815615713752,0.16809369274719427,0.00010069347888980804,0.6248496891443741,,False,True,True,0.0009251964423742537,0.7989642330390778,2.0,-0.25578323038383155
confirmation,61,1,convex_box_conditioned_control,2.0,-0.12971296082343586,2.0736499092264804,0.4372815615713752,0.16809369274719427,0.00037165333604394625,0.5669945223948026,0.566994528336986,False,True,True,0.010945175999627256,0.9999999999968632,2.0,-0.0036426912630401764
confirmation,61,2,moving_conditioned_gaussian,2.823669614173867,-0.08103321582414968,3.0158281564746,-0.11821435966811689,0.17530797670877088,0.5930071371172911,0.04124774634424721,0.03718114384434759,True,False,False,0.7822845819231224,1.2461898135776233,2.823669614173867,-0.1686872041785351
confirmation,61,2,fixed_vertical_collision_repair,2.823669614173867,-0.08103321582414968,3.0158281564746,-0.11821435966811689,0.17530797670877088,0.5839817564755757,0.0371811438439672,0.0371811438439672,False,True,True,0.6361506572182646,,,
confirmation,61,2,anchor_frozen_corridor_projection,2.823669614173867,-0.08103321582414968,3.0158281564746,-0.11821435966811689,0.17530797670877088,0.5930071371171676,0.041247746344191386,0.04410241431850906,False,True,True,0.5499269857107814,,,
confirmation,61,2,fixed_uniform_conditioned_coarse4,2.823669614173867,-0.08103321582414968,3.0158281564746,-0.11821435966811689,0.17530797670877088,0.5419908782378541,0.01848633648159604,0.037181143844200015,False,True,True,0.1572754181277412,0.5661507944193945,2.823669614173867,0.05044776670742848
confirmation,61,2,anchor_frozen_conditioned_coarse4,2.823669614173867,-0.08103321582414968,3.0158281564746,-0.11821435966811689,0.17530797670877088,0.593007137117291,0.04124774634424716,0.04410241431880821,False,True,True,0.5499269857048248,0.9424643515343215,2.823669614173867,0.05044776670742848
confirmation,61,2,anchor_frozen_conditioned_refined8,2.823669614173867,-0.08103321582414968,3.0158281564746,-0.11821435966811689,0.17530797670877088,0.593007137117291,0.04124774634424716,0.1052732783401519,False,True,True,0.10505472978379049,0.4253037127031711,2.823669614173867,-0.21251419835572785
confirmation,61,2,convex_box_conditioned_control,2.823669614173867,-0.08103321582414968,3.0158281564746,-0.11821435966811689,0.17530797670877088,0.5839817564757082,0.03718114384402672,0.037181143844200015,False,True,True,0.6361506571556989,0.9999999999961258,2.823669614173867,0.05044776670742848
confirmation,61,3,moving_conditioned_gaussian,3.817747576048534,-0.032353470824863506,3.986936666225099,-0.005884843228104231,0.20536071597126562,0.4386162624521232,0.0317237990401667,0.026468627593822208,True,False,False,0.9118152866818785,1.3224090562389974,3.817747576048534,0.0189867081679529
confirmation,61,3,fixed_vertical_collision_repair,3.817747576048534,-0.032353470824863506,3.986936666225099,-0.005884843228104231,0.20536071597126562,0.4487229517886252,0.02646862759675928,0.02646862759675929,False,True,True,0.6367341897298688,,,
confirmation,61,3,anchor_frozen_corridor_projection,3.817747576048534,-0.032353470824863506,3.986936666225099,-0.005884843228104231,0.20536071597126562,0.4386162624317129,0.03172379905079929,0.041425590673822205,False,True,True,0.3706549572387261,,,
confirmation,61,3,fixed_uniform_conditioned_coarse4,3.817747576048534,-0.032353470824863506,3.986936666225099,-0.005884843228104231,0.20536071597126562,0.47436147590766387,0.013206860939503106,0.02646862759431442,False,True,True,0.15844966834661878,0.6066217400165229,3.817747576048534,-0.18637400780331273
confirmation,61,3,anchor_frozen_conditioned_coarse4,3.817747576048534,-0.032353470824863506,3.986936666225099,-0.005884843228104231,0.20536071597126562,0.4386162624521233,0.0317237990401667,0.04142559067686443,False,True,True,0.3706549569399069,0.8166867730587927,3.817747576048534,-0.18637400780331273
confirmation,61,3,anchor_frozen_conditioned_refined8,3.817747576048534,-0.032353470824863506,3.986936666225099,-0.005884843228104231,0.20536071597126562,0.43861626245212315,0.031723799040166756,1.2709945648653913,False,True,True,0.000270458748840864,0.3468989593557022,3.817747576048534,-0.18637400780331273
confirmation,61,3,convex_box_conditioned_control,3.817747576048534,-0.032353470824863506,3.986936666225099,-0.005884843228104231,0.20536071597126562,0.4487229518153278,0.026468627582899164,0.026468627594314363,False,True,True,0.6367341880910625,0.9999999974237469,3.817747576048534,0.0189867081679529
confirmation,61,4,moving_conditioned_gaussian,4.906945454887517,0.016326274174422672,5.093065425077914,-0.11767508596835141,0.17776711997423564,0.7943936055706275,0.14608213163703182,0.134001360143497,True,False,False,0.6511213202294907,1.23296046605824,4.940959720704216,0.09844397602326
confirmation,61,4,fixed_vertical_collision_repair,4.906945454887517,0.016326274174422672,5.093065425077914,-0.11767508596835141,0.17776711997423564,0.7745161912135264,0.1340013601427741,0.13400136014277408,False,True,True,0.5607977476758081,,,
confirmation,61,4,anchor_frozen_corridor_projection,4.906945454887517,0.016326274174422672,5.093065425077914,-0.11767508596835141,0.17776711997423564,0.7943936055706288,0.1460821316370326,0.15806114259337345,False,True,True,0.46716666065130674,,,
confirmation,61,4,fixed_uniform_conditioned_coarse4,4.906945454887517,0.016326274174422672,5.093065425077914,-0.11767508596835141,0.17776711997423564,0.6372580956067626,0.06242103080113773,0.13400136014323555,False,True,True,0.13423064376099705,0.5743608426871015,4.906945454887517,0.1496516141550994
confirmation,61,4,anchor_frozen_conditioned_coarse4,4.906945454887517,0.016326274174422672,5.093065425077914,-0.11767508596835141,0.17776711997423564,0.7943936055706277,0.1460821316370319,0.15806114259444579,False,True,True,0.4671666606481155,0.9189756365971323,4.906945454887517,0.1496516141550994
confirmation,61,4,anchor_frozen_conditioned_refined8,4.906945454887517,0.016326274174422672,5.093065425077914,-0.11767508596835141,0.17776711997423564,0.7943936055706278,0.14608213163703196,,False,True,True,0.05614439976975727,0.36044705248348724,4.906945454887517,0.1496516141550994
confirmation,61,4,convex_box_conditioned_control,4.906945454887517,0.016326274174422672,5.093065425077914,-0.11767508596835141,0.17776711997423564,0.7745161912135252,0.1340013601427734,0.1340013601432355,False,True,True,0.560797747671877,0.9999999999982718,4.906945454887517,0.06076805416798158
confirmation,61,5,moving_conditioned_gaussian,6.0,0.03331931012429556,5.98444338300715,0.2585886988549079,0.15717163899417877,0.04612331475894811,0.26462422464075724,0.2252693887311602,True,False,False,0.35843599512879465,1.1311468494406716,6.072603830178988,0.06339280126466512
confirmation,61,5,fixed_vertical_collision_repair,6.0,0.03331931012429556,5.98444338300715,0.2585886988549079,0.15717163899417877,0.07589035165150677,0.22526938873061222,0.2252693887306123,False,True,True,0.3550877073705256,,,
confirmation,61,5,anchor_frozen_corridor_projection,6.0,0.03331931012429556,5.98444338300715,0.2585886988549079,0.15717163899417877,0.04612331475894811,0.26462422464075724,0.3996202868012629,False,True,True,0.18188694869192087,,,
confirmation,61,5,fixed_uniform_conditioned_coarse4,6.0,0.03331931012429556,5.98444338300715,0.2585886988549079,0.15717163899417877,0.28794517582575335,0.08792144853725371,0.22526938873098745,False,True,True,0.05788071921375864,0.633892919531708,6.0,-0.08455941912133852
confirmation,61,5,anchor_frozen_conditioned_coarse4,6.0,0.03331931012429556,5.98444338300715,0.2585886988549079,0.15717163899417877,0.04612331475894809,0.2646242246407574,0.3996202870636354,False,True,True,0.18188694869190647,0.7704978756613253,6.0,-0.08455941912133852
confirmation,61,5,anchor_frozen_conditioned_refined8,6.0,0.03331931012429556,5.98444338300715,0.2585886988549079,0.15717163899417877,0.0461233147589481,0.26462422464075724,,False,True,True,0.07496522962619628,0.40522301081529316,6.0,-0.08455941912133852
confirmation,61,5,convex_box_conditioned_control,6.0,0.03331931012429556,5.98444338300715,0.2585886988549079,0.15717163899417877,0.07589035165150673,0.2252693887306124,0.2252693887309875,False,True,True,0.35508770737049616,0.9999999999999096,6.0,-0.08455941912133852
confirmation,61,6,moving_conditioned_gaussian,7.0,0.11368576417299503,7.046039277251737,-0.35941534661963737,0.17434525868581205,0.9990107439505682,0.5393264259709267,0.4731011141883762,True,False,False,0.021935109166847946,0.910531576838001,6.919462991954896,0.08032624316776202
confirmation,61,6,fixed_vertical_collision_repair,7.0,0.11368576417299503,7.046039277251737,-0.35941534661963737,0.17434525868581205,0.9966720503753056,0.4731011107926321,0.4731011107926324,False,True,True,0.05337880586870277,,,
confirmation,61,6,anchor_frozen_corridor_projection,7.0,0.11368576417299503,7.046039277251737,-0.35941534661963737,0.17434525868581205,0.9990107439505689,0.5393264259709617,,False,True,True,0.015614949245493873,,,
confirmation,61,6,fixed_uniform_conditioned_coarse4,7.0,0.11368576417299503,7.046039277251737,-0.35941534661963737,0.17434525868581205,0.7483360251876516,0.11668276938009485,0.473101112249328,False,True,True,0.0010671653012907327,0.6840574437236187,7.0,0.24444470818735406
confirmation,61,6,anchor_frozen_conditioned_coarse4,7.0,0.11368576417299503,7.046039277251737,-0.35941534661963737,0.17434525868581205,0.9990107439505682,0.5393264259709267,,False,True,True,0.015614949245480372,0.7886556980879015,7.0,0.24444470818735406
confirmation,61,6,anchor_frozen_conditioned_refined8,7.0,0.11368576417299503,7.046039277251737,-0.35941534661963737,0.17434525868581205,0.9990107439505682,0.5393264259709267,,False,True,True,0.004509236288171113,0.6409050687636001,7.0,0.24444470818735406
confirmation,61,6,convex_box_conditioned_control,7.0,0.11368576417299503,7.046039277251737,-0.35941534661963737,0.17434525868581205,0.9966720503753034,0.47310111079259365,0.47310111224932794,False,True,True,0.0533788058686548,0.9999999999896849,7.0,-0.017073179841364
confirmation,62,0,moving_conditioned_gaussian,1.0783096999959552,0.2977503275991999,0.9232046193266483,0.12100601589042181,0.16291248543992254,0.8901378064314016,0.19993619257226383,0.1767443117087723,True,False,False,0.5386684243756846,1.1423851003558865,1.1250676318234132,0.18486669443283432
confirmation,62,0,fixed_vertical_collision_repair,1.0783096999959552,0.2977503275991999,0.9232046193266483,0.12100601589042181,0.16291248543992254,0.861017782214613,0.17674431170877805,0.17674431170877808,False,True,True,0.46845828361621966,,,
confirmation,62,0,anchor_frozen_corridor_projection,1.0783096999959552,0.2977503275991999,0.9232046193266483,0.12100601589042181,0.16291248543992254,0.8901378064368021,0.19993619257694697,0.24757607703200035,False,True,True,0.3039284473100386,,,
confirmation,62,0,fixed_uniform_conditioned_coarse4,1.0783096999959552,0.2977503275991999,0.9232046193266483,0.12100601589042181,0.16291248543992254,0.6805088911036441,0.07642588041199565,0.17674431170877342,False,True,True,0.09854174749304735,0.6274940180663116,1.0783096999959552,0.41993469167914177
confirmation,62,0,anchor_frozen_conditioned_coarse4,1.0783096999959552,0.2977503275991999,0.9232046193266483,0.12100601589042181,0.16291248543992254,0.8901378064314016,0.19993619257226383,0.24757607703200013,False,True,True,0.30392844728829366,0.84468047381267,1.0783096999959552,0.41993469167914177
confirmation,62,0,anchor_frozen_conditioned_refined8,1.0783096999959552,0.2977503275991999,0.9232046193266483,0.12100601589042181,0.16291248543992254,0.8901378064314017,0.1999361925722639,0.38184339897448877,False,True,True,0.1502580065887345,0.7493472304224099,1.0783096999959552,0.41993469167914177
confirmation,62,0,convex_box_conditioned_control,1.0783096999959552,0.2977503275991999,0.9232046193266483,0.12100601589042181,0.16291248543992254,0.8610177822072882,0.17674431170339006,0.17674431170877342,False,True,True,0.4684582835830764,0.9999999992578066,1.0783096999959552,0.175565963519258
confirmation,62,1,moving_conditioned_gaussian,2.0,0.30228796215483983,2.118044796621682,-0.3165978228808264,0.15313197621813587,0.9999843863555422,0.6376915569716306,0.6188857850380185,True,False,False,0.0008756371967304216,0.954607927933788,2.043950802698004,0.40839458610554547
confirmation,62,1,fixed_vertical_collision_repair,2.0,0.30228796215483983,2.118044796621682,-0.3165978228808264,0.15313197621813587,0.9999734469566582,0.6188857850356833,0.6188857850356662,False,True,True,0.001400696536404616,,,
confirmation,62,1,anchor_frozen_corridor_projection,2.0,0.30228796215483983,2.118044796621682,-0.3165978228808264,0.15313197621813587,0.9999843863555422,0.6376915569716306,0.777806129638018,False,True,True,0.0008235343720478916,,,
confirmation,62,1,fixed_uniform_conditioned_coarse4,2.0,0.30228796215483983,2.118044796621682,-0.3165978228808264,0.15313197621813587,0.7499867234783291,0.10327955071101996,0.6188857850371002,False,True,True,5.271396521765633e-07,0.7265303944712787,2.0,0.4171369443184417
confirmation,62,1,anchor_frozen_conditioned_coarse4,2.0,0.30228796215483983,2.118044796621682,-0.3165978228808264,0.15313197621813587,0.9999843863555422,0.6376915569716306,0.777806130192028,False,True,True,0.0008235343720478916,0.9528876854453413,2.0,0.4171369443184417
confirmation,62,1,anchor_frozen_conditioned_refined8,2.0,0.30228796215483983,2.118044796621682,-0.3165978228808264,0.15313197621813587,0.9999843863555422,0.6376915569716306,,False,True,True,9.413196178836028e-05,0.8943452083530529,2.0,0.4171369443184417
confirmation,62,1,convex_box_conditioned_control,2.0,0.30228796215483983,2.118044796621682,-0.3165978228808264,0.15313197621813587,0.9999734469566581,0.6188857850355333,0.6188857850371003,False,True,True,0.0014006965364030642,0.9999999999411023,2.0,0.18743897999123793
confirmation,62,2,moving_conditioned_gaussian,3.0,0.30682559671047976,2.8899422973965385,-0.05072296344420424,0.1727574480734711,0.992324712165751,0.4187641759968296,0.35754856015469266,True,False,False,0.10361266971558199,0.9583196408785176,3.091618472274926,0.215207124435554
confirmation,62,2,fixed_vertical_collision_repair,3.0,0.30682559671047976,2.8899422973965385,-0.05072296344420424,0.1727574480734711,0.9807577343626054,0.35754856015468417,0.357548560154684,False,True,True,0.16632258077375114,,,
confirmation,62,2,anchor_frozen_corridor_projection,3.0,0.30682559671047976,2.8899422973965385,-0.05072296344420424,0.1727574480734711,0.9923247121713357,0.4187641760424785,,False,True,True,0.05813217800679096,,,
confirmation,62,2,fixed_uniform_conditioned_coarse4,3.0,0.30682559671047976,2.8899422973965385,-0.05072296344420424,0.1727574480734711,0.740378867173814,0.11134457164525162,0.35754856015468983,False,True,True,0.012043623104139048,0.6847168057520997,3.0,0.4363936827655831
confirmation,62,2,anchor_frozen_conditioned_coarse4,3.0,0.30682559671047976,2.8899422973965385,-0.05072296344420424,0.1727574480734711,0.9923247121657508,0.4187641759968277,,False,True,True,0.058132177976468476,0.7995398521865633,3.0,0.4363936827655831
confirmation,62,2,anchor_frozen_conditioned_refined8,3.0,0.30682559671047976,2.8899422973965385,-0.05072296344420424,0.1727574480734711,0.9923247121657508,0.4187641759968277,,False,True,True,0.00045592455197380945,0.7469398649650032,3.0,0.4363936827655831
confirmation,62,2,convex_box_conditioned_control,3.0,0.30682559671047976,2.8899422973965385,-0.05072296344420424,0.1727574480734711,0.9807577343476279,0.35754856009946234,0.35754856015468983,False,True,True,0.1663225806870395,0.9999999898867618,3.0,0.17725751065537643
confirmation,62,3,moving_conditioned_gaussian,4.165273569565828,0.31136323126611976,4.00187354536453,0.3304436171882572,0.1641862809743789,0.44809262273612915,0.02142332294188289,0.019080386003525185,True,False,False,0.8013162908584334,1.2604160729602898,4.165273569565828,0.35240980150971446
confirmation,62,3,fixed_vertical_collision_repair,4.165273569565828,0.31136323126611976,4.00187354536453,0.3304436171882572,0.1641862809743789,0.4537423360800017,0.01908038592213746,0.019080385922137455,False,True,True,0.6366995895346405,,,
confirmation,62,3,anchor_frozen_corridor_projection,4.165273569565828,0.31136323126611976,4.00187354536453,0.3304436171882572,0.1641862809743789,0.44809262279934153,0.021423322915645148,0.023272039164178804,False,True,True,0.536786957143523,,,
confirmation,62,3,fixed_uniform_conditioned_coarse4,4.165273569565828,0.31136323126611976,4.00187354536453,0.3304436171882572,0.1641862809743789,0.4768711680056339,0.009524101331791197,0.019080385976738,False,True,True,0.15846783775929002,0.5720382560664584,4.165273569565828,0.1882235205353356
confirmation,62,3,anchor_frozen_conditioned_coarse4,4.165273569565828,0.31136323126611976,4.00187354536453,0.3304436171882572,0.1641862809743789,0.44809262273612926,0.021423322941882844,0.02327203922710286,False,True,True,0.5367869549023304,0.9317756847800843,4.165273569565828,0.1882235205353356
confirmation,62,3,anchor_frozen_conditioned_refined8,4.165273569565828,0.31136323126611976,4.00187354536453,0.3304436171882572,0.1641862809743789,0.4480926227361292,0.021423322941882844,0.02516619638548906,False,True,True,0.46038901681208344,0.8253385892774887,4.165273569565828,0.4345029419969039
confirmation,62,3,convex_box_conditioned_control,4.165273569565828,0.31136323126611976,4.00187354536453,0.3304436171882572,0.1641862809743789,0.4537423360112678,0.019080385950616834,0.019080385976738,False,True,True,0.6366995831316119,0.9999999982714001,4.165273569565828,0.1882235205353356
confirmation,62,4,moving_conditioned_gaussian,5.112706508815175,0.3159008658217597,4.975503824853224,0.23282177022997996,0.21504976327264852,0.6665735453152519,0.09257273050121081,0.08307905952460481,True,False,False,0.7725530407611007,1.2190968354136236,5.112706508815175,0.1546135433672733
confirmation,62,4,fixed_vertical_collision_repair,5.112706508815175,0.3159008658217597,4.975503824853224,0.23282177022997996,0.21504976327264852,0.6503719989405671,0.08307909559177974,0.08307909559177973,False,True,True,0.6248537058719756,,,
confirmation,62,4,anchor_frozen_corridor_projection,5.112706508815175,0.3159008658217597,4.975503824853224,0.23282177022997996,0.21504976327264852,0.6665737836427881,0.09257287144364126,0.10212571589978378,False,True,True,0.5014887533409227,,,
confirmation,62,4,fixed_uniform_conditioned_coarse4,5.112706508815175,0.3159008658217597,4.975503824853224,0.23282177022997996,0.21504976327264852,0.575185866652915,0.04077187659236336,0.08307906799958883,False,True,True,0.153464665768123,0.5855284831032034,5.112706508815175,0.4771881882762461
confirmation,62,4,anchor_frozen_conditioned_coarse4,5.112706508815175,0.3159008658217597,4.975503824853224,0.23282177022997996,0.21504976327264852,0.6665735453152519,0.09257273050121081,0.10212569754731773,False,True,True,0.5014875161481462,0.9184381326742196,5.112706508815175,0.4771881882762461
confirmation,62,4,anchor_frozen_conditioned_refined8,5.112706508815175,0.3159008658217597,4.975503824853224,0.23282177022997996,0.21504976327264852,0.6665735453152519,0.09257273050121081,0.13895841003585363,False,True,True,0.27624597856335453,0.7173191318606833,5.112706508815175,0.4771881882762461
confirmation,62,4,convex_box_conditioned_control,5.112706508815175,0.3159008658217597,4.975503824853224,0.23282177022997996,0.21504976327264852,0.6503717333058301,0.08307894130728521,0.08307906799958883,False,True,True,0.6248526076945876,0.9999925195871984,5.112706508815175,0.1546135433672733
confirmation,62,5,moving_conditioned_gaussian,6.167536074771437,0.3204385003773996,5.950696515598886,0.4098796260178078,0.17298625849775714,0.26770451967440256,0.10721174150738298,0.08944113312554358,True,False,False,0.8605034057817501,1.3080568699991608,6.167536074771437,0.4501781942507175
confirmation,62,5,fixed_vertical_collision_repair,6.167536074771437,0.3204385003773996,5.950696515598886,0.4098796260178078,0.17298625849775714,0.30256349157762596,0.08944112564040818,0.08944112564040818,False,True,True,0.6078750176618111,,,
confirmation,62,5,anchor_frozen_corridor_projection,6.167536074771437,0.3204385003773996,5.950696515598886,0.4098796260178078,0.17298625849775714,0.26770452036481274,0.10721174114462391,0.1395349524825581,False,True,True,0.3525126131265282,,,
confirmation,62,5,fixed_uniform_conditioned_coarse4,6.167536074771437,0.3204385003773996,5.950696515598886,0.4098796260178078,0.17298625849775714,0.4012817453261003,0.043251901396169475,0.08944113159206468,False,True,True,0.1497421938367088,0.6089822962695631,6.167536074771437,0.19069880650408177
confirmation,62,5,anchor_frozen_conditioned_coarse4,6.167536074771437,0.3204385003773996,5.950696515598886,0.4098796260178078,0.17298625849775714,0.2677045196744027,0.10721174150738291,0.13953497582459445,False,True,True,0.35251257230639493,0.816881046588525,6.167536074771437,0.19069880650408177
confirmation,62,5,anchor_frozen_conditioned_refined8,6.167536074771437,0.3204385003773996,5.950696515598886,0.4098796260178078,0.17298625849775714,0.2677045196744027,0.10721174150738291,0.14779324359355617,False,True,True,0.31397474750151083,0.7090775647243824,6.167536074771437,0.4501781942507175
confirmation,62,5,convex_box_conditioned_control,6.167536074771437,0.3204385003773996,5.950696515598886,0.4098796260178078,0.17298625849775714,0.30256349065220056,0.08944112609907086,0.08944113159206463,False,True,True,0.6078748499602957,0.9999999830568806,6.167536074771437,0.19069880650408177
confirmation,62,6,moving_conditioned_gaussian,7.0,0.3249761349330396,7.089650697811653,-0.4501893398080735,0.21705178121557042,0.9999053242191777,0.8102141761725427,0.775171474194424,True,False,False,0.0034360272455566804,0.9843582415437502,7.0,0.4877649708447174
confirmation,62,6,fixed_vertical_collision_repair,7.0,0.3249761349330396,7.089650697811653,-0.4501893398080735,0.21705178121557042,0.9998224195264979,0.7751654747411161,0.7751654747411132,False,True,True,0.006237601940328178,,,
confirmation,62,6,anchor_frozen_corridor_projection,7.0,0.3249761349330396,7.089650697811653,-0.4501893398080735,0.21705178121557042,0.9999053243288522,0.8102142394820638,1.1183077416025282,False,True,True,0.003301842213426336,,,
confirmation,62,6,fixed_uniform_conditioned_coarse4,7.0,0.3249761349330396,7.089650697811653,-0.4501893398080735,0.21705178121557042,0.7499112096598202,0.14633856070172657,0.7751700850525862,False,True,True,1.158939637912563e-05,0.7498781361085907,7.0,0.4877649708447174
confirmation,62,6,anchor_frozen_conditioned_coarse4,7.0,0.3249761349330396,7.089650697811653,-0.4501893398080735,0.21705178121557042,0.9999053242191777,0.8102141761725427,1.1188712989282212,False,True,True,0.0033018412908921496,0.9843295480557954,7.0,0.4877649708447174
confirmation,62,6,anchor_frozen_conditioned_refined8,7.0,0.3249761349330396,7.089650697811653,-0.4501893398080735,0.21705178121557042,0.9999053242191775,0.8102141761724785,,False,True,True,0.0005331912644170837,0.8699999740113913,7.0,0.4877649708447174
confirmation,62,6,convex_box_conditioned_control,7.0,0.3249761349330396,7.089650697811653,-0.4501893398080735,0.21705178121557042,0.9998224193196402,0.7751654085315425,0.7751700850525862,False,True,True,0.006237600196049731,0.9999887841367963,7.0,0.1621872990213618
confirmation,63,0,moving_conditioned_gaussian,1.0,-0.12988612617335266,1.0436024471260041,0.3354549510358925,0.2133808435878568,0.006952444991667659,0.5248552274383023,0.4653414039050261,True,False,False,0.09006924096030472,0.8852197334736566,1.0,-0.28992175886424526
confirmation,63,0,fixed_vertical_collision_repair,1.0,-0.12988612617335266,1.0436024471260041,0.3354549510358925,0.2133808435878568,0.014599083141102151,0.4653410772092453,0.46534107720924517,False,True,True,0.14053415995900698,,,
confirmation,63,0,anchor_frozen_corridor_projection,1.0,-0.12988612617335266,1.0436024471260041,0.3354549510358925,0.2133808435878568,0.006952444959022646,0.5248552277979205,,False,True,True,0.05592350089189572,,,
confirmation,63,0,fixed_uniform_conditioned_coarse4,1.0,-0.12988612617335266,1.0436024471260041,0.3354549510358925,0.2133808435878568,0.25729954160889,0.13905885369099605,0.4653413430649127,False,True,True,0.008421741933465898,0.7125306652866668,1.0,-0.28992175886424526
confirmation,63,0,anchor_frozen_conditioned_coarse4,1.0,-0.12988612617335266,1.0436024471260041,0.3354549510358925,0.2133808435878568,0.006952444991667656,0.5248552274383023,,False,True,True,0.05592350035790558,0.8776297895184234,1.0,-0.28992175886424526
confirmation,63,0,anchor_frozen_conditioned_refined8,1.0,-0.12988612617335266,1.0436024471260041,0.3354549510358925,0.2133808435878568,0.006952444991667663,0.5248552274383023,,False,True,True,0.012902156916597803,0.6595671013148073,1.0,-0.28992175886424526
confirmation,63,0,convex_box_conditioned_control,1.0,-0.12988612617335266,1.0436024471260041,0.3354549510358925,0.2133808435878568,0.014599083217780076,0.46534107676701925,0.46534134306491276,False,True,True,0.14053415861226148,0.9999999333790623,1.0,0.030149506517539948
confirmation,63,1,moving_conditioned_gaussian,2.1982412823376527,-0.14108176488047355,1.987943420224266,-0.3594819917514763,0.171343697294948,0.9202666017818443,0.2410578131205469,0.21840022824103497,True,False,False,0.44923182865224054,1.194497649240991,2.2146338808863915,-0.18065699861937654
confirmation,63,1,fixed_vertical_collision_repair,2.1982412823376527,-0.14108176488047355,1.987943420224266,-0.3594819917514763,0.171343697294948,0.8987803067452744,0.21840022687100283,0.21840022687100277,False,True,True,0.407492244772409,,,
confirmation,63,1,anchor_frozen_corridor_projection,2.1982412823376527,-0.14108176488047355,1.987943420224266,-0.3594819917514763,0.171343697294948,0.9202666017812405,0.24105781311984933,0.2794176517489819,False,True,True,0.29814067628051066,,,
confirmation,63,1,fixed_uniform_conditioned_coarse4,2.1982412823376527,-0.14108176488047355,1.987943420224266,-0.3594819917514763,0.171343697294948,0.6993901533730236,0.08955232690542272,0.21840022766888842,False,True,True,0.07578879704891743,0.5888029987003298,2.1982412823376527,-0.01257399190926256
confirmation,63,1,anchor_frozen_conditioned_coarse4,2.1982412823376527,-0.14108176488047355,1.987943420224266,-0.3594819917514763,0.171343697294948,0.9202666017818443,0.2410578131205469,0.2794176565404365,False,True,True,0.29814067604201366,0.8458085204042693,2.1982412823376527,-0.01257399190926256
confirmation,63,1,anchor_frozen_conditioned_refined8,2.1982412823376527,-0.14108176488047355,1.987943420224266,-0.3594819917514763,0.171343697294948,0.9202666017818444,0.2410578131205471,0.3643237742420661,False,True,True,0.1931177018862401,0.4827843466744143,2.1982412823376527,-0.26958953785168455
confirmation,63,1,convex_box_conditioned_control,2.1982412823376527,-0.14108176488047355,1.987943420224266,-0.3594819917514763,0.171343697294948,0.8987803067460471,0.21840022687175056,0.21840022766888842,False,True,True,0.40749224443777543,0.9999999999865593,2.1982412823376527,-0.01257399190926256
confirmation,63,2,moving_conditioned_gaussian,3.0,-0.15227740358759445,3.040213091265866,0.41340952211101756,0.2225235450987603,0.00296940781816993,0.612193548369995,0.5656917175077176,True,False,False,0.047926949470122465,0.9061683782922777,3.0,-0.3191700624116647
confirmation,63,2,fixed_vertical_collision_repair,3.0,-0.15227740358759445,3.040213091265866,0.41340952211101756,0.2225235450987603,0.0055087364355631205,0.5656869256986115,0.5656869256986121,False,True,True,0.07507895122066502,,,
confirmation,63,2,anchor_frozen_corridor_projection,3.0,-0.15227740358759445,3.040213091265866,0.41340952211101756,0.2225235450987603,0.0029694077146702746,0.6121935509106359,0.9161523143542135,False,True,True,0.039214234809923226,,,
confirmation,63,2,fixed_uniform_conditioned_coarse4,3.0,-0.15227740358759445,3.040213091265866,0.41340952211101756,0.2225235450987603,0.2527543683153254,0.14816669177029101,0.565690503580412,False,True,True,0.0022098712333294907,0.7102221654872645,3.0,-0.3191700624116647
confirmation,63,2,anchor_frozen_conditioned_coarse4,3.0,-0.15227740358759445,3.040213091265866,0.41340952211101756,0.2225235450987603,0.0029694078181699314,0.612193548369995,0.9166248780677398,False,True,True,0.039214232599268546,0.903231884145037,3.0,-0.3191700624116647
confirmation,63,2,anchor_frozen_conditioned_refined8,3.0,-0.15227740358759445,3.040213091265866,0.41340952211101756,0.2225235450987603,0.0029694078181699314,0.612193548369995,,False,True,True,0.010153141261991051,0.6438536805856597,3.0,-0.3191700624116647
confirmation,63,2,convex_box_conditioned_control,3.0,-0.15227740358759445,3.040213091265866,0.41340952211101756,0.2225235450987603,0.005508736630650729,0.5656869229443261,0.5656905035804118,False,True,True,0.07507894697629759,0.9999995813264173,3.0,0.014615255236475777
confirmation,63,3,moving_conditioned_gaussian,4.1825735876205705,-0.16347304229471535,3.972603129334357,-0.06506714777340994,0.16702509073646402,0.2486409105213828,0.11337209104305607,0.09840589452130312,True,False,False,0.7757007307173549,1.2876554251442336,4.1825735876205705,-0.03820422424236733
confirmation,63,3,fixed_vertical_collision_repair,4.1825735876205705,-0.16347304229471535,3.972603129334357,-0.06506714777340994,0.16702509073646402,0.27787417839848194,0.09840589452130544,0.09840589452130538,False,True,True,0.5956234885760413,,,
confirmation,63,3,anchor_frozen_corridor_projection,4.1825735876205705,-0.16347304229471535,3.972603129334357,-0.06506714777340994,0.16702509073646402,0.24864091052124043,0.11337209104313115,0.13020892776756515,False,True,True,0.4384292820285598,,,
confirmation,63,3,fixed_uniform_conditioned_coarse4,4.1825735876205705,-0.16347304229471535,3.972603129334357,-0.06506714777340994,0.16702509073646402,0.38893708919932524,0.047116178083611474,0.09840589452130387,False,True,True,0.1462477565138805,0.5842311821684363,4.1825735876205705,-0.2887418603470634
confirmation,63,3,anchor_frozen_conditioned_coarse4,4.1825735876205705,-0.16347304229471535,3.972603129334357,-0.06506714777340994,0.16702509073646402,0.2486409105213828,0.11337209104305607,0.13020892776756476,False,True,True,0.43842928202776155,0.880027691263145,4.1825735876205705,-0.2887418603470634
confirmation,63,3,anchor_frozen_conditioned_refined8,4.1825735876205705,-0.16347304229471535,3.972603129334357,-0.06506714777340994,0.16702509073646402,0.24864091052138274,0.1133720910430561,0.3418813088949194,False,True,True,0.0653242496821229,0.5511567565234244,4.1825735876205705,-0.2887418603470634
confirmation,63,3,convex_box_conditioned_control,4.1825735876205705,-0.16347304229471535,3.972603129334357,-0.06506714777340994,0.16702509073646402,0.27787417839865053,0.0984058945212215,0.09840589452130388,False,True,True,0.5956234885753193,0.999999999990343,4.1825735876205705,-0.03820422424236733
confirmation,63,4,moving_conditioned_gaussian,5.0,-0.17466868100183625,5.114951440039155,0.36682363523724903,0.21262446012940991,0.0028898418628605224,0.5868489471854613,0.541492930117333,True,False,False,0.04636217906425051,0.9298930957819991,5.0,-0.3341370260988937
confirmation,63,4,fixed_vertical_collision_repair,5.0,-0.17466868100183625,5.114951440039155,0.36682363523724903,0.21262446012940991,0.005437226316916446,0.5414923162390851,0.5414923162390852,False,True,True,0.07442784189447738,,,
confirmation,63,4,anchor_frozen_corridor_projection,5.0,-0.17466868100183625,5.114951440039155,0.36682363523724903,0.21262446012940991,0.002889841818173377,0.5868489482595922,0.9890934319930313,False,True,True,0.03698487520176562,,,
confirmation,63,4,fixed_uniform_conditioned_coarse4,5.0,-0.17466868100183625,5.114951440039155,0.36682363523724903,0.21262446012940991,0.2527186132023679,0.141599199697577,0.5414928177733622,False,True,True,0.002169141961937491,0.7263156424969873,5.0,-0.3341370260988937
confirmation,63,4,anchor_frozen_conditioned_coarse4,5.0,-0.17466868100183625,5.114951440039155,0.36682363523724903,0.21262446012940991,0.0028898418628605224,0.5868489471854613,0.9896056221414407,False,True,True,0.036984874811892575,0.9279690836621434,5.0,-0.3341370260988937
confirmation,63,4,anchor_frozen_conditioned_refined8,5.0,-0.17466868100183625,5.114951440039155,0.36682363523724903,0.21262446012940991,0.002889841862860521,0.5868489471854613,,False,True,True,0.008114406692126135,0.7021170930146596,5.0,-0.3341370260988937
confirmation,63,4,convex_box_conditioned_control,5.0,-0.17466868100183625,5.114951440039155,0.36682363523724903,0.21262446012940991,0.005437226404735776,0.5414923150405544,0.5414928177733622,False,True,True,0.07442784110737403,0.9999998103572499,5.0,-0.015200335904778817
confirmation,63,5,moving_conditioned_gaussian,6.133949541903454,-0.18586431970895714,5.99070059960348,-0.29400631231039553,0.1653090492497492,0.7569833753023334,0.11515954056891366,0.10814199262837373,True,False,False,0.6531905103219132,1.1999802023961184,6.086503766127526,-0.07132008435339947
confirmation,63,5,fixed_vertical_collision_repair,6.133949541903454,-0.18586431970895714,5.99070059960348,-0.29400631231039553,0.1653090492497492,0.7435023087877171,0.1081419926014384,0.10814199260143839,False,True,True,0.5829548199344314,,,
confirmation,63,5,anchor_frozen_corridor_projection,6.133949541903454,-0.18586431970895714,5.99070059960348,-0.29400631231039553,0.1653090492497492,0.7569833753016745,0.11515954056856563,0.12094049616798588,False,True,True,0.5182202291404762,,,
confirmation,63,5,fixed_uniform_conditioned_coarse4,6.133949541903454,-0.18586431970895714,5.99070059960348,-0.29400631231039553,0.1653090492497492,0.6217511543942102,0.05125955817488479,0.10814199261884941,False,True,True,0.14213073126796327,0.566578144136763,6.133949541903454,-0.06188253277164524
confirmation,63,5,anchor_frozen_conditioned_coarse4,6.133949541903454,-0.18586431970895714,5.99070059960348,-0.29400631231039553,0.1653090492497492,0.7569833753023335,0.11515954056891371,0.12094049619508837,False,True,True,0.5182202288890919,0.9484853877822764,6.133949541903454,-0.06188253277164524
confirmation,63,5,anchor_frozen_conditioned_refined8,6.133949541903454,-0.18586431970895714,5.99070059960348,-0.29400631231039553,0.1653090492497492,0.7569833753023334,0.11515954056891366,0.14891247043368358,False,True,True,0.34197615317617003,0.6288168169842483,6.133949541903454,-0.30984610664626905
confirmation,63,5,convex_box_conditioned_control,6.133949541903454,-0.18586431970895714,5.99070059960348,-0.29400631231039553,0.1653090492497492,0.7435023087884206,0.10814199260179949,0.10814199261884941,False,True,True,0.5829548196462002,0.9999999999847466,6.133949541903454,-0.06188253277164524
confirmation,63,6,moving_conditioned_gaussian,7.0,-0.19705995841607804,6.9427490546992665,0.0687785791935549,0.1816607718455679,0.0349575829733826,0.3292528627951706,0.2658385376099237,True,False,False,0.32772709903842545,1.0528165818517423,7.096340172735688,-0.10071978568039056
confirmation,63,6,fixed_vertical_collision_repair,7.0,-0.19705995841607804,6.9427490546992665,0.0687785791935549,0.1816607718455679,0.07168186666083239,0.265838537609633,0.26583853760963294,False,True,True,0.3451632771981058,,,
confirmation,63,6,anchor_frozen_corridor_projection,7.0,-0.19705995841607804,6.9427490546992665,0.0687785791935549,0.1816607718455679,0.03495758297001952,0.32925286280308497,,False,True,True,0.12396882673542987,,,
confirmation,63,6,fixed_uniform_conditioned_coarse4,7.0,-0.19705995841607804,6.9427490546992665,0.0687785791935549,0.1816607718455679,0.2858409333343593,0.10274302077762536,0.2658385376098319,False,True,True,0.054703758721232495,0.6473326138847677,7.0,-0.333305537300254
confirmation,63,6,anchor_frozen_conditioned_coarse4,7.0,-0.19705995841607804,6.9427490546992665,0.0687785791935549,0.1816607718455679,0.034957582973382625,0.3292528627951706,,False,True,True,0.12396882672144487,0.7187277387246899,7.0,-0.333305537300254
confirmation,63,6,anchor_frozen_conditioned_refined8,7.0,-0.19705995841607804,6.9427490546992665,0.0687785791935549,0.1816607718455679,0.03495758297338261,0.3292528627951706,,False,True,True,0.0027409976864583453,0.568557521366535,7.0,-0.333305537300254
confirmation,63,6,convex_box_conditioned_control,7.0,-0.19705995841607804,6.9427490546992665,0.0687785791935549,0.1816607718455679,0.07168186666871858,0.2658385375991561,0.26583853760983184,False,True,True,0.3451632771594365,0.9999999984828679,7.0,-0.06081437953190211
